-- MySQL dump 10.13  Distrib 8.0.33, for macos13 (arm64)
--
-- Host: edulearn-database.cpkusyo8gxmp.eu-north-1.rds.amazonaws.com    Database: edulearn
-- ------------------------------------------------------
-- Server version	8.0.35

/*!40101 SET @OLD_CHARACTER_SET_CLIENT=@@CHARACTER_SET_CLIENT */;
/*!40101 SET @OLD_CHARACTER_SET_RESULTS=@@CHARACTER_SET_RESULTS */;
/*!40101 SET @OLD_COLLATION_CONNECTION=@@COLLATION_CONNECTION */;
/*!50503 SET NAMES utf8 */;
/*!40103 SET @OLD_TIME_ZONE=@@TIME_ZONE */;
/*!40103 SET TIME_ZONE='+00:00' */;
/*!40014 SET @OLD_UNIQUE_CHECKS=@@UNIQUE_CHECKS, UNIQUE_CHECKS=0 */;
/*!40014 SET @OLD_FOREIGN_KEY_CHECKS=@@FOREIGN_KEY_CHECKS, FOREIGN_KEY_CHECKS=0 */;
/*!40101 SET @OLD_SQL_MODE=@@SQL_MODE, SQL_MODE='NO_AUTO_VALUE_ON_ZERO' */;
/*!40111 SET @OLD_SQL_NOTES=@@SQL_NOTES, SQL_NOTES=0 */;
SET @MYSQLDUMP_TEMP_LOG_BIN = @@SESSION.SQL_LOG_BIN;
SET @@SESSION.SQL_LOG_BIN= 0;

--
-- GTID state at the beginning of the backup 
--

SET @@GLOBAL.GTID_PURGED=/*!80000 '+'*/ '';

--
-- Table structure for table `algorithm_question_examples`
--

DROP TABLE IF EXISTS `algorithm_question_examples`;
/*!40101 SET @saved_cs_client     = @@character_set_client */;
/*!50503 SET character_set_client = utf8mb4 */;
CREATE TABLE `algorithm_question_examples` (
  `id` bigint NOT NULL AUTO_INCREMENT,
  `created_at` timestamp NULL DEFAULT NULL,
  `updated_at` timestamp NULL DEFAULT NULL,
  `explanation` varchar(255) DEFAULT NULL,
  `input` varchar(255) DEFAULT NULL,
  `output` varchar(255) DEFAULT NULL,
  `algorithm_question_id` bigint DEFAULT NULL,
  `input_arguments` varchar(255) DEFAULT NULL,
  PRIMARY KEY (`id`),
  KEY `FKdkkau2le301vbil94j296gd6g` (`algorithm_question_id`),
  CONSTRAINT `FKdkkau2le301vbil94j296gd6g` FOREIGN KEY (`algorithm_question_id`) REFERENCES `algorithm_questions` (`id`)
) ENGINE=InnoDB AUTO_INCREMENT=33 DEFAULT CHARSET=utf8mb3;
/*!40101 SET character_set_client = @saved_cs_client */;

--
-- Dumping data for table `algorithm_question_examples`
--

LOCK TABLES `algorithm_question_examples` WRITE;
/*!40000 ALTER TABLE `algorithm_question_examples` DISABLE KEYS */;
INSERT INTO `algorithm_question_examples` VALUES (1,NULL,'2024-04-09 17:49:25','The longest common subsequence is \"ace\" with a length of 3','A = \"abcde\", B = \"ace\"','3',1,'{}'),(2,NULL,'2024-04-09 17:49:25','There is no common subsequence between the two strings.','A = \"abc\", B = \"def\"','0',1,'{}'),(3,NULL,'2024-04-09 17:49:25','Because nums[0] + nums[1] == 9, we return [0, 1].','nums = [2,7,11,15], target = 9','[0, 1 ]',2,'{\"nums\":\"[ 2,7,11,15 ]\",\"target\":9}'),(4,NULL,'2024-04-09 17:49:25','Because nums[1] + nums[2] == 6, we return [1, 2].','nums = [3,2,4], target = 6','[1, 2 ]',2,'{\"nums\":\"[ 3, 2, 4 ]\",\"target\":6}'),(5,'2024-04-07 06:03:22','2024-04-07 06:03:22','10 is the maximum number in the array','[ 4, 7, 2, 8, 10, 9 ]','10',3,'{}'),(6,'2024-04-07 10:33:35','2024-04-07 10:33:35','The reversed array is obtained by swapping the elements from both ends until reaching the middle of the array.','[ 4, 7, 2, 8, 10, 9 ]','[ 9, 10, 8, 2, 7, 4 ]',4,'null'),(7,'2024-04-07 10:40:18','2024-04-07 10:40:18','The reversed array is obtained by swapping the elements from both ends until reaching the middle of the array.','[ 4, 7, 2, 8, 10, 9 ]','[ 9, 10, 8, 2, 7, 4 ]',5,'null'),(8,'2024-04-07 14:26:35','2024-04-07 14:26:35','The reversed array is obtained by swapping the elements from both ends until reaching the middle of the array.','[ 4, 7, 2, 8, 10, 9 ]','[ 9, 10, 8, 2, 7, 4 ]',6,'null'),(9,'2024-04-07 14:29:28','2024-04-07 14:29:28','The reversed array is obtained by swapping the elements from both ends until reaching the middle of the array.','[ 4, 7, 2, 8, 10, 9 ]','[ 9, 10, 8, 2, 7, 4 ]',7,'null'),(10,'2024-04-07 15:52:22','2024-04-07 15:52:22','The reversed array is obtained by swapping the elements from both ends until reaching the middle of the array.','[ 4, 7, 2, 8, 10, 9 ]','[ 9, 10, 8, 2, 7, 4 ]',8,'{\"nums\":[4,7,2,8,10,9]}'),(11,'2024-04-07 16:03:00','2024-04-07 16:03:00','10 is the largest item in the array','[4, 7, 2, 8, 10, 9]','10',9,'{\"nums\":\"[4, 7, 2, 8, 10, 9]\"}'),(12,'2024-04-07 16:04:27','2024-04-07 16:04:27','10 is the largest item in the array','[4, 7, 2, 8, 10, 9]','10',10,'{\"nums\":\"[4, 7, 2, 8, 10, 9]\"}'),(13,'2024-04-07 19:03:21','2024-04-07 19:03:21','The reversed array is obtained by swapping the elements from both ends until reaching the middle of the array.','[ 4, 7, 2, 8, 10, 9 ]','[ 9, 10, 8, 2, 7, 4 ]',11,'{\"nums\":[4,7,2,8,10,9]}'),(14,'2024-04-08 09:46:07','2024-04-08 09:46:07','test explanation','test','test',12,'{\"s\":\"random\"}'),(15,NULL,'2024-04-09 17:49:25','The two strings can be rearranged to form the same word','anagrams(\'restful\', \'fluster\'); // -> true','true',13,'{\"s1\":\"\\\"restful\\\"\",\"s2\":\"\\\"fluster\\\"\"}'),(32,NULL,'2024-04-09 16:30:13','The two strings can be rearranged to form the same word','anagrams(\'restful\', \'fluster\'); // -> true','true',NULL,'{\"s1\":\"\\\"restful\\\"\",\"s2\":\"\\\"fluster\\\"\"}');
/*!40000 ALTER TABLE `algorithm_question_examples` ENABLE KEYS */;
UNLOCK TABLES;

--
-- Table structure for table `algorithm_question_solutions`
--

DROP TABLE IF EXISTS `algorithm_question_solutions`;
/*!40101 SET @saved_cs_client     = @@character_set_client */;
/*!50503 SET character_set_client = utf8mb4 */;
CREATE TABLE `algorithm_question_solutions` (
  `id` bigint NOT NULL AUTO_INCREMENT,
  `created_at` timestamp NULL DEFAULT NULL,
  `updated_at` timestamp NULL DEFAULT NULL,
  `code` longtext,
  `description` longtext,
  `relevant_resources` varchar(255) DEFAULT NULL,
  `space_complexity` varchar(255) DEFAULT NULL,
  `time_complexity` varchar(255) DEFAULT NULL,
  `algorithm_question_id` bigint DEFAULT NULL,
  PRIMARY KEY (`id`),
  KEY `FKoc1k011oxelckvpce3kyt78we` (`algorithm_question_id`),
  CONSTRAINT `FKoc1k011oxelckvpce3kyt78we` FOREIGN KEY (`algorithm_question_id`) REFERENCES `algorithm_questions` (`id`)
) ENGINE=InnoDB AUTO_INCREMENT=28 DEFAULT CHARSET=utf8mb3;
/*!40101 SET character_set_client = @saved_cs_client */;

--
-- Dumping data for table `algorithm_question_solutions`
--

LOCK TABLES `algorithm_question_solutions` WRITE;
/*!40000 ALTER TABLE `algorithm_question_solutions` DISABLE KEYS */;
INSERT INTO `algorithm_question_solutions` VALUES (1,NULL,'2024-04-09 17:49:25','const isPrime = (n) => {\n                                   if (n < 2) return false;\n\n                                   for (let i = 2; i <= Math.sqrt(n); i += 1) {\n                                       if (n % i === 0) return false;\n                                   }\n\n                                   return true;\n                                   };','The first step is to build a hash map element -> its frequency. In Java, we use the data structure HashMap. Python provides a dictionary subclass Counter to initialize the hash map we need directly from the input array. This step takes O(N)mathcal{O}(N)O(N) time where N is a number of elements in the list','https://www.geeksforgeeks.org/dynamic-programming/','O(n)','O(n)',1),(2,'2024-04-07 14:29:28','2024-04-07 14:29:28','class Source {\n  public static double[] reverseArray(double[] numbers) {\n    int start = 0;\n    int end = numbers.length - 1;\n    while (start < end) {\n      double temp = numbers[start];\n      numbers[start] = numbers[end];\n      numbers[end] = temp;\n      start++;\n      end--;\n    }\n    return numbers;\n  }\n}','It turns out we can do it in one-pass. While we are iterating and inserting elements into the hash table, we also look back to check if current element\'s complement already exists in the hash table. If it exists, we have found a solution and return the indices immediately','https://www.geeksforgeeks.org/reverse-an-array-in-java/','O (1)','O (n)',7),(3,'2024-04-07 15:52:24','2024-04-07 15:52:24','class Source {\n  public static double[] reverseArray(double[] numbers) {\n    int start = 0;\n    int end = numbers.length - 1;\n    while (start < end) {\n      double temp = numbers[start];\n      numbers[start] = numbers[end];\n      numbers[end] = temp;\n      start++;\n      end--;\n    }\n    return numbers;\n  }\n}','It turns out we can do it in one-pass. While we are iterating and inserting elements into the hash table, we also look back to check if current element\'s complement already exists in the hash table. If it exists, we have found a solution and return the indices immediately','https://www.geeksforgeeks.org/reverse-an-array-in-java/','O (1)','O (n)',8),(4,'2024-04-07 16:03:00','2024-04-07 16:03:00','const maxValue = (nums) => {\n  let maximum = -Infinity;\n  \n  for (let num of nums) {\n    if (num > maximum) maximum = num;\n  }\n  \n  return maximum;\n};','The first step is to build a hash map element -> its frequency. In Java, we use the data structure HashMap. Python provides a dictionary subclass Counter to initialize the hash map we need directly from the input array. This step takes O(N)mathcal{O}(N)O(N) time where N is a number of elements in the list','https://www.w3schools.com/dsa/dsa_intro.php','O (n)','O (n)',9),(5,'2024-04-07 16:04:27','2024-04-07 16:04:27','const maxValue = (nums) => {\n  let maximum = -Infinity;\n  \n  for (let num of nums) {\n    if (num > maximum) maximum = num;\n  }\n  \n  return maximum;\n};','The first step is to build a hash map element -> its frequency. In Java, we use the data structure HashMap. Python provides a dictionary subclass Counter to initialize the hash map we need directly from the input array. This step takes O(N)mathcal{O}(N)O(N) time where N is a number of elements in the list','https://www.w3schools.com/dsa/dsa_intro.php','O (n)','O (n)',10),(6,'2024-04-07 19:03:21','2024-04-07 19:03:21','class Source {\n  public static double[] reverseArray(double[] numbers) {\n    int start = 0;\n    int end = numbers.length - 1;\n    while (start < end) {\n      double temp = numbers[start];\n      numbers[start] = numbers[end];\n      numbers[end] = temp;\n      start++;\n      end--;\n    }\n    return numbers;\n  }\n}','It turns out we can do it in one-pass. While we are iterating and inserting elements into the hash table, we also look back to check if current element\'s complement already exists in the hash table. If it exists, we have found a solution and return the indices immediately','https://www.geeksforgeeks.org/reverse-an-array-in-java/','O (1)','O (n)',11),(7,'2024-04-08 09:46:07','2024-04-08 09:46:07','const uncompress = (s) => {\n  let result = [];\n  const numbers = \'0123456789\';\n  let i = 0;\n  let j = 0;\n  while (j < s.length) {\n    if (numbers.includes(s[j])) {\n      j += 1;\n    } else {\n      const num = Number(s.slice(i, j));\n      for (let count = 0; count < num; count += 1) {\n        result.push(s[j]);\n      }\n      j += 1;\n      i = j;\n    }\n  }\n  return result.join(\'\');\n};\n','Random solution description','https://www.w3schools.com/dsa/dsa_intro.php','O (n)','O (n)',12),(8,NULL,'2024-04-09 17:49:25','const anagrams = (s1, s2) => {\n  const count = {};\n  for (let char of s1) {\n    if (!(char in count)) {\n      count[char] = 0;\n    }\n    count[char] += 1;\n  }\n  \n  for (let char of s2) {\n    if (count[char] === undefined) {\n      return false;\n    } else {\n      count[char] -= 1;\n    }\n  }\n  \n  for (let char in count) {\n    if (count[char] !== 0) {\n      return false;\n    }\n  }\n  \n  return true;\n};\n','Anagram solution implementation requires the use of a hashmap to construct the no of frequencies and check if the two strings match','https://www.w3schools.com/dsa/dsa_intro.php','O (n)','O (n)',13),(25,NULL,'2024-04-09 16:30:13','const anagrams = (s1, s2) => {\n  const count = {};\n  for (let char of s1) {\n    if (!(char in count)) {\n      count[char] = 0;\n    }\n    count[char] += 1;\n  }\n  \n  for (let char of s2) {\n    if (count[char] === undefined) {\n      return false;\n    } else {\n      count[char] -= 1;\n    }\n  }\n  \n  for (let char in count) {\n    if (count[char] !== 0) {\n      return false;\n    }\n  }\n  \n  return true;\n};\n','Anagram solution implementation requires the use of a hashmap to construct the no of frequencies and check if the two strings match','https://www.w3schools.com/dsa/dsa_intro.php','O (n)','O (n)',NULL),(27,'2024-04-07 14:29:28','2024-04-07 14:29:28','class Source {\n  public static double[] reverseArray(double[] numbers) {\n    int start = 0;\n    int end = numbers.length - 1;\n    while (start < end) {\n      double temp = numbers[start];\n      numbers[start] = numbers[end];\n      numbers[end] = temp;\n      start++;\n      end--;\n    }\n    return numbers;\n  }\n}','It turns out we can do it in one-pass. While we are iterating and inserting elements into the hash table, we also look back to check if current element\'s complement already exists in the hash table. If it exists, we have found a solution and return the indices immediately','https://www.geeksforgeeks.org/reverse-an-array-in-java/','O (1)','O (n)',2);
/*!40000 ALTER TABLE `algorithm_question_solutions` ENABLE KEYS */;
UNLOCK TABLES;

--
-- Table structure for table `algorithm_questions`
--

DROP TABLE IF EXISTS `algorithm_questions`;
/*!40101 SET @saved_cs_client     = @@character_set_client */;
/*!50503 SET character_set_client = utf8mb4 */;
CREATE TABLE `algorithm_questions` (
  `id` bigint NOT NULL AUTO_INCREMENT,
  `created_at` timestamp NULL DEFAULT NULL,
  `updated_at` timestamp NULL DEFAULT NULL,
  `input_description` varchar(255) DEFAULT NULL,
  `introduction` longtext,
  `java_sample_code` longtext,
  `javascript_sample_code` longtext,
  `output_description` varchar(255) DEFAULT NULL,
  `python_sample_code` longtext,
  `question_id` bigint DEFAULT NULL,
  `method_arguments` json DEFAULT NULL,
  `method_name` varchar(255) DEFAULT NULL,
  `return_type` varchar(255) DEFAULT NULL,
  PRIMARY KEY (`id`),
  UNIQUE KEY `UK_e0ewkku6q7wy9wnyxfwtqnoko` (`question_id`),
  CONSTRAINT `FKihcs85s6hgpox5y4y1h67wjcn` FOREIGN KEY (`question_id`) REFERENCES `questions` (`id`)
) ENGINE=InnoDB AUTO_INCREMENT=31 DEFAULT CHARSET=utf8mb3;
/*!40101 SET character_set_client = @saved_cs_client */;

--
-- Dumping data for table `algorithm_questions`
--

LOCK TABLES `algorithm_questions` WRITE;
/*!40000 ALTER TABLE `algorithm_questions` DISABLE KEYS */;
INSERT INTO `algorithm_questions` VALUES (1,NULL,'2024-04-09 17:49:25','Two strings A and B, each consisting of lowercase English letters.','You are given two strings, A and B. Your task is to find the length of the longest common subsequence (LCS) between the two strings. A subsequence is a sequence that can be derived from another sequence by deleting some or no elements without changing the order of the remaining elements.','class Solution {\n	public int longestCommonSubsequence(String n) {\n		//todo;\n	}\n}','const longestCommonSubsequence = (n) => {\n	 //todo \n}','An integer representing the length of the longest common subsequence between A and B.','def longestCommonSubsequence(n):\n	pass #todo',5,'null',NULL,NULL),(2,NULL,'2024-04-09 17:49:25',NULL,'Given an array of intervals where intervals[i] = [starti, endi], merge all overlapping intervals, and return an array of the non-overlapping intervals that cover all the intervals in the input.','class Solution {\n    public int[] twoSum(int[] nums, int target) {\n        \n    }\n}','/**\n * @param {number[]} nums\n * @param {number} target\n * @return {number[]}\n */\nvar twoSum = function(nums, target) {\n    \n};',NULL,'class Solution(object):\n    def twoSum(self, nums, target):\n        \"\"\"\n        :type nums: List[int]\n        :type target: int\n        :rtype: List[int]\n        \"\"\"\n        ',7,'[{\"name\": \"nums\", \"type\": \"intArray\"}, {\"name\": \"target\", \"type\": \"int\"}]','twoSum','String'),(3,'2024-04-07 06:03:22','2024-04-07 06:03:22','','Write a method, maxValue, that takes in an array of numbers as an argument. The method should return the largest number in the array.  Solve this without using any built-in array methods.  You can assume that the array is non-empty.','class Main {\n  public static double maxValue(double[] numbers) {\n    // todo\n    return;\n  }\n}','const maxValue = (nums) => {\n  // todo\n};\n','','def max_value(nums):\n  pass # todo',36,'\"1\"','maxValue','Integer'),(4,'2024-04-07 10:33:35','2024-04-07 10:33:35','','Write a method, reverseArray, that takes in an array of numbers as an argument. The method should return the array with its elements reversed. Solve this without using any built-in array methods.','class Main {\n  public static double[] reverseArray(double[] numbers) {\n    // todo\n    return null;\n  }\n}','const reverseArray = (nums) => {\n  // todo\n};\n','','def reverse_array(nums):\n  pass # todo',37,'\"1\"','reverseArray','Array'),(5,'2024-04-07 10:40:12','2024-04-07 10:40:12','','Write a method, reverseArray, that takes in an array of numbers as an argument. The method should return the array with its elements reversed. Solve this without using any built-in array methods.','class Main {\n  public static double[] reverseArray(double[] numbers) {\n    // todo\n    return null;\n  }\n}','const reverseArray = (nums) => {\n  // todo\n};\n','','def reverse_array(nums):\n  pass # todo',38,'\"1\"','reverseArray','Array'),(6,'2024-04-07 14:26:34','2024-04-07 14:26:34','','Write a method, reverseArray, that takes in an array of numbers as an argument. The method should return the array with its elements reversed. Solve this without using any built-in array methods.','class Main {\n  public static double[] reverseArray(double[] numbers) {\n    // todo\n    return null;\n  }\n}','const reverseArray = (nums) => {\n  // todo\n};\n','','def reverse_array(nums):\n  pass # todo',39,'\"1\"','reverseArray','Array'),(7,'2024-04-07 14:29:28','2024-04-07 14:29:28','','Write a method, reverseArray, that takes in an array of numbers as an argument. The method should return the array with its elements reversed. Solve this without using any built-in array methods.','class Main {\n  public static double[] reverseArray(double[] numbers) {\n    // todo\n    return null;\n  }\n}','const reverseArray = (nums) => {\n  // todo\n};\n','','def reverse_array(nums):\n  pass # todo',40,'\"1\"','reverseArray','Array'),(8,'2024-04-07 15:52:03','2024-04-07 15:52:03','','Write a method, reverseArray, that takes in an array of numbers as an argument. The method should return the array with its elements reversed. Solve this without using any built-in array methods.','class Main {\n  public static double[] reverseArray(double[] numbers) {\n    // todo\n    return null;\n  }\n}','const reverseArray = (nums) => {\n  // todo\n};\n','','def reverse_array(nums):\n  pass # todo',41,'\"1\"','reverseArray','Array'),(9,'2024-04-07 16:03:00','2024-04-07 16:03:00','','Write a function, maxValue, that takes in array of numbers as an argument. The function should return the largest number in the array.  Solve this without using any built-in array methods.  You can assume that the array is non-empty','class Main {\n  public static double maxValue(double[] numbers) {\n    // todo\n    return;\n  }\n}','const maxValue = (nums) => {\n  // todo\n};','','def max_value(nums):\n  pass # todo',42,'\"1\"','maxValue','Integer'),(10,'2024-04-07 16:04:27','2024-04-07 16:04:27','','Write a function, maxValue, that takes in array of numbers as an argument. The function should return the largest number in the array.  Solve this without using any built-in array methods.  You can assume that the array is non-empty','class Main {\n  public static double maxValue(double[] numbers) {\n    // todo\n    return;\n  }\n}','const maxValue = (nums) => {\n  // todo\n};','','def max_value(nums):\n  pass # todo',43,'\"1\"','maxValue','Integer'),(11,'2024-04-07 19:03:21','2024-04-07 19:03:21','','Write a method, reverseArray, that takes in an array of numbers as an argument. The method should return the array with its elements reversed. Solve this without using any built-in array methods.','class Main {\n  public static double[] reverseArray(double[] numbers) {\n    // todo\n    return null;\n  }\n}','const reverseArray = (nums) => {\n  // todo\n};\n','','def reverse_array(nums):\n  pass # todo',44,'\"1\"','reverseArray','Array'),(12,'2024-04-08 09:46:06','2024-04-08 09:46:06','Random Input Description','Random Intro','const uncompress = (s) => {\n  let result = [];\n  const numbers = \'0123456789\';\n  let i = 0;\n  let j = 0;\n  while (j < s.length) {\n    if (numbers.includes(s[j])) {\n      j += 1;\n    } else {\n      const num = Number(s.slice(i, j));\n      for (let count = 0; count < num; count += 1) {\n        result.push(s[j]);\n      }\n      j += 1;\n      i = j;\n    }\n  }\n  return result.join(\'\');\n};\n','const uncompress = (s) => {\n  let result = [];\n  const numbers = \'0123456789\';\n  let i = 0;\n  let j = 0;\n  while (j < s.length) {\n    if (numbers.includes(s[j])) {\n      j += 1;\n    } else {\n      const num = Number(s.slice(i, j));\n      for (let count = 0; count < num; count += 1) {\n        result.push(s[j]);\n      }\n      j += 1;\n      i = j;\n    }\n  }\n  return result.join(\'\');\n};\n','Random Output','const uncompress = (s) => {\n  let result = [];\n  const numbers = \'0123456789\';\n  let i = 0;\n  let j = 0;\n  while (j < s.length) {\n    if (numbers.includes(s[j])) {\n      j += 1;\n    } else {\n      const num = Number(s.slice(i, j));\n      for (let count = 0; count < num; count += 1) {\n        result.push(s[j]);\n      }\n      j += 1;\n      i = j;\n    }\n  }\n  return result.join(\'\');\n};\n',46,'\"1\"','uncompress','String'),(13,NULL,'2024-04-09 17:49:25','The input consists of 2 parameters s1, and s2 which indicates 2 strings','Write a function, anagrams, that takes in two strings as arguments. The function should return a boolean indicating whether or not the strings are anagrams. Anagrams are strings that contain the same characters, but in any order.','class Main {\n  public static boolean anagrams(String s1, String s2) {\n    // todo\n    return;\n  }\n}','const anagrams = (s1, s2) => {\n  // todo\n};','You are required to return a boolean specifying if the two strings are anagrams or not','def anagrams(s1, s2):\n  pass # todo',47,'\"2\"','anagrams','boolean');
/*!40000 ALTER TABLE `algorithm_questions` ENABLE KEYS */;
UNLOCK TABLES;

--
-- Table structure for table `categories`
--

DROP TABLE IF EXISTS `categories`;
/*!40101 SET @saved_cs_client     = @@character_set_client */;
/*!50503 SET character_set_client = utf8mb4 */;
CREATE TABLE `categories` (
  `id` bigint NOT NULL AUTO_INCREMENT,
  `created_at` datetime(6) NOT NULL,
  `updated_at` datetime(6) NOT NULL,
  `name` varchar(255) DEFAULT NULL,
  PRIMARY KEY (`id`)
) ENGINE=InnoDB AUTO_INCREMENT=5 DEFAULT CHARSET=utf8mb3;
/*!40101 SET character_set_client = @saved_cs_client */;

--
-- Dumping data for table `categories`
--

LOCK TABLES `categories` WRITE;
/*!40000 ALTER TABLE `categories` DISABLE KEYS */;
INSERT INTO `categories` VALUES (1,'2024-04-06 13:22:22.652000','2024-04-06 14:59:22.991000','Dynamic Programming'),(2,'2024-04-06 15:02:05.780000','2024-04-06 15:02:05.780000','Software Design'),(4,'2024-04-06 15:25:26.412000','2024-04-06 15:25:26.412000','Databases');
/*!40000 ALTER TABLE `categories` ENABLE KEYS */;
UNLOCK TABLES;

--
-- Table structure for table `challenge_invitations`
--

DROP TABLE IF EXISTS `challenge_invitations`;
/*!40101 SET @saved_cs_client     = @@character_set_client */;
/*!50503 SET character_set_client = utf8mb4 */;
CREATE TABLE `challenge_invitations` (
  `id` bigint NOT NULL AUTO_INCREMENT,
  `created_at` datetime(6) NOT NULL,
  `updated_at` datetime(6) NOT NULL,
  `status` enum('PENDING','EXPIRED','ACCEPTED','CANCELLED','DECLINED') DEFAULT NULL,
  `challenge_id` bigint DEFAULT NULL,
  `student_user_id` bigint DEFAULT NULL,
  PRIMARY KEY (`id`),
  KEY `FKi5itq7ai5ufyhp7qevawn2dr3` (`challenge_id`),
  KEY `FK7j8sr6wyggqyb73l1ratlyk5x` (`student_user_id`),
  CONSTRAINT `FK7j8sr6wyggqyb73l1ratlyk5x` FOREIGN KEY (`student_user_id`) REFERENCES `student_users` (`id`),
  CONSTRAINT `FKi5itq7ai5ufyhp7qevawn2dr3` FOREIGN KEY (`challenge_id`) REFERENCES `challenges` (`id`)
) ENGINE=InnoDB AUTO_INCREMENT=117 DEFAULT CHARSET=utf8mb3;
/*!40101 SET character_set_client = @saved_cs_client */;

--
-- Dumping data for table `challenge_invitations`
--

LOCK TABLES `challenge_invitations` WRITE;
/*!40000 ALTER TABLE `challenge_invitations` DISABLE KEYS */;
INSERT INTO `challenge_invitations` VALUES (1,'2024-03-17 18:53:14.533000','2024-03-17 19:39:04.212000','ACCEPTED',28,3),(2,'2024-03-17 18:53:14.536000','2024-03-17 18:53:14.536000','PENDING',28,4),(3,'2024-03-17 18:53:14.537000','2024-03-17 18:53:14.537000','PENDING',28,5),(4,'2024-03-19 06:25:58.129000','2024-03-19 11:09:17.274000','ACCEPTED',30,1),(5,'2024-03-19 06:25:58.136000','2024-03-19 06:25:58.136000','PENDING',30,3),(6,'2024-03-19 06:25:58.137000','2024-03-19 06:25:58.137000','PENDING',30,5),(7,'2024-03-19 11:07:57.573000','2024-04-08 16:50:49.656000','DECLINED',31,1),(8,'2024-03-19 11:07:57.579000','2024-03-19 11:07:57.579000','PENDING',31,2),(9,'2024-03-19 11:07:57.580000','2024-03-19 11:07:57.580000','PENDING',31,9),(10,'2024-03-19 11:07:57.580000','2024-03-19 11:07:57.580000','PENDING',31,8),(11,'2024-03-30 02:12:48.732000','2024-03-30 02:42:36.661000','ACCEPTED',105,1),(12,'2024-03-30 02:12:48.752000','2024-03-30 02:12:48.752000','PENDING',105,3),(13,'2024-03-30 02:12:48.753000','2024-03-30 02:12:48.753000','PENDING',105,5),(14,'2024-03-30 02:12:48.754000','2024-03-30 02:12:48.754000','PENDING',105,9),(15,'2024-03-30 02:12:48.754000','2024-03-30 02:12:48.754000','PENDING',105,7),(16,'2024-03-30 02:12:48.755000','2024-03-30 02:12:48.755000','PENDING',105,11),(17,'2024-03-30 02:25:35.300000','2024-03-30 02:40:46.589000','EXPIRED',106,1),(18,'2024-03-30 02:25:35.304000','2024-03-30 02:25:35.304000','EXPIRED',106,2),(19,'2024-04-01 03:10:54.855000','2024-04-01 04:41:48.976000','ACCEPTED',108,1),(20,'2024-04-01 03:10:54.925000','2024-04-08 15:26:58.992000','DECLINED',108,3),(23,'2024-04-01 03:53:22.916000','2024-04-08 16:51:19.297000','ACCEPTED',110,1),(24,'2024-04-01 03:53:22.924000','2024-04-01 03:53:22.924000','PENDING',110,5),(25,'2024-04-01 03:59:27.217000','2024-04-08 16:47:46.665000','DECLINED',111,1),(26,'2024-04-01 03:59:27.227000','2024-04-01 03:59:27.227000','PENDING',111,4),(27,'2024-04-01 04:10:01.748000','2024-04-01 04:24:38.148000','ACCEPTED',112,1),(28,'2024-04-01 04:10:01.752000','2024-04-01 04:10:01.752000','PENDING',112,5),(29,'2024-04-01 04:11:55.552000','2024-04-01 04:12:14.733000','ACCEPTED',113,1),(30,'2024-04-01 04:11:55.555000','2024-04-01 04:11:55.555000','PENDING',113,5),(31,'2024-04-01 04:43:21.359000','2024-04-01 04:46:11.557000','ACCEPTED',114,1),(32,'2024-04-01 04:43:21.365000','2024-04-01 04:43:21.365000','PENDING',114,4),(33,'2024-04-01 07:01:10.423000','2024-04-01 07:02:30.458000','ACCEPTED',115,1),(34,'2024-04-01 07:01:10.516000','2024-04-01 07:01:10.516000','PENDING',115,4),(35,'2024-04-01 07:15:11.606000','2024-04-01 07:15:44.830000','ACCEPTED',116,1),(36,'2024-04-01 07:15:11.615000','2024-04-01 07:15:11.615000','PENDING',116,5),(37,'2024-04-01 12:24:07.933000','2024-04-01 12:25:08.050000','ACCEPTED',117,1),(38,'2024-04-01 12:24:08.053000','2024-04-01 12:24:08.053000','PENDING',117,5),(39,'2024-04-01 12:33:05.563000','2024-04-01 12:33:34.061000','ACCEPTED',118,1),(40,'2024-04-01 12:33:05.567000','2024-04-01 12:33:05.567000','PENDING',118,5),(41,'2024-04-01 12:45:33.801000','2024-04-01 12:46:02.226000','ACCEPTED',119,1),(42,'2024-04-01 12:45:33.807000','2024-04-08 15:25:39.690000','DECLINED',119,3),(43,'2024-04-01 12:50:25.392000','2024-04-01 12:50:47.270000','EXPIRED',120,1),(44,'2024-04-01 12:50:25.426000','2024-04-08 15:34:42.382000','EXPIRED',120,3),(45,'2024-04-01 17:15:45.269000','2024-04-01 17:17:06.894000','EXPIRED',121,1),(46,'2024-04-01 17:15:45.408000','2024-04-01 17:15:45.408000','EXPIRED',121,4),(47,'2024-04-01 17:24:01.001000','2024-04-01 17:25:07.167000','EXPIRED',122,1),(48,'2024-04-01 17:24:01.022000','2024-04-01 17:24:01.023000','EXPIRED',122,5),(49,'2024-04-01 17:27:39.896000','2024-04-01 17:28:54.845000','EXPIRED',123,1),(50,'2024-04-01 17:27:39.898000','2024-04-01 17:27:39.898000','EXPIRED',123,5),(51,'2024-04-01 17:27:39.900000','2024-04-01 17:27:39.900000','EXPIRED',123,4),(52,'2024-04-01 17:32:32.017000','2024-04-01 17:33:14.251000','EXPIRED',124,1),(53,'2024-04-01 17:32:32.019000','2024-04-01 17:32:32.019000','EXPIRED',124,5),(54,'2024-04-01 18:00:51.682000','2024-04-01 18:01:09.496000','EXPIRED',125,1),(55,'2024-04-01 18:00:51.808000','2024-04-01 18:00:51.808000','EXPIRED',125,5),(56,'2024-04-01 18:18:12.038000','2024-04-01 18:18:52.993000','ACCEPTED',126,1),(57,'2024-04-01 18:18:12.041000','2024-04-01 18:18:12.041000','PENDING',126,4),(58,'2024-04-01 18:18:12.042000','2024-04-08 15:22:38.884000','DECLINED',126,5),(59,'2024-04-01 20:47:57.567000','2024-04-01 20:51:05.914000','EXPIRED',127,1),(60,'2024-04-01 20:47:57.573000','2024-04-08 14:33:58.691000','ACCEPTED',127,5),(61,'2024-04-03 04:02:29.196000','2024-04-03 04:03:10.603000','EXPIRED',137,1),(62,'2024-04-03 04:02:29.204000','2024-04-03 04:02:29.204000','EXPIRED',137,3),(63,'2024-04-03 11:12:56.545000','2024-04-03 11:15:25.009000','EXPIRED',138,1),(64,'2024-04-03 11:12:56.560000','2024-04-08 14:13:33.892000','ACCEPTED',138,5),(68,'2024-04-08 13:59:37.835000','2024-04-08 13:59:37.835000','PENDING',150,4),(69,'2024-04-08 13:59:37.840000','2024-04-08 13:59:37.840000','PENDING',150,3),(70,'2024-04-08 17:11:53.208000','2024-04-08 17:13:37.843000','EXPIRED',151,1),(71,'2024-04-08 17:11:53.216000','2024-04-08 17:11:53.216000','EXPIRED',151,5),(72,'2024-04-08 18:51:14.740000','2024-04-08 19:02:12.433000','EXPIRED',152,1),(73,'2024-04-08 18:51:14.785000','2024-04-08 18:51:14.785000','EXPIRED',152,5),(74,'2024-04-08 22:04:52.043000','2024-04-08 22:41:15.971000','DECLINED',153,1),(75,'2024-04-08 22:35:13.485000','2024-04-08 22:35:34.241000','EXPIRED',154,1),(76,'2024-04-09 11:25:04.461000','2024-04-09 11:25:23.949000','EXPIRED',157,17),(77,'2024-04-09 11:42:11.969000','2024-04-09 11:42:35.961000','EXPIRED',158,17),(78,'2024-04-09 11:47:56.547000','2024-04-09 11:48:28.393000','EXPIRED',159,17),(79,'2024-04-09 11:57:30.260000','2024-04-09 11:57:39.236000','EXPIRED',160,17),(80,'2024-04-09 12:10:19.970000','2024-04-09 12:10:29.951000','EXPIRED',162,17),(81,'2024-04-09 12:13:42.215000','2024-04-09 12:13:48.396000','EXPIRED',163,17),(82,'2024-04-09 13:47:06.125000','2024-04-09 13:47:30.180000','EXPIRED',165,18),(83,'2024-04-09 23:44:03.385746','2024-04-09 23:44:16.680241','EXPIRED',202,18),(84,'2024-04-09 23:47:09.186327','2024-04-09 23:47:25.021424','EXPIRED',203,18),(85,'2024-04-09 23:50:05.866215','2024-04-09 23:50:37.055594','EXPIRED',204,18),(86,'2024-04-09 23:55:33.222249','2024-04-09 23:55:43.228279','EXPIRED',205,18),(87,'2024-04-09 23:57:16.548876','2024-04-09 23:57:26.681938','EXPIRED',206,18),(88,'2024-04-09 23:59:57.171900','2024-04-10 00:00:11.726757','EXPIRED',207,18),(89,'2024-04-10 00:02:35.753412','2024-04-10 00:02:51.243677','EXPIRED',208,18),(90,'2024-04-10 00:04:15.417969','2024-04-10 00:04:29.866263','EXPIRED',209,18),(91,'2024-04-10 00:06:39.843778','2024-04-10 00:06:47.348362','EXPIRED',210,18),(92,'2024-04-10 00:08:18.128941','2024-04-10 00:08:27.510387','ACCEPTED',211,18),(93,'2024-04-10 00:09:57.208928','2024-04-10 00:10:07.455542','EXPIRED',212,18),(94,'2024-04-10 00:11:49.149070','2024-04-10 00:11:55.287557','ACCEPTED',213,18),(95,'2024-04-10 00:12:55.204630','2024-04-10 00:13:03.247156','ACCEPTED',214,18),(96,'2024-04-10 00:14:01.847779','2024-04-10 00:14:10.714286','EXPIRED',215,1),(97,'2024-04-10 00:24:22.917237','2024-04-10 00:24:42.884249','EXPIRED',216,1),(98,'2024-04-10 12:08:08.986574','2024-04-10 12:08:43.958382','EXPIRED',217,18),(99,'2024-05-13 09:46:51.513428','2024-05-13 09:46:51.513441','PENDING',221,1),(100,'2024-05-13 09:50:50.926933','2024-05-13 09:51:06.253386','EXPIRED',222,20),(101,'2024-05-13 11:13:39.537487','2024-05-13 11:13:39.537507','PENDING',223,20),(102,'2024-05-13 11:15:26.867939','2024-05-13 11:15:43.493143','EXPIRED',224,20),(103,'2024-05-13 11:26:48.719693','2024-05-13 11:27:07.528263','EXPIRED',225,20),(104,'2024-05-13 11:40:28.093840','2024-05-13 11:40:51.328712','EXPIRED',226,20),(105,'2024-05-13 11:47:32.997180','2024-05-13 11:47:59.524955','EXPIRED',227,20),(106,'2024-05-13 11:58:09.596602','2024-05-13 11:58:27.740669','ACCEPTED',228,20),(107,'2024-05-13 12:00:04.137542','2024-05-13 12:00:22.874486','EXPIRED',229,20),(108,'2024-05-13 12:13:09.747874','2024-05-13 12:13:22.287465','EXPIRED',230,1),(109,'2024-05-13 15:53:47.421211','2024-05-13 15:54:03.909960','EXPIRED',231,20),(110,'2024-05-14 01:33:13.502798','2024-05-14 01:33:28.165731','EXPIRED',232,20),(111,'2024-05-14 18:26:33.307446','2024-05-14 18:27:00.436474','EXPIRED',233,23),(112,'2024-05-14 18:26:33.318857','2024-05-14 18:26:59.683867','EXPIRED',233,22),(113,'2024-05-14 18:26:33.322468','2024-05-14 18:26:46.586049','EXPIRED',233,21),(114,'2024-05-15 20:05:25.194111','2024-05-15 20:05:39.076454','EXPIRED',236,25),(115,'2024-05-15 21:49:01.671242','2024-05-15 21:49:13.430358','EXPIRED',237,26),(116,'2024-05-15 21:49:01.674932','2024-05-15 21:49:21.438706','EXPIRED',237,27);
/*!40000 ALTER TABLE `challenge_invitations` ENABLE KEYS */;
UNLOCK TABLES;

--
-- Table structure for table `challenge_participants`
--

DROP TABLE IF EXISTS `challenge_participants`;
/*!40101 SET @saved_cs_client     = @@character_set_client */;
/*!50503 SET character_set_client = utf8mb4 */;
CREATE TABLE `challenge_participants` (
  `id` bigint NOT NULL AUTO_INCREMENT,
  `created_at` datetime(6) NOT NULL,
  `updated_at` datetime(6) NOT NULL,
  `challenge_id` bigint DEFAULT NULL,
  `student_user_id` bigint DEFAULT NULL,
  PRIMARY KEY (`id`),
  KEY `FK8yestlu1dvje3mnx36fmsbog9` (`challenge_id`),
  KEY `FK9kqfk48ygalp6cmjiy0v71rua` (`student_user_id`),
  CONSTRAINT `FK8yestlu1dvje3mnx36fmsbog9` FOREIGN KEY (`challenge_id`) REFERENCES `challenges` (`id`),
  CONSTRAINT `FK9kqfk48ygalp6cmjiy0v71rua` FOREIGN KEY (`student_user_id`) REFERENCES `student_users` (`id`)
) ENGINE=InnoDB AUTO_INCREMENT=87 DEFAULT CHARSET=utf8mb3;
/*!40101 SET character_set_client = @saved_cs_client */;

--
-- Dumping data for table `challenge_participants`
--

LOCK TABLES `challenge_participants` WRITE;
/*!40000 ALTER TABLE `challenge_participants` DISABLE KEYS */;
INSERT INTO `challenge_participants` VALUES (1,'2024-03-17 18:53:14.455000','2024-03-17 18:53:14.455000',28,3),(2,'2024-03-17 18:53:14.530000','2024-03-17 18:53:14.530000',28,4),(3,'2024-03-17 18:53:14.531000','2024-03-17 18:53:14.531000',28,5),(4,'2024-03-19 06:25:58.115000','2024-03-19 06:25:58.115000',30,1),(5,'2024-03-19 06:25:58.126000','2024-03-19 06:25:58.126000',30,3),(6,'2024-03-19 06:25:58.127000','2024-03-19 06:25:58.127000',30,5),(7,'2024-03-19 11:07:57.562000','2024-03-19 11:07:57.562000',31,1),(8,'2024-03-19 11:07:57.569000','2024-03-19 11:07:57.569000',31,2),(9,'2024-03-19 11:07:57.570000','2024-03-19 11:07:57.570000',31,9),(10,'2024-03-19 11:07:57.571000','2024-03-19 11:07:57.571000',31,8),(11,'2024-03-19 06:25:58.115000','2024-03-19 06:25:58.115000',28,9),(12,'2024-03-30 02:12:48.718000','2024-03-30 02:12:48.718000',105,1),(13,'2024-03-30 02:12:48.723000','2024-03-30 02:12:48.723000',105,3),(14,'2024-03-30 02:12:48.724000','2024-03-30 02:12:48.724000',105,5),(15,'2024-03-30 02:12:48.724000','2024-03-30 02:12:48.724000',105,9),(16,'2024-03-30 02:12:48.726000','2024-03-30 02:12:48.726000',105,7),(17,'2024-03-30 02:12:48.731000','2024-03-30 02:12:48.731000',105,11),(18,'2024-03-30 02:40:46.535000','2024-03-30 02:40:46.535000',106,1),(19,'2024-03-30 02:42:36.629000','2024-03-30 02:42:36.629000',105,1),(20,'2024-04-01 04:12:14.723000','2024-04-01 04:12:14.723000',113,1),(21,'2024-04-01 04:24:38.034000','2024-04-01 04:24:38.034000',112,1),(22,'2024-04-01 04:41:48.930000','2024-04-01 04:41:48.930000',108,1),(23,'2024-04-01 04:46:11.501000','2024-04-01 04:46:11.501000',114,1),(24,'2024-04-01 07:02:30.415000','2024-04-01 07:02:30.415000',115,1),(25,'2024-04-01 07:15:44.807000','2024-04-01 07:15:44.807000',116,1),(26,'2024-04-01 12:25:08.031000','2024-04-01 12:25:08.031000',117,1),(27,'2024-04-01 12:33:34.055000','2024-04-01 12:33:34.055000',118,1),(28,'2024-04-01 12:46:02.199000','2024-04-01 12:46:02.200000',119,1),(29,'2024-04-01 12:50:47.265000','2024-04-01 12:50:47.265000',120,1),(30,'2024-04-01 17:17:06.846000','2024-04-01 17:17:06.846000',121,1),(31,'2024-04-01 17:25:07.126000','2024-04-01 17:25:07.126000',122,1),(32,'2024-04-01 17:28:54.828000','2024-04-01 17:28:54.828000',123,1),(33,'2024-04-01 17:33:14.224000','2024-04-01 17:33:14.224000',124,1),(34,'2024-04-01 18:01:09.456000','2024-04-01 18:01:09.456000',125,1),(35,'2024-04-01 18:18:52.972000','2024-04-01 18:18:52.972000',126,1),(36,'2024-04-01 20:51:05.905000','2024-04-01 20:51:05.905000',127,1),(37,'2024-04-03 04:03:10.597000','2024-04-03 04:03:10.597000',137,1),(38,'2024-04-03 11:15:25.002000','2024-04-03 11:15:25.002000',138,1),(39,'2024-04-08 14:13:33.845000','2024-04-08 14:13:33.845000',138,5),(40,'2024-04-08 14:33:58.672000','2024-04-08 14:33:58.672000',127,5),(41,'2024-04-08 14:34:36.368000','2024-04-08 14:34:36.368000',126,5),(42,'2024-04-08 14:36:10.413000','2024-04-08 14:36:10.413000',127,5),(43,'2024-04-08 15:34:42.322000','2024-04-08 15:34:42.322000',120,3),(44,'2024-04-08 16:51:19.263000','2024-04-08 16:51:19.263000',110,1),(45,'2024-04-08 17:13:37.831000','2024-04-08 17:13:37.831000',151,1),(46,'2024-04-08 19:02:12.419000','2024-04-08 19:02:12.419000',152,1),(47,'2024-04-08 22:35:34.232000','2024-04-08 22:35:34.232000',154,1),(48,'2024-04-09 11:25:23.942000','2024-04-09 11:25:23.942000',157,17),(49,'2024-04-09 11:42:35.956000','2024-04-09 11:42:35.956000',158,17),(50,'2024-04-09 11:48:28.381000','2024-04-09 11:48:28.381000',159,17),(51,'2024-04-09 11:57:39.220000','2024-04-09 11:57:39.220000',160,17),(52,'2024-04-09 12:10:29.942000','2024-04-09 12:10:29.942000',162,17),(53,'2024-04-09 12:13:48.385000','2024-04-09 12:13:48.385000',163,17),(54,'2024-04-09 13:47:30.159000','2024-04-09 13:47:30.159000',165,18),(55,'2024-04-09 23:44:16.675779','2024-04-09 23:44:16.675801',202,18),(56,'2024-04-09 23:47:25.017858','2024-04-09 23:47:25.017876',203,18),(57,'2024-04-09 23:50:37.049756','2024-04-09 23:50:37.049789',204,18),(58,'2024-04-09 23:55:43.223118','2024-04-09 23:55:43.223153',205,18),(59,'2024-04-09 23:57:26.679849','2024-04-09 23:57:26.679865',206,18),(60,'2024-04-10 00:00:11.721167','2024-04-10 00:00:11.721186',207,18),(61,'2024-04-10 00:02:51.237755','2024-04-10 00:02:51.237794',208,18),(62,'2024-04-10 00:04:29.862889','2024-04-10 00:04:29.862905',209,18),(63,'2024-04-10 00:06:47.343363','2024-04-10 00:06:47.343401',210,18),(64,'2024-04-10 00:08:27.503764','2024-04-10 00:08:27.503799',211,18),(65,'2024-04-10 00:10:07.446801','2024-04-10 00:10:07.446858',212,18),(66,'2024-04-10 00:11:55.275264','2024-04-10 00:11:55.275298',213,18),(67,'2024-04-10 00:13:03.244977','2024-04-10 00:13:03.244990',214,18),(68,'2024-04-10 00:14:10.705618','2024-04-10 00:14:10.705660',215,1),(69,'2024-04-10 00:24:42.880775','2024-04-10 00:24:42.880788',216,1),(70,'2024-04-10 12:08:43.953329','2024-04-10 12:08:43.953348',217,18),(71,'2024-05-13 09:51:06.250511','2024-05-13 09:51:06.250531',222,20),(72,'2024-05-13 11:15:43.490127','2024-05-13 11:15:43.490146',224,20),(73,'2024-05-13 11:27:07.525685','2024-05-13 11:27:07.525698',225,20),(74,'2024-05-13 11:40:51.325882','2024-05-13 11:40:51.325900',226,20),(75,'2024-05-13 11:47:59.522563','2024-05-13 11:47:59.522575',227,20),(76,'2024-05-13 11:58:27.738338','2024-05-13 11:58:27.738351',228,20),(77,'2024-05-13 12:00:22.871974','2024-05-13 12:00:22.871991',229,20),(78,'2024-05-13 12:13:22.285237','2024-05-13 12:13:22.285249',230,1),(79,'2024-05-13 15:54:03.906158','2024-05-13 15:54:03.906179',231,20),(80,'2024-05-14 01:33:28.158525','2024-05-14 01:33:28.158547',232,20),(81,'2024-05-14 18:26:46.583288','2024-05-14 18:26:46.583305',233,21),(82,'2024-05-14 18:26:59.681185','2024-05-14 18:26:59.681203',233,22),(83,'2024-05-14 18:27:00.433485','2024-05-14 18:27:00.433500',233,23),(84,'2024-05-15 20:05:39.073546','2024-05-15 20:05:39.073564',236,25),(85,'2024-05-15 21:49:13.423273','2024-05-15 21:49:13.423287',237,26),(86,'2024-05-15 21:49:21.432930','2024-05-15 21:49:21.432943',237,27);
/*!40000 ALTER TABLE `challenge_participants` ENABLE KEYS */;
UNLOCK TABLES;

--
-- Table structure for table `challenge_questions`
--

DROP TABLE IF EXISTS `challenge_questions`;
/*!40101 SET @saved_cs_client     = @@character_set_client */;
/*!50503 SET character_set_client = utf8mb4 */;
CREATE TABLE `challenge_questions` (
  `challenge_id` bigint NOT NULL,
  `question_id` bigint NOT NULL,
  KEY `FKmqblj0jbu5dxk80606owyyos1` (`question_id`),
  KEY `FKq4cyqqxia9hj1s404j7gshfvk` (`challenge_id`),
  CONSTRAINT `FKmqblj0jbu5dxk80606owyyos1` FOREIGN KEY (`question_id`) REFERENCES `questions` (`id`),
  CONSTRAINT `FKq4cyqqxia9hj1s404j7gshfvk` FOREIGN KEY (`challenge_id`) REFERENCES `challenges` (`id`)
) ENGINE=InnoDB DEFAULT CHARSET=utf8mb3;
/*!40101 SET character_set_client = @saved_cs_client */;

--
-- Dumping data for table `challenge_questions`
--

LOCK TABLES `challenge_questions` WRITE;
/*!40000 ALTER TABLE `challenge_questions` DISABLE KEYS */;
INSERT INTO `challenge_questions` VALUES (1,1),(1,2),(1,3),(1,4),(3,7),(18,4),(18,3),(18,2),(18,1),(20,5),(22,5),(25,4),(25,3),(25,2),(25,1),(1,6),(26,6),(26,4),(26,3),(26,2),(26,1),(27,6),(27,4),(27,3),(27,2),(27,1),(28,6),(28,4),(28,3),(28,2),(28,1),(29,6),(29,4),(29,3),(29,2),(29,1),(30,5),(31,6),(31,4),(31,3),(31,2),(31,1),(32,5),(105,6),(105,4),(105,3),(105,2),(105,1),(106,6),(106,4),(106,3),(106,2),(106,1),(108,6),(108,4),(108,3),(108,2),(108,1),(110,5),(110,7),(111,5),(111,7),(112,5),(112,7),(113,5),(113,7),(114,5),(114,7),(115,5),(115,7),(116,5),(116,7),(117,5),(117,7),(118,5),(118,7),(119,6),(119,4),(119,3),(119,2),(119,1),(120,6),(120,4),(120,3),(120,2),(120,1),(121,6),(121,4),(121,3),(121,2),(121,1),(122,6),(122,4),(122,3),(122,2),(122,1),(123,6),(123,4),(123,3),(123,2),(123,1),(124,6),(124,4),(124,3),(124,2),(124,1),(125,6),(125,4),(125,3),(125,2),(125,1),(126,6),(126,4),(126,3),(126,2),(126,1),(127,6),(127,4),(127,3),(127,2),(127,1),(137,6),(137,4),(137,3),(137,2),(137,1),(138,6),(138,4),(138,3),(138,2),(138,1),(142,15),(142,16),(142,17),(144,19),(150,6),(150,4),(150,3),(150,2),(150,1),(151,6),(151,4),(151,3),(151,2),(151,1),(152,6),(152,4),(152,3),(152,2),(152,1),(153,6),(153,4),(153,3),(153,2),(153,1),(154,6),(154,4),(154,3),(154,2),(154,1),(155,6),(155,4),(155,3),(155,2),(155,1),(156,6),(156,4),(156,3),(156,2),(156,1),(157,6),(157,4),(157,3),(157,2),(157,1),(157,15),(157,16),(157,17),(157,18),(157,19),(158,6),(158,4),(158,3),(158,2),(158,1),(158,15),(158,16),(158,17),(158,18),(158,19),(145,21),(159,6),(159,4),(159,3),(159,2),(159,1),(159,19),(159,21),(159,29),(160,6),(160,4),(160,3),(160,2),(160,1),(160,19),(160,21),(160,32),(161,6),(161,4),(161,3),(161,2),(161,1),(161,19),(161,21),(161,32),(162,6),(162,4),(162,3),(162,2),(162,1),(162,19),(162,21),(162,32),(163,6),(163,4),(163,3),(163,2),(163,1),(163,19),(163,21),(163,32),(164,6),(164,4),(164,3),(164,2),(164,1),(164,19),(164,21),(164,32),(164,48),(165,6),(165,4),(165,3),(165,2),(165,1),(165,19),(165,21),(165,32),(165,48),(182,47),(183,47),(184,47),(185,47),(186,47),(187,47),(187,5),(187,7),(198,19),(198,6),(198,4),(198,3),(198,1),(198,48),(198,32),(198,21),(198,59),(199,19),(199,6),(199,4),(199,3),(199,1),(199,48),(199,32),(199,21),(199,60),(200,61),(200,4),(200,6),(200,60),(201,62),(201,4),(201,6),(201,60),(202,6),(202,4),(202,3),(202,2),(202,1),(202,19),(202,21),(202,32),(202,48),(202,59),(203,6),(203,4),(203,3),(203,2),(203,1),(203,19),(203,21),(203,32),(203,48),(203,59),(204,6),(204,4),(204,3),(204,2),(204,1),(204,19),(204,21),(204,32),(204,48),(204,59),(205,6),(205,4),(205,3),(205,2),(205,1),(205,19),(205,21),(205,32),(205,48),(205,59),(206,6),(206,4),(206,3),(206,2),(206,1),(206,19),(206,21),(206,32),(206,48),(206,59),(207,6),(207,4),(207,3),(207,2),(207,1),(207,19),(207,21),(207,32),(207,48),(207,59),(208,6),(208,4),(208,3),(208,2),(208,1),(208,19),(208,21),(208,32),(208,48),(208,59),(209,6),(209,4),(209,3),(209,2),(209,1),(209,19),(209,21),(209,32),(209,48),(209,59),(210,6),(210,4),(210,3),(210,2),(210,1),(210,19),(210,21),(210,32),(210,48),(210,59),(211,6),(211,4),(211,3),(211,2),(211,1),(211,19),(211,21),(211,32),(211,48),(211,59),(212,6),(212,4),(212,3),(212,2),(212,1),(212,19),(212,21),(212,32),(212,48),(212,59),(213,6),(213,4),(213,3),(213,2),(213,1),(213,19),(213,21),(213,32),(213,48),(213,59),(214,6),(214,4),(214,3),(214,2),(214,1),(214,19),(214,21),(214,32),(214,48),(214,59),(215,6),(215,4),(215,3),(215,2),(215,1),(215,19),(215,21),(215,32),(215,48),(215,59),(216,6),(216,4),(216,3),(216,2),(216,1),(216,19),(216,21),(216,32),(216,48),(216,59),(217,6),(217,4),(217,3),(217,2),(217,1),(217,19),(217,21),(217,32),(217,48),(217,59),(218,6),(218,4),(218,1),(218,19),(218,21),(219,6),(219,4),(219,3),(219,2),(219,1),(219,19),(219,21),(219,32),(219,48),(219,59),(140,63),(140,64),(140,65),(140,66),(140,67),(140,68),(140,69),(140,70),(140,71),(140,72),(140,73),(140,74),(140,75),(140,76),(140,77),(143,78),(143,79),(143,80),(143,81),(143,82),(143,83),(143,84),(143,85),(143,86),(143,87),(220,6),(220,4),(220,3),(220,2),(220,1),(220,19),(220,21),(220,32),(220,48),(220,59),(221,6),(221,4),(221,3),(221,2),(221,1),(221,19),(221,21),(221,32),(221,48),(221,59),(222,6),(222,4),(222,3),(222,2),(222,1),(222,19),(222,21),(222,32),(222,48),(222,59),(223,6),(223,4),(223,3),(223,2),(223,1),(223,19),(223,21),(223,32),(223,48),(223,59),(224,6),(224,4),(224,3),(224,2),(224,1),(224,19),(224,21),(224,32),(224,48),(224,59),(225,6),(225,4),(225,3),(225,2),(225,1),(225,19),(225,21),(225,32),(225,48),(225,59),(226,6),(226,4),(226,3),(226,2),(226,1),(226,19),(226,21),(226,32),(226,48),(226,59),(227,6),(227,4),(227,3),(227,2),(227,1),(227,19),(227,21),(227,32),(227,48),(227,59),(228,6),(228,4),(228,3),(228,2),(228,1),(228,19),(228,21),(228,32),(228,48),(228,59),(229,6),(229,4),(229,3),(229,2),(229,1),(229,19),(229,21),(229,32),(229,48),(229,59),(230,6),(230,4),(230,3),(230,2),(230,1),(230,19),(230,21),(230,32),(230,48),(230,59),(231,6),(231,4),(231,3),(231,2),(231,1),(231,19),(231,21),(231,32),(231,48),(231,59),(232,6),(232,4),(232,3),(232,2),(232,1),(232,19),(232,21),(232,32),(232,48),(232,59),(233,6),(233,4),(233,3),(233,2),(233,1),(233,19),(233,21),(233,32),(233,48),(233,59),(233,60),(233,61),(233,62),(233,63),(233,64),(234,6),(234,4),(234,3),(234,2),(234,1),(234,19),(234,21),(234,32),(234,48),(234,59),(234,60),(234,61),(234,62),(234,63),(234,64),(235,6),(235,4),(235,3),(235,2),(235,1),(235,19),(235,21),(235,32),(235,48),(235,59),(235,60),(235,61),(235,62),(235,63),(235,64),(236,6),(236,4),(236,3),(236,2),(236,1),(236,19),(236,21),(236,32),(236,48),(236,59),(236,60),(236,61),(236,62),(236,63),(236,64),(237,6),(237,4),(237,3),(237,2),(237,1),(237,19),(237,21),(237,32),(237,48),(237,59),(237,60),(237,61),(237,62),(237,63),(237,64);
/*!40000 ALTER TABLE `challenge_questions` ENABLE KEYS */;
UNLOCK TABLES;

--
-- Table structure for table `challenge_submissions`
--

DROP TABLE IF EXISTS `challenge_submissions`;
/*!40101 SET @saved_cs_client     = @@character_set_client */;
/*!50503 SET character_set_client = utf8mb4 */;
CREATE TABLE `challenge_submissions` (
  `id` bigint NOT NULL AUTO_INCREMENT,
  `created_at` datetime(6) NOT NULL,
  `updated_at` datetime(6) NOT NULL,
  `score` float NOT NULL,
  `total_correct` int NOT NULL,
  `total_questions` int NOT NULL,
  `challenge_id` bigint DEFAULT NULL,
  `student_user_id` bigint DEFAULT NULL,
  `time` varchar(255) DEFAULT NULL,
  `is_winner` bit(1) DEFAULT NULL,
  PRIMARY KEY (`id`),
  KEY `FKe5gyf409x7ignxijtuhy5w07v` (`challenge_id`),
  KEY `FKn02xkqs3semgk50uujkom3up6` (`student_user_id`),
  CONSTRAINT `FKe5gyf409x7ignxijtuhy5w07v` FOREIGN KEY (`challenge_id`) REFERENCES `challenges` (`id`),
  CONSTRAINT `FKn02xkqs3semgk50uujkom3up6` FOREIGN KEY (`student_user_id`) REFERENCES `student_users` (`id`)
) ENGINE=InnoDB AUTO_INCREMENT=508 DEFAULT CHARSET=utf8mb3;
/*!40101 SET character_set_client = @saved_cs_client */;

--
-- Dumping data for table `challenge_submissions`
--

LOCK TABLES `challenge_submissions` WRITE;
/*!40000 ALTER TABLE `challenge_submissions` DISABLE KEYS */;
INSERT INTO `challenge_submissions` VALUES (1,'2024-03-15 22:43:58.764000','2024-03-15 22:43:59.319000',75,0,4,1,NULL,NULL,_binary ''),(2,'2024-03-15 22:45:08.264000','2024-03-15 22:45:08.322000',75,0,4,1,NULL,NULL,_binary '\0'),(3,'2024-03-15 22:45:27.899000','2024-03-15 22:45:28.083000',75,3,4,1,NULL,NULL,_binary '\0'),(4,'2024-03-15 23:29:23.405000','2024-03-15 23:29:23.469000',75,3,4,1,NULL,NULL,_binary '\0'),(5,'2024-03-15 23:30:56.674000','2024-03-15 23:30:56.706000',75,3,4,1,NULL,NULL,_binary '\0'),(6,'2024-03-15 23:33:14.096000','2024-03-15 23:33:14.140000',75,3,4,1,NULL,NULL,_binary '\0'),(7,'2024-03-16 04:51:28.049000','2024-03-16 04:51:28.134000',75,3,4,1,NULL,NULL,_binary '\0'),(8,'2024-03-16 04:59:44.462000','2024-03-16 04:59:44.508000',75,3,4,1,NULL,NULL,_binary '\0'),(9,'2024-03-16 05:01:31.427000','2024-03-16 05:01:31.492000',75,3,4,1,NULL,NULL,_binary '\0'),(10,'2024-03-16 05:02:55.780000','2024-03-16 05:02:55.948000',75,3,4,1,NULL,NULL,_binary '\0'),(11,'2024-03-16 05:05:06.603000','2024-03-16 05:05:06.749000',75,3,4,1,NULL,NULL,_binary '\0'),(12,'2024-03-16 05:21:57.644000','2024-03-16 05:21:57.685000',75,3,4,1,NULL,NULL,_binary '\0'),(13,'2024-03-16 05:26:22.031000','2024-03-16 05:26:22.072000',75,3,4,1,NULL,NULL,_binary '\0'),(14,'2024-03-16 06:18:42.455000','2024-03-16 06:18:42.733000',75,3,4,1,NULL,NULL,_binary '\0'),(15,'2024-03-16 19:42:45.189000','2024-03-16 19:42:45.347000',75,3,4,25,1,NULL,_binary ''),(16,'2024-03-17 01:14:15.243000','2024-03-17 01:14:15.382000',40,2,5,1,1,NULL,_binary '\0'),(17,'2024-03-17 01:28:06.222000','2024-03-17 01:28:06.292000',60,3,5,1,1,NULL,_binary '\0'),(18,'2024-03-17 20:23:24.452000','2024-03-17 20:23:24.539000',80,4,5,29,1,NULL,_binary ''),(19,'2024-03-19 06:24:33.199000','2024-03-19 06:24:33.342000',40,2,5,1,1,NULL,_binary '\0'),(20,'2024-03-19 11:07:12.582000','2024-03-19 11:07:12.716000',40,2,5,1,13,NULL,_binary ''),(90,'2024-03-28 23:02:20.972000','2024-03-28 23:02:20.972000',0,0,0,3,1,NULL,_binary '\0'),(91,'2024-03-29 00:28:15.499000','2024-03-29 00:35:32.873000',100,1,1,3,1,NULL,_binary '\0'),(92,'2024-03-29 01:41:25.018000','2024-03-29 01:41:25.018000',0,0,0,3,13,NULL,_binary '\0'),(93,'2024-03-29 06:33:10.397000','2024-03-29 06:33:10.397000',0,0,0,3,13,NULL,_binary '\0'),(94,'2024-03-29 06:48:04.072000','2024-03-29 06:48:04.072000',0,0,0,3,13,NULL,_binary '\0'),(95,'2024-03-29 12:00:41.299000','2024-03-29 12:00:41.299000',0,0,0,3,1,NULL,_binary '\0'),(96,'2024-03-29 12:00:57.718000','2024-03-29 12:00:57.718000',0,0,0,3,1,NULL,_binary '\0'),(97,'2024-03-29 12:01:04.128000','2024-03-29 12:01:04.338000',100,1,1,3,1,NULL,_binary '\0'),(98,'2024-03-29 12:01:27.518000','2024-03-29 12:01:27.518000',0,0,0,3,1,NULL,_binary ''),(99,'2024-03-29 12:05:01.447000','2024-03-29 12:05:01.447000',0,0,0,3,13,NULL,_binary '\0'),(100,'2024-03-29 12:12:49.471000','2024-03-29 12:12:49.471000',0,0,0,3,13,NULL,_binary '\0'),(101,'2024-03-29 12:18:03.248000','2024-03-29 12:18:03.248000',0,0,0,3,13,NULL,_binary '\0'),(102,'2024-03-29 12:18:18.182000','2024-03-29 12:18:18.294000',100,1,1,3,13,NULL,_binary '\0'),(103,'2024-03-29 12:21:50.085000','2024-03-29 12:21:50.085000',0,0,0,3,13,NULL,_binary '\0'),(104,'2024-03-29 12:23:03.889000','2024-03-29 12:23:03.977000',100,1,1,3,13,NULL,_binary '\0'),(105,'2024-03-29 12:23:24.101000','2024-03-29 12:23:24.159000',100,1,1,3,13,NULL,_binary '\0'),(106,'2024-03-29 14:24:05.002000','2024-03-29 14:24:05.002000',0,0,0,3,1,NULL,_binary '\0'),(107,'2024-03-29 14:24:34.092000','2024-03-29 14:24:34.092000',0,0,0,3,13,NULL,_binary '\0'),(108,'2024-03-29 14:29:10.067000','2024-03-29 14:29:10.067000',0,0,0,3,13,NULL,_binary '\0'),(109,'2024-03-29 17:55:14.852000','2024-03-29 17:55:15.382000',100,2,2,3,13,NULL,_binary '\0'),(110,'2024-03-29 18:00:04.056000','2024-03-29 18:00:04.236000',100,2,2,3,13,NULL,_binary '\0'),(111,'2024-03-29 23:34:53.930000','2024-03-29 23:34:54.153000',0,0,5,1,15,NULL,_binary '\0'),(112,'2024-03-29 23:38:00.805000','2024-03-29 23:38:00.946000',100,2,2,3,15,NULL,_binary '\0'),(113,'2024-03-30 02:43:35.377000','2024-03-30 02:43:35.459000',40,2,5,106,13,NULL,_binary ''),(114,'2024-03-30 15:32:05.170000','2024-03-30 15:32:05.288000',0,0,5,1,1,NULL,_binary '\0'),(115,'2024-03-30 15:35:06.601000','2024-03-30 15:35:06.601000',0,0,0,1,1,NULL,_binary '\0'),(116,'2024-03-30 15:37:42.851000','2024-03-30 15:37:42.851000',0,0,0,1,1,NULL,_binary '\0'),(117,'2024-03-30 15:47:48.283000','2024-03-30 15:47:48.283000',0,0,0,1,1,NULL,_binary '\0'),(118,'2024-03-30 15:48:14.574000','2024-03-30 15:48:14.574000',0,0,0,1,1,NULL,_binary '\0'),(119,'2024-03-30 15:48:53.636000','2024-03-30 15:48:53.636000',0,0,0,1,1,NULL,_binary '\0'),(120,'2024-03-30 16:01:28.570000','2024-03-30 16:01:28.570000',0,0,0,1,1,NULL,_binary '\0'),(121,'2024-03-31 02:40:05.116000','2024-03-31 02:40:05.286000',40,2,5,1,12,NULL,_binary '\0'),(122,'2024-03-31 02:40:12.449000','2024-03-31 02:40:12.515000',40,2,5,1,12,NULL,_binary '\0'),(123,'2024-03-31 02:40:21.060000','2024-03-31 02:40:21.103000',40,2,5,1,12,NULL,_binary '\0'),(124,'2024-03-31 02:40:28.195000','2024-03-31 02:40:28.251000',40,2,5,1,12,NULL,_binary '\0'),(125,'2024-03-31 02:40:36.086000','2024-03-31 02:40:36.128000',40,2,5,1,12,NULL,_binary '\0'),(126,'2024-03-31 02:40:44.089000','2024-03-31 02:40:44.216000',40,2,5,1,12,NULL,_binary '\0'),(127,'2024-03-31 02:40:52.063000','2024-03-31 02:40:52.094000',40,2,5,1,12,NULL,_binary '\0'),(128,'2024-03-31 02:41:00.075000','2024-03-31 02:41:00.117000',40,2,5,1,12,NULL,_binary '\0'),(129,'2024-03-31 02:41:08.174000','2024-03-31 02:41:08.313000',40,2,5,1,12,NULL,_binary '\0'),(130,'2024-03-31 02:41:16.084000','2024-03-31 02:41:16.108000',40,2,5,1,12,NULL,_binary '\0'),(131,'2024-03-31 02:41:24.115000','2024-03-31 02:41:24.204000',40,2,5,1,12,NULL,_binary '\0'),(132,'2024-03-31 02:41:32.074000','2024-03-31 02:41:32.123000',40,2,5,1,12,NULL,_binary '\0'),(133,'2024-03-31 02:42:24.131000','2024-03-31 02:42:24.260000',40,2,5,1,12,NULL,_binary '\0'),(134,'2024-03-31 02:43:24.117000','2024-03-31 02:43:24.156000',40,2,5,1,12,NULL,_binary '\0'),(135,'2024-03-31 02:44:24.113000','2024-03-31 02:44:24.368000',40,2,5,1,12,NULL,_binary '\0'),(136,'2024-03-31 02:45:11.244000','2024-03-31 02:45:11.389000',40,2,5,1,12,NULL,_binary '\0'),(137,'2024-04-01 00:58:00.139000','2024-04-01 00:58:00.215000',0,0,5,1,1,NULL,_binary '\0'),(138,'2024-04-01 00:58:52.417000','2024-04-01 00:58:52.417000',0,0,0,3,1,NULL,_binary '\0'),(139,'2024-04-01 00:59:13.210000','2024-04-01 00:59:13.675000',100,2,2,3,1,NULL,_binary '\0'),(141,'2024-04-01 17:17:17.056000','2024-04-01 17:17:17.116000',0,0,5,121,1,NULL,_binary ''),(142,'2024-04-01 17:25:17.387000','2024-04-01 17:25:17.474000',0,0,5,122,1,NULL,_binary ''),(143,'2024-04-01 17:30:12.002000','2024-04-01 17:30:12.036000',0,0,5,123,12,NULL,_binary ''),(144,'2024-04-01 17:30:16.692000','2024-04-01 17:30:16.709000',0,0,5,123,1,NULL,_binary '\0'),(145,'2024-04-01 17:33:24.350000','2024-04-01 17:33:24.376000',0,0,5,124,1,NULL,_binary ''),(146,'2024-04-01 18:01:34.357000','2024-04-01 18:01:34.598000',0,0,5,125,12,NULL,_binary ''),(147,'2024-04-01 18:01:41.043000','2024-04-01 18:01:41.072000',0,0,5,125,1,NULL,_binary '\0'),(148,'2024-04-01 20:51:29.750000','2024-04-01 20:51:29.769000',0,0,5,127,12,NULL,_binary ''),(149,'2024-04-01 20:51:35.098000','2024-04-01 20:51:35.117000',0,0,5,127,1,NULL,_binary '\0'),(158,'2024-04-02 16:54:59.041000','2024-04-02 16:54:59.042000',0,0,0,1,12,NULL,_binary '\0'),(159,'2024-04-02 16:55:06.593000','2024-04-02 16:55:06.593000',0,0,0,1,12,NULL,_binary '\0'),(160,'2024-04-02 16:55:14.561000','2024-04-02 16:55:14.561000',0,0,0,1,12,NULL,_binary '\0'),(161,'2024-04-02 16:55:22.513000','2024-04-02 16:55:22.513000',0,0,0,1,12,NULL,_binary '\0'),(162,'2024-04-02 16:55:30.560000','2024-04-02 16:55:30.560000',0,0,0,1,12,NULL,_binary '\0'),(163,'2024-04-02 16:55:38.608000','2024-04-02 16:55:38.608000',0,0,0,1,12,NULL,_binary '\0'),(164,'2024-04-02 16:55:46.557000','2024-04-02 16:55:46.557000',0,0,0,1,12,NULL,_binary '\0'),(165,'2024-04-02 16:55:54.517000','2024-04-02 16:55:54.517000',0,0,0,1,12,NULL,_binary '\0'),(166,'2024-04-02 16:56:02.535000','2024-04-02 16:56:02.535000',0,0,0,1,12,NULL,_binary '\0'),(167,'2024-04-02 16:56:11.655000','2024-04-02 16:56:11.655000',0,0,0,1,12,NULL,_binary '\0'),(168,'2024-04-02 16:57:11.576000','2024-04-02 16:57:11.576000',0,0,0,1,12,NULL,_binary '\0'),(169,'2024-04-02 16:58:11.770000','2024-04-02 16:58:11.770000',0,0,0,1,12,NULL,_binary '\0'),(170,'2024-04-02 16:59:12.063000','2024-04-02 16:59:12.063000',0,0,0,1,12,NULL,_binary '\0'),(171,'2024-04-02 16:59:51.669000','2024-04-02 16:59:51.669000',0,0,0,1,12,NULL,_binary '\0'),(172,'2024-04-02 16:59:59.593000','2024-04-02 16:59:59.593000',0,0,0,1,12,NULL,_binary '\0'),(173,'2024-04-02 17:00:07.558000','2024-04-02 17:00:07.558000',0,0,0,1,12,NULL,_binary '\0'),(174,'2024-04-02 17:00:15.584000','2024-04-02 17:00:15.584000',0,0,0,1,12,NULL,_binary '\0'),(175,'2024-04-02 17:00:23.519000','2024-04-02 17:00:23.519000',0,0,0,1,12,NULL,_binary '\0'),(176,'2024-04-02 17:00:31.554000','2024-04-02 17:00:31.554000',0,0,0,1,12,NULL,_binary '\0'),(177,'2024-04-02 17:00:39.512000','2024-04-02 17:00:39.512000',0,0,0,1,12,NULL,_binary '\0'),(178,'2024-04-02 17:00:47.536000','2024-04-02 17:00:47.536000',0,0,0,1,12,NULL,_binary '\0'),(179,'2024-04-02 17:01:11.565000','2024-04-02 17:01:11.565000',0,0,0,1,12,NULL,_binary '\0'),(180,'2024-04-02 17:02:11.554000','2024-04-02 17:02:11.554000',0,0,0,1,12,NULL,_binary '\0'),(181,'2024-04-02 17:04:01.827000','2024-04-02 17:04:01.827000',0,0,0,1,12,NULL,_binary '\0'),(182,'2024-04-02 17:04:46.625000','2024-04-02 17:04:46.625000',0,0,0,1,12,NULL,_binary '\0'),(183,'2024-04-02 17:05:44.599000','2024-04-02 17:05:44.599000',0,0,0,1,12,NULL,_binary '\0'),(184,'2024-04-02 17:06:44.633000','2024-04-02 17:06:44.633000',0,0,0,1,12,NULL,_binary '\0'),(185,'2024-04-02 17:07:44.575000','2024-04-02 17:07:44.575000',0,0,0,1,12,NULL,_binary '\0'),(186,'2024-04-02 17:08:44.597000','2024-04-02 17:08:44.597000',0,0,0,1,12,NULL,_binary '\0'),(187,'2024-04-02 17:09:44.596000','2024-04-02 17:09:44.596000',0,0,0,1,12,NULL,_binary '\0'),(188,'2024-04-02 17:10:13.452000','2024-04-02 17:10:13.452000',0,0,0,1,12,NULL,_binary '\0'),(189,'2024-04-02 17:10:21.576000','2024-04-02 17:10:21.576000',0,0,0,1,12,NULL,_binary '\0'),(190,'2024-04-02 17:10:29.568000','2024-04-02 17:10:29.568000',0,0,0,1,12,NULL,_binary '\0'),(191,'2024-04-02 17:10:37.584000','2024-04-02 17:10:37.584000',0,0,0,1,12,NULL,_binary '\0'),(192,'2024-04-02 17:10:45.583000','2024-04-02 17:10:45.583000',0,0,0,1,12,NULL,_binary '\0'),(193,'2024-04-02 17:10:53.535000','2024-04-02 17:10:53.535000',0,0,0,1,12,NULL,_binary '\0'),(194,'2024-04-02 17:11:02.577000','2024-04-02 17:11:02.577000',0,0,0,1,12,NULL,_binary '\0'),(195,'2024-04-02 17:11:10.643000','2024-04-02 17:11:10.643000',0,0,0,1,12,NULL,_binary '\0'),(196,'2024-04-02 17:11:18.643000','2024-04-02 17:11:18.643000',0,0,0,1,12,NULL,_binary '\0'),(197,'2024-04-02 17:11:45.058000','2024-04-02 17:11:45.377000',40,2,5,1,12,NULL,_binary '\0'),(198,'2024-04-02 17:11:53.582000','2024-04-02 17:11:53.627000',40,2,5,1,12,NULL,_binary '\0'),(199,'2024-04-02 17:12:01.557000','2024-04-02 17:12:01.600000',40,2,5,1,12,NULL,_binary '\0'),(200,'2024-04-02 17:12:17.728000','2024-04-02 17:12:17.859000',40,2,5,1,12,NULL,_binary '\0'),(201,'2024-04-02 17:12:25.565000','2024-04-02 17:12:25.620000',40,2,5,1,12,NULL,_binary '\0'),(202,'2024-04-02 17:12:33.620000','2024-04-02 17:12:33.654000',40,2,5,1,12,NULL,_binary '\0'),(203,'2024-04-02 17:12:41.547000','2024-04-02 17:12:41.624000',40,2,5,1,12,NULL,_binary '\0'),(204,'2024-04-02 17:12:49.591000','2024-04-02 17:12:49.623000',40,2,5,1,12,NULL,_binary '\0'),(205,'2024-04-02 17:12:57.547000','2024-04-02 17:12:57.597000',40,2,5,1,12,NULL,_binary '\0'),(206,'2024-04-02 17:13:05.578000','2024-04-02 17:13:05.634000',40,2,5,1,12,NULL,_binary '\0'),(207,'2024-04-02 17:13:13.546000','2024-04-02 17:13:13.581000',40,2,5,1,12,NULL,_binary '\0'),(208,'2024-04-02 17:13:22.290000','2024-04-02 17:13:22.499000',40,2,5,1,12,NULL,_binary '\0'),(209,'2024-04-02 17:13:30.578000','2024-04-02 17:13:30.617000',40,2,5,1,12,NULL,_binary '\0'),(210,'2024-04-02 17:13:44.658000','2024-04-02 17:13:44.742000',40,2,5,1,12,NULL,_binary '\0'),(211,'2024-04-02 17:14:44.603000','2024-04-02 17:14:44.655000',40,2,5,1,12,NULL,_binary '\0'),(212,'2024-04-02 17:15:44.580000','2024-04-02 17:15:44.615000',40,2,5,1,12,NULL,_binary '\0'),(213,'2024-04-02 17:16:44.595000','2024-04-02 17:16:44.674000',40,2,5,1,12,NULL,_binary '\0'),(214,'2024-04-02 17:17:44.598000','2024-04-02 17:17:44.628000',40,2,5,1,12,NULL,_binary '\0'),(215,'2024-04-02 17:18:44.585000','2024-04-02 17:18:44.628000',40,2,5,1,12,NULL,_binary '\0'),(216,'2024-04-02 17:19:09.842000','2024-04-02 17:19:09.889000',40,2,5,1,12,NULL,_binary '\0'),(217,'2024-04-02 17:19:17.572000','2024-04-02 17:19:17.611000',40,2,5,1,12,NULL,_binary '\0'),(218,'2024-04-02 17:19:25.595000','2024-04-02 17:19:25.647000',40,2,5,1,12,NULL,_binary '\0'),(219,'2024-04-02 17:19:33.595000','2024-04-02 17:19:33.640000',40,2,5,1,12,NULL,_binary '\0'),(220,'2024-04-02 17:19:41.574000','2024-04-02 17:19:41.624000',40,2,5,1,12,NULL,_binary '\0'),(221,'2024-04-02 17:19:49.560000','2024-04-02 17:19:49.606000',40,2,5,1,12,NULL,_binary '\0'),(222,'2024-04-02 17:19:57.592000','2024-04-02 17:19:57.635000',40,2,5,1,12,NULL,_binary '\0'),(223,'2024-04-02 17:20:05.565000','2024-04-02 17:20:05.634000',40,2,5,1,12,NULL,_binary '\0'),(224,'2024-04-02 17:20:44.584000','2024-04-02 17:20:44.639000',40,2,5,1,12,NULL,_binary '\0'),(225,'2024-04-02 17:21:44.579000','2024-04-02 17:21:44.617000',40,2,5,1,12,NULL,_binary '\0'),(226,'2024-04-02 17:22:44.565000','2024-04-02 17:22:44.602000',40,2,5,1,12,NULL,_binary '\0'),(227,'2024-04-02 17:23:44.585000','2024-04-02 17:23:44.625000',40,2,5,1,12,NULL,_binary '\0'),(228,'2024-04-02 17:24:44.581000','2024-04-02 17:24:44.627000',40,2,5,1,12,NULL,_binary '\0'),(229,'2024-04-02 17:25:44.574000','2024-04-02 17:25:44.608000',40,2,5,1,12,NULL,_binary '\0'),(230,'2024-04-02 17:26:44.554000','2024-04-02 17:26:44.578000',40,2,5,1,12,NULL,_binary '\0'),(231,'2024-04-02 17:27:44.596000','2024-04-02 17:27:44.623000',40,2,5,1,12,NULL,_binary '\0'),(232,'2024-04-02 17:28:44.633000','2024-04-02 17:28:44.662000',40,2,5,1,12,NULL,_binary '\0'),(233,'2024-04-02 17:29:44.578000','2024-04-02 17:29:44.628000',40,2,5,1,12,NULL,_binary '\0'),(234,'2024-04-02 17:30:44.577000','2024-04-02 17:30:44.618000',40,2,5,1,12,NULL,_binary '\0'),(235,'2024-04-02 17:31:44.579000','2024-04-02 17:31:44.627000',40,2,5,1,12,NULL,_binary '\0'),(236,'2024-04-02 17:32:44.628000','2024-04-02 17:32:44.679000',40,2,5,1,12,NULL,_binary '\0'),(237,'2024-04-02 17:33:45.290000','2024-04-02 17:33:45.525000',40,2,5,1,12,NULL,_binary '\0'),(238,'2024-04-02 17:33:53.559000','2024-04-02 17:33:53.616000',40,2,5,1,12,NULL,_binary '\0'),(239,'2024-04-02 17:34:44.637000','2024-04-02 17:34:44.686000',40,2,5,1,12,NULL,_binary '\0'),(240,'2024-04-02 17:35:44.588000','2024-04-02 17:35:44.617000',40,2,5,1,12,NULL,_binary '\0'),(241,'2024-04-02 17:36:44.572000','2024-04-02 17:36:44.608000',40,2,5,1,12,NULL,_binary '\0'),(242,'2024-04-02 17:37:44.588000','2024-04-02 17:37:44.620000',40,2,5,1,12,NULL,_binary '\0'),(243,'2024-04-02 17:42:06.773000','2024-04-02 17:42:06.860000',40,2,5,1,12,NULL,_binary '\0'),(244,'2024-04-02 17:43:06.787000','2024-04-02 17:43:06.838000',40,2,5,1,12,NULL,_binary '\0'),(245,'2024-04-02 17:44:06.781000','2024-04-02 17:44:06.819000',40,2,5,1,12,NULL,_binary '\0'),(246,'2024-04-02 17:45:06.893000','2024-04-02 17:45:06.990000',40,2,5,1,12,NULL,_binary '\0'),(247,'2024-04-02 17:46:07.722000','2024-04-02 17:46:08.812000',40,2,5,1,12,NULL,_binary '\0'),(248,'2024-04-02 17:47:06.793000','2024-04-02 17:47:06.840000',40,2,5,1,12,NULL,_binary '\0'),(249,'2024-04-02 17:48:06.784000','2024-04-02 17:48:06.819000',40,2,5,1,12,NULL,_binary '\0'),(250,'2024-04-02 17:49:06.976000','2024-04-02 17:49:07.082000',40,2,5,1,12,NULL,_binary '\0'),(251,'2024-04-02 17:50:06.793000','2024-04-02 17:50:06.828000',40,2,5,1,12,NULL,_binary '\0'),(252,'2024-04-02 17:53:27.389000','2024-04-02 17:53:27.470000',40,2,5,1,12,NULL,_binary '\0'),(254,'2024-04-02 18:09:12.399000','2024-04-02 18:09:12.545000',20,1,5,1,12,NULL,_binary '\0'),(255,'2024-04-02 18:09:20.998000','2024-04-02 18:09:21.032000',20,1,5,1,12,NULL,_binary '\0'),(256,'2024-04-02 18:09:29.130000','2024-04-02 18:09:29.367000',20,1,5,1,12,NULL,_binary '\0'),(257,'2024-04-02 18:09:37.030000','2024-04-02 18:09:37.095000',20,1,5,1,12,NULL,_binary '\0'),(258,'2024-04-02 18:09:44.996000','2024-04-02 18:09:45.021000',20,1,5,1,12,NULL,_binary '\0'),(259,'2024-04-02 18:09:52.968000','2024-04-02 18:09:52.988000',20,1,5,1,12,NULL,_binary '\0'),(260,'2024-04-02 18:10:00.984000','2024-04-02 18:10:01.076000',20,1,5,1,12,NULL,_binary '\0'),(261,'2024-04-02 18:10:08.981000','2024-04-02 18:10:09.005000',20,1,5,1,12,NULL,_binary '\0'),(262,'2024-04-02 18:10:17.036000','2024-04-02 18:10:17.085000',20,1,5,1,12,NULL,_binary '\0'),(263,'2024-04-02 18:10:40.066000','2024-04-02 18:10:40.111000',20,1,5,1,12,NULL,_binary '\0'),(264,'2024-04-02 18:11:04.552000','2024-04-02 18:11:04.716000',20,1,5,1,12,NULL,_binary '\0'),(265,'2024-04-02 18:11:12.987000','2024-04-02 18:11:13.036000',20,1,5,1,12,NULL,_binary '\0'),(266,'2024-04-02 18:11:20.962000','2024-04-02 18:11:20.990000',20,1,5,1,12,NULL,_binary '\0'),(267,'2024-04-02 18:11:29.013000','2024-04-02 18:11:29.040000',20,1,5,1,12,NULL,_binary '\0'),(268,'2024-04-02 18:11:36.997000','2024-04-02 18:11:37.026000',20,1,5,1,12,NULL,_binary '\0'),(269,'2024-04-02 18:11:44.961000','2024-04-02 18:11:44.983000',20,1,5,1,12,NULL,_binary '\0'),(270,'2024-04-02 18:11:52.991000','2024-04-02 18:11:53.026000',20,1,5,1,12,NULL,_binary '\0'),(271,'2024-04-02 18:12:00.969000','2024-04-02 18:12:00.988000',20,1,5,1,12,NULL,_binary '\0'),(272,'2024-04-02 18:12:40.181000','2024-04-02 18:12:40.310000',20,1,5,1,12,NULL,_binary '\0'),(273,'2024-04-02 18:13:40.168000','2024-04-02 18:13:40.273000',20,1,5,1,12,NULL,_binary '\0'),(274,'2024-04-02 18:59:00.258000','2024-04-02 18:59:00.608000',40,2,5,1,12,NULL,_binary '\0'),(275,'2024-04-03 01:07:09.586000','2024-04-03 01:07:09.725000',60,3,5,1,12,NULL,_binary '\0'),(276,'2024-04-03 01:10:30.637000','2024-04-03 01:10:30.681000',60,3,5,1,12,NULL,_binary '\0'),(277,'2024-04-03 01:14:53.542000','2024-04-03 01:14:55.259000',0,0,2,3,12,NULL,_binary '\0'),(278,'2024-04-03 01:33:47.347000','2024-04-03 01:33:48.567000',0,0,2,3,12,NULL,_binary '\0'),(279,'2024-04-03 01:37:00.521000','2024-04-03 01:37:01.345000',0,0,2,3,12,NULL,_binary '\0'),(280,'2024-04-03 01:39:53.107000','2024-04-03 01:39:53.960000',0,0,2,3,12,NULL,_binary '\0'),(281,'2024-04-03 01:49:04.159000','2024-04-03 01:49:08.567000',100,2,2,3,12,NULL,_binary '\0'),(282,'2024-04-03 01:56:41.231000','2024-04-03 01:56:45.443000',100,2,2,3,12,NULL,_binary '\0'),(283,'2024-04-03 03:05:31.534000','2024-04-03 03:05:31.650000',20,1,5,1,12,NULL,_binary '\0'),(284,'2024-04-03 03:07:45.089000','2024-04-03 03:07:45.107000',0,0,5,1,12,NULL,_binary '\0'),(285,'2024-04-03 03:08:20.979000','2024-04-03 03:08:21.005000',0,0,5,1,12,NULL,_binary '\0'),(286,'2024-04-03 03:29:36.126000','2024-04-03 03:29:36.222000',80,4,5,1,12,NULL,_binary '\0'),(287,'2024-04-03 03:34:04.892000','2024-04-03 03:34:04.970000',80,4,5,1,12,NULL,_binary '\0'),(288,'2024-04-03 03:35:40.234000','2024-04-03 03:35:40.292000',20,1,5,1,12,NULL,_binary '\0'),(289,'2024-04-03 03:59:09.810000','2024-04-03 03:59:09.873000',40,2,5,1,12,NULL,_binary '\0'),(290,'2024-04-03 04:00:54.451000','2024-04-03 04:00:54.500000',80,4,5,1,12,NULL,_binary '\0'),(291,'2024-04-03 04:05:34.915000','2024-04-03 04:05:35.467000',100,5,5,137,1,NULL,_binary ''),(292,'2024-04-03 04:14:32.799000','2024-04-03 04:14:37.274000',0,0,2,3,12,NULL,_binary '\0'),(293,'2024-04-03 04:18:30.717000','2024-04-03 04:18:34.643000',0,0,2,3,12,NULL,_binary '\0'),(294,'2024-04-03 04:20:59.961000','2024-04-03 04:21:04.178000',0,0,2,3,12,NULL,_binary '\0'),(295,'2024-04-03 04:25:48.448000','2024-04-03 04:25:52.529000',0,0,2,3,12,NULL,_binary '\0'),(296,'2024-04-03 04:28:52.357000','2024-04-03 04:33:35.051000',100,2,2,3,12,NULL,_binary '\0'),(297,'2024-04-03 04:33:47.447000','2024-04-03 04:33:51.645000',0,0,2,3,12,NULL,_binary '\0'),(298,'2024-04-03 04:37:50.578000','2024-04-03 04:37:54.928000',0,0,2,3,12,NULL,_binary '\0'),(299,'2024-04-03 11:16:42.725000','2024-04-03 11:16:42.809000',60,3,5,138,12,NULL,_binary '\0'),(300,'2024-04-03 11:16:48.229000','2024-04-03 11:16:48.268000',80,4,5,138,1,NULL,_binary ''),(301,'2024-04-08 13:20:17.813000','2024-04-08 13:20:17.813000',0,0,0,3,1,NULL,_binary '\0'),(302,'2024-04-08 13:20:27.772000','2024-04-08 13:20:27.772000',0,0,0,3,1,NULL,_binary '\0'),(303,'2024-04-08 13:22:16.180000','2024-04-08 13:22:16.180000',0,0,0,3,1,NULL,_binary '\0'),(304,'2024-04-08 13:24:27.314000','2024-04-08 13:24:37.602000',0,0,2,3,1,NULL,_binary '\0'),(305,'2024-04-08 13:25:03.810000','2024-04-08 13:25:07.285000',100,2,2,3,1,NULL,_binary '\0'),(306,'2024-04-08 13:25:30.430000','2024-04-08 13:25:33.887000',0,0,2,3,1,NULL,_binary '\0'),(307,'2024-04-08 14:45:35.486000','2024-04-08 14:45:35.846000',40,2,5,1,5,NULL,_binary '\0'),(308,'2024-04-08 15:35:31.470000','2024-04-08 15:35:31.514000',0,0,5,120,3,NULL,_binary ''),(309,'2024-04-08 17:15:12.581000','2024-04-08 17:15:12.668000',30,3,10,151,16,NULL,_binary '\0'),(310,'2024-04-08 17:15:16.107000','2024-04-08 17:15:16.169000',20,2,10,151,1,NULL,_binary '\0'),(311,'2024-04-08 17:49:07.361000','2024-04-08 17:49:11.303000',0,0,2,3,16,NULL,_binary '\0'),(312,'2024-04-08 17:49:34.454000','2024-04-08 17:49:38.112000',0,0,2,3,16,NULL,_binary '\0'),(313,'2024-04-08 17:50:01.745000','2024-04-08 17:50:05.184000',0,0,2,3,16,NULL,_binary '\0'),(314,'2024-04-08 17:50:52.104000','2024-04-08 17:50:52.104000',0,0,0,3,16,NULL,_binary '\0'),(315,'2024-04-08 19:03:35.016000','2024-04-08 19:03:35.056000',0,0,10,152,16,NULL,_binary '\0'),(316,'2024-04-08 19:03:36.045000','2024-04-08 19:03:36.067000',0,0,10,152,1,NULL,_binary '\0'),(317,'2024-04-08 22:36:55.861000','2024-04-08 22:36:55.948000',30,3,10,154,3,NULL,_binary '\0'),(318,'2024-04-08 22:36:58.391000','2024-04-08 22:36:58.483000',20,2,10,154,1,NULL,_binary '\0'),(319,'2024-04-09 10:04:14.609000','2024-04-09 10:04:14.740000',40,4,10,156,15,NULL,_binary '\0'),(320,'2024-04-09 11:19:33.295000','2024-04-09 11:19:33.426000',100,5,5,1,1,NULL,_binary '\0'),(321,'2024-04-09 11:26:49.203000','2024-04-09 11:26:49.301000',40,4,10,157,1,NULL,_binary '\0'),(322,'2024-04-09 11:26:53.712000','2024-04-09 11:26:53.801000',20,2,10,157,17,NULL,_binary '\0'),(323,'2024-04-09 11:43:46.427000','2024-04-09 11:43:46.514000',40,4,10,158,1,NULL,_binary '\0'),(324,'2024-04-09 11:43:50.910000','2024-04-09 11:43:50.968000',10,1,10,158,17,NULL,_binary '\0'),(325,'2024-04-09 11:49:42.748000','2024-04-09 11:49:42.820000',50,5,10,159,1,NULL,_binary '\0'),(326,'2024-04-09 11:49:46.926000','2024-04-09 11:49:46.973000',0,0,10,159,17,NULL,_binary '\0'),(327,'2024-04-09 11:58:46.366000','2024-04-09 11:58:46.490000',55.5556,5,9,160,1,NULL,_binary '\0'),(328,'2024-04-09 11:58:52.884000','2024-04-09 11:58:52.921000',0,0,9,160,17,NULL,_binary '\0'),(329,'2024-04-09 12:09:05.451000','2024-04-09 12:09:05.634000',100,8,8,161,1,NULL,_binary '\0'),(330,'2024-04-09 12:11:34.399000','2024-04-09 12:11:34.461000',87.5,7,8,162,1,NULL,_binary '\0'),(331,'2024-04-09 12:12:27.379000','2024-04-09 12:12:27.493000',87.5,7,8,162,17,NULL,_binary '\0'),(332,'2024-04-09 12:14:56.759000','2024-04-09 12:14:56.975000',100,8,8,163,1,NULL,_binary '\0'),(333,'2024-04-09 12:15:00.331000','2024-04-09 12:15:00.431000',87.5,7,8,163,17,NULL,_binary '\0'),(334,'2024-04-09 12:15:51.738000','2024-04-09 12:15:51.869000',100,5,5,1,1,NULL,_binary '\0'),(335,'2024-04-09 12:22:26.514000','2024-04-09 12:22:31.146000',100,2,2,3,1,NULL,_binary '\0'),(336,'2024-04-09 12:22:43.311000','2024-04-09 12:22:46.915000',0,0,2,3,1,NULL,_binary '\0'),(337,'2024-04-09 12:24:13.101000','2024-04-09 12:24:16.827000',100,2,2,3,1,NULL,_binary '\0'),(338,'2024-04-09 12:24:30.977000','2024-04-09 12:24:34.615000',0,0,2,3,1,NULL,_binary '\0'),(339,'2024-04-09 12:24:52.258000','2024-04-09 12:24:56.057000',100,2,2,3,1,NULL,_binary '\0'),(340,'2024-04-09 12:28:29.798000','2024-04-09 12:28:29.930000',100,9,9,164,1,NULL,_binary '\0'),(341,'2024-04-09 13:28:20.382000','2024-04-09 13:28:24.206000',100,2,2,3,1,NULL,_binary '\0'),(342,'2024-04-09 13:49:06.617000','2024-04-09 13:49:06.752000',88.8889,8,9,165,15,NULL,_binary '\0'),(343,'2024-04-09 13:49:08.634000','2024-04-09 13:49:08.728000',33.3333,3,9,165,18,NULL,_binary '\0'),(344,'2024-04-09 13:52:20.831000','2024-04-09 13:52:24.683000',100,2,2,3,15,NULL,_binary '\0'),(345,'2024-04-09 13:52:38.980000','2024-04-09 13:52:42.554000',0,0,2,3,15,NULL,_binary '\0'),(346,'2024-04-09 13:54:13.967000','2024-04-09 13:54:18.070000',100,2,2,3,15,NULL,_binary '\0'),(347,'2024-04-09 21:18:16.537563','2024-04-09 21:18:16.537624',0,0,0,199,1,NULL,_binary '\0'),(348,'2024-04-09 21:18:17.715973','2024-04-09 21:18:17.715997',0,0,0,199,1,NULL,_binary '\0'),(349,'2024-04-09 21:18:18.853003','2024-04-09 21:18:18.853032',0,0,0,199,1,NULL,_binary '\0'),(350,'2024-04-09 21:18:19.965602','2024-04-09 21:18:19.965611',0,0,0,199,1,NULL,_binary '\0'),(351,'2024-04-09 21:18:21.054937','2024-04-09 21:18:21.054964',0,0,0,199,1,NULL,_binary '\0'),(352,'2024-04-09 21:18:22.196106','2024-04-09 21:18:22.196122',0,0,0,199,1,NULL,_binary '\0'),(353,'2024-04-09 21:18:23.284608','2024-04-09 21:18:23.284624',0,0,0,199,1,NULL,_binary '\0'),(354,'2024-04-09 21:18:24.395663','2024-04-09 21:18:24.395677',0,0,0,199,1,NULL,_binary '\0'),(355,'2024-04-09 21:18:25.554932','2024-04-09 21:18:25.554964',0,0,0,199,1,NULL,_binary '\0'),(356,'2024-04-09 21:18:26.725991','2024-04-09 21:18:26.725998',0,0,0,199,1,NULL,_binary '\0'),(357,'2024-04-09 21:18:27.784706','2024-04-09 21:18:27.784720',0,0,0,199,1,NULL,_binary '\0'),(358,'2024-04-09 21:18:28.905638','2024-04-09 21:18:28.905667',0,0,0,199,1,NULL,_binary '\0'),(359,'2024-04-09 21:18:30.039460','2024-04-09 21:18:30.039476',0,0,0,199,1,NULL,_binary '\0'),(360,'2024-04-09 21:18:31.140967','2024-04-09 21:18:31.140982',0,0,0,199,1,NULL,_binary '\0'),(361,'2024-04-09 21:18:32.824293','2024-04-09 21:18:32.824332',0,0,0,199,1,NULL,_binary '\0'),(362,'2024-04-09 21:18:33.942987','2024-04-09 21:18:33.943021',0,0,0,199,1,NULL,_binary '\0'),(363,'2024-04-09 21:18:35.064401','2024-04-09 21:18:35.064457',0,0,0,199,1,NULL,_binary '\0'),(364,'2024-04-09 21:18:36.185532','2024-04-09 21:18:36.185549',0,0,0,199,1,NULL,_binary '\0'),(365,'2024-04-09 21:18:37.306033','2024-04-09 21:18:37.306051',0,0,0,199,1,NULL,_binary '\0'),(366,'2024-04-09 21:18:38.438549','2024-04-09 21:18:38.438567',0,0,0,199,1,NULL,_binary '\0'),(367,'2024-04-09 21:18:39.536299','2024-04-09 21:18:39.536312',0,0,0,199,1,NULL,_binary '\0'),(368,'2024-04-09 21:18:41.555889','2024-04-09 21:18:41.555908',0,0,0,199,1,NULL,_binary '\0'),(369,'2024-04-09 21:18:42.726378','2024-04-09 21:18:42.726409',0,0,0,199,1,NULL,_binary '\0'),(370,'2024-04-09 21:18:44.666371','2024-04-09 21:18:44.666379',0,0,0,199,1,NULL,_binary '\0'),(371,'2024-04-09 21:18:46.613720','2024-04-09 21:18:46.613726',0,0,0,199,1,NULL,_binary '\0'),(372,'2024-04-09 21:18:48.620146','2024-04-09 21:18:48.620157',0,0,0,199,1,NULL,_binary '\0'),(373,'2024-04-09 21:18:50.645319','2024-04-09 21:18:50.645336',0,0,0,199,1,NULL,_binary '\0'),(374,'2024-04-09 21:18:52.623381','2024-04-09 21:18:52.623397',0,0,0,199,1,NULL,_binary '\0'),(375,'2024-04-09 21:18:54.628463','2024-04-09 21:18:54.628475',0,0,0,199,1,NULL,_binary '\0'),(376,'2024-04-09 21:18:56.620715','2024-04-09 21:18:56.620721',0,0,0,199,1,NULL,_binary '\0'),(377,'2024-04-09 21:18:58.667059','2024-04-09 21:18:58.667066',0,0,0,199,1,NULL,_binary '\0'),(378,'2024-04-09 21:18:59.771400','2024-04-09 21:18:59.771433',0,0,0,199,1,NULL,_binary '\0'),(379,'2024-04-09 21:19:00.932638','2024-04-09 21:19:00.932650',0,0,0,199,1,NULL,_binary '\0'),(380,'2024-04-09 21:19:02.055117','2024-04-09 21:19:02.055124',0,0,0,199,1,NULL,_binary '\0'),(381,'2024-04-09 21:19:03.220448','2024-04-09 21:19:03.220467',0,0,0,199,1,NULL,_binary '\0'),(382,'2024-04-09 21:19:04.336040','2024-04-09 21:19:04.336051',0,0,0,199,1,NULL,_binary '\0'),(383,'2024-04-09 21:19:05.454398','2024-04-09 21:19:05.454417',0,0,0,199,1,NULL,_binary '\0'),(384,'2024-04-09 21:19:06.614288','2024-04-09 21:19:06.614303',0,0,0,199,1,NULL,_binary '\0'),(385,'2024-04-09 21:19:07.713258','2024-04-09 21:19:07.713282',0,0,0,199,1,NULL,_binary '\0'),(386,'2024-04-09 21:19:08.824000','2024-04-09 21:19:08.824020',0,0,0,199,1,NULL,_binary '\0'),(387,'2024-04-09 21:19:09.913146','2024-04-09 21:19:09.913155',0,0,0,199,1,NULL,_binary '\0'),(388,'2024-04-09 21:19:10.996866','2024-04-09 21:19:10.996879',0,0,0,199,1,NULL,_binary '\0'),(389,'2024-04-09 21:19:12.094901','2024-04-09 21:19:12.094914',0,0,0,199,1,NULL,_binary '\0'),(390,'2024-04-09 21:19:13.236634','2024-04-09 21:19:13.236646',0,0,0,199,1,NULL,_binary '\0'),(391,'2024-04-09 21:19:14.314005','2024-04-09 21:19:14.314020',0,0,0,199,1,NULL,_binary '\0'),(392,'2024-04-09 21:19:15.369711','2024-04-09 21:19:15.369727',0,0,0,199,1,NULL,_binary '\0'),(393,'2024-04-09 21:19:16.433630','2024-04-09 21:19:16.433667',0,0,0,199,1,NULL,_binary '\0'),(394,'2024-04-09 21:19:17.496808','2024-04-09 21:19:17.496820',0,0,0,199,1,NULL,_binary '\0'),(395,'2024-04-09 21:19:18.561033','2024-04-09 21:19:18.561045',0,0,0,199,1,NULL,_binary '\0'),(396,'2024-04-09 21:19:19.649788','2024-04-09 21:19:19.649804',0,0,0,199,1,NULL,_binary '\0'),(397,'2024-04-09 21:19:20.723848','2024-04-09 21:19:20.723868',0,0,0,199,1,NULL,_binary '\0'),(398,'2024-04-09 21:19:21.828188','2024-04-09 21:19:21.828220',0,0,0,199,1,NULL,_binary '\0'),(399,'2024-04-09 21:19:22.934451','2024-04-09 21:19:22.934465',0,0,0,199,1,NULL,_binary '\0'),(400,'2024-04-09 21:19:24.011821','2024-04-09 21:19:24.011836',0,0,0,199,1,NULL,_binary '\0'),(401,'2024-04-09 21:19:25.089397','2024-04-09 21:19:25.089410',0,0,0,199,1,NULL,_binary '\0'),(402,'2024-04-09 21:19:26.178233','2024-04-09 21:19:26.178244',0,0,0,199,1,NULL,_binary '\0'),(403,'2024-04-09 21:19:27.265528','2024-04-09 21:19:27.265536',0,0,0,199,1,NULL,_binary '\0'),(404,'2024-04-09 21:19:28.351406','2024-04-09 21:19:28.351420',0,0,0,199,1,NULL,_binary '\0'),(405,'2024-04-09 21:19:29.461212','2024-04-09 21:19:29.461224',0,0,0,199,1,NULL,_binary '\0'),(406,'2024-04-09 21:19:30.570516','2024-04-09 21:19:30.570555',0,0,0,199,1,NULL,_binary '\0'),(407,'2024-04-09 21:19:32.617197','2024-04-09 21:19:32.617204',0,0,0,199,1,NULL,_binary '\0'),(408,'2024-04-09 21:19:34.634069','2024-04-09 21:19:34.634076',0,0,0,199,1,NULL,_binary '\0'),(409,'2024-04-09 21:19:36.655463','2024-04-09 21:19:36.655525',0,0,0,199,1,NULL,_binary '\0'),(410,'2024-04-09 21:19:38.641670','2024-04-09 21:19:38.641678',0,0,0,199,1,NULL,_binary '\0'),(411,'2024-04-09 21:19:40.645028','2024-04-09 21:19:40.645055',0,0,0,199,1,NULL,_binary '\0'),(412,'2024-04-09 21:19:42.646331','2024-04-09 21:19:42.646343',0,0,0,199,1,NULL,_binary '\0'),(413,'2024-04-09 21:19:43.716694','2024-04-09 21:19:43.716706',0,0,0,199,1,NULL,_binary '\0'),(414,'2024-04-09 21:19:44.793917','2024-04-09 21:19:44.793943',0,0,0,199,1,NULL,_binary '\0'),(415,'2024-04-09 21:19:45.896283','2024-04-09 21:19:45.896295',0,0,0,199,1,NULL,_binary '\0'),(416,'2024-04-09 21:19:46.959913','2024-04-09 21:19:46.959927',0,0,0,199,1,NULL,_binary '\0'),(417,'2024-04-09 21:19:48.069467','2024-04-09 21:19:48.069479',0,0,0,199,1,NULL,_binary '\0'),(418,'2024-04-09 21:19:49.136052','2024-04-09 21:19:49.136072',0,0,0,199,1,NULL,_binary '\0'),(419,'2024-04-09 21:39:53.451389','2024-04-09 21:39:53.637208',88.8889,8,9,199,1,NULL,_binary '\0'),(420,'2024-04-09 21:49:28.186009','2024-04-09 21:49:28.266751',80,4,5,1,1,NULL,_binary '\0'),(421,'2024-04-09 21:50:22.031400','2024-04-09 21:50:27.443435',0,0,2,3,1,NULL,_binary '\0'),(422,'2024-04-09 23:19:46.379150','2024-04-09 23:19:46.399609',0,0,4,201,1,NULL,_binary '\0'),(423,'2024-04-09 23:21:24.955664','2024-04-09 23:21:25.112766',100,4,4,201,1,NULL,_binary '\0'),(424,'2024-04-09 23:22:33.442039','2024-04-09 23:22:33.690360',77.7778,7,9,199,1,NULL,_binary '\0'),(425,'2024-04-09 23:45:29.270795','2024-04-09 23:45:29.327651',0,0,10,202,1,NULL,_binary '\0'),(426,'2024-04-09 23:45:30.404778','2024-04-09 23:45:30.432187',0,0,10,202,18,NULL,_binary '\0'),(427,'2024-04-09 23:48:35.278938','2024-04-09 23:48:35.301992',0,0,10,203,1,NULL,_binary '\0'),(428,'2024-04-09 23:48:38.882255','2024-04-09 23:48:38.916676',0,0,10,203,18,NULL,_binary '\0'),(429,'2024-04-09 23:51:47.269885','2024-04-09 23:51:47.309501',0,0,10,204,1,NULL,_binary '\0'),(430,'2024-04-09 23:51:50.558570','2024-04-09 23:51:50.603164',0,0,10,204,18,NULL,_binary '\0'),(431,'2024-04-09 23:56:50.289857','2024-04-09 23:56:50.330392',0,0,10,205,1,NULL,_binary '\0'),(432,'2024-04-09 23:58:31.233808','2024-04-09 23:58:31.263454',0,0,10,206,1,NULL,_binary '\0'),(433,'2024-04-09 23:58:33.305526','2024-04-09 23:58:33.354608',0,0,10,206,18,NULL,_binary '\0'),(434,'2024-04-10 00:01:22.249343','2024-04-10 00:01:22.284776',0,0,10,207,1,NULL,_binary '\0'),(435,'2024-04-10 00:01:25.530619','2024-04-10 00:01:25.571663',0,0,10,207,18,NULL,_binary '\0'),(436,'2024-04-10 00:03:59.017300','2024-04-10 00:03:59.066621',0,0,10,208,1,NULL,_binary '\0'),(437,'2024-04-10 00:05:41.259194','2024-04-10 00:05:41.282661',0,0,10,209,1,NULL,_binary '\0'),(438,'2024-04-10 00:05:45.412466','2024-04-10 00:05:45.449490',0,0,10,209,18,NULL,_binary '\0'),(439,'2024-04-10 00:08:00.898649','2024-04-10 00:08:00.940587',0,0,10,210,18,NULL,_binary '\0'),(440,'2024-04-10 00:11:14.206291','2024-04-10 00:11:14.250234',0,0,10,212,1,NULL,_binary '\0'),(441,'2024-04-10 00:11:15.483452','2024-04-10 00:11:15.527675',0,0,10,212,18,NULL,_binary '\0'),(442,'2024-04-10 00:15:30.408784','2024-04-10 00:15:30.497681',60,6,10,215,18,NULL,_binary '\0'),(443,'2024-04-10 00:15:30.408784','2024-04-10 00:15:30.493917',30,3,10,215,1,NULL,_binary '\0'),(444,'2024-04-10 00:25:53.606416','2024-04-10 00:25:53.695874',20,2,10,216,1,NULL,_binary '\0'),(445,'2024-04-10 00:25:53.606416','2024-04-10 00:25:53.714981',70,7,10,216,18,NULL,_binary '\0'),(446,'2024-04-10 12:09:57.793110','2024-04-10 12:09:57.954699',20,2,10,217,1,NULL,_binary '\0'),(447,'2024-04-10 12:09:57.947211','2024-04-10 12:09:57.991848',20,2,10,217,18,NULL,_binary '\0'),(448,'2024-04-10 12:14:07.003152','2024-04-10 12:14:10.975431',100,2,2,3,1,NULL,_binary '\0'),(449,'2024-04-10 12:14:25.966824','2024-04-10 12:14:29.976142',0,0,2,3,1,NULL,_binary '\0'),(450,'2024-04-10 13:34:50.689644','2024-04-10 13:34:50.873672',100,5,5,218,1,NULL,_binary ''),(451,'2024-05-05 14:37:50.761771','2024-05-05 14:37:50.861178',60,3,5,1,1,NULL,_binary '\0'),(452,'2024-05-05 14:40:21.223652','2024-05-05 14:40:21.435630',80,8,10,219,1,NULL,_binary '\0'),(453,'2024-05-07 00:51:10.195516','2024-05-07 00:51:10.356498',80,4,5,1,1,NULL,_binary '\0'),(454,'2024-05-11 22:31:52.118805','2024-05-11 22:31:52.764768',73.3333,11,15,140,1,NULL,_binary '\0'),(455,'2024-05-12 00:26:44.320064','2024-05-12 00:26:45.075998',100,15,15,140,1,NULL,_binary '\0'),(456,'2024-05-12 01:11:23.295657','2024-05-12 01:11:23.871646',90,9,10,143,1,NULL,_binary '\0'),(457,'2024-05-12 01:16:51.492669','2024-05-12 01:16:51.696390',100,5,5,1,19,NULL,_binary '\0'),(458,'2024-05-12 01:30:45.017969','2024-05-12 01:30:45.440123',80,8,10,220,1,NULL,_binary ''),(459,'2024-05-12 16:28:21.735330','2024-05-12 16:28:22.418120',70,7,10,143,1,NULL,_binary '\0'),(460,'2024-05-13 09:44:34.115090','2024-05-13 09:44:34.765699',93.3333,14,15,140,20,NULL,_binary '\0'),(461,'2024-05-13 09:52:14.148814','2024-05-13 09:52:14.414621',60,6,10,222,1,NULL,_binary ''),(462,'2024-05-13 09:52:16.438544','2024-05-13 09:52:16.490615',0,0,10,222,20,NULL,_binary '\0'),(463,'2024-05-13 11:17:03.815461','2024-05-13 11:17:03.874112',0,0,10,224,1,NULL,_binary ''),(464,'2024-05-13 11:17:05.617077','2024-05-13 11:17:05.662506',0,0,10,224,20,NULL,_binary '\0'),(465,'2024-05-13 11:28:19.525878','2024-05-13 11:28:19.579687',0,0,10,225,1,NULL,_binary ''),(466,'2024-05-13 11:28:22.378227','2024-05-13 11:28:22.425700',0,0,10,225,20,NULL,_binary '\0'),(467,'2024-05-13 11:42:07.874498','2024-05-13 11:42:07.952600',0,0,10,226,20,NULL,_binary ''),(468,'2024-05-13 11:42:07.887246','2024-05-13 11:42:07.961482',0,0,10,226,1,NULL,_binary '\0'),(469,'2024-05-13 11:49:13.911927','2024-05-13 11:49:13.954101',0,0,10,227,1,NULL,_binary ''),(470,'2024-05-13 11:49:14.939671','2024-05-13 11:49:14.983356',0,0,10,227,20,NULL,_binary '\0'),(471,'2024-05-13 12:01:33.994277','2024-05-13 12:01:34.044685',0,0,10,229,1,NULL,_binary ''),(472,'2024-05-13 12:01:37.779920','2024-05-13 12:01:37.826589',0,0,10,229,20,NULL,_binary '\0'),(473,'2024-05-13 12:14:36.310823','2024-05-13 12:14:36.355980',0,0,10,230,20,NULL,_binary ''),(474,'2024-05-13 15:52:53.296465','2024-05-13 15:52:53.622653',80,4,5,1,1,NULL,_binary '\0'),(475,'2024-05-13 15:55:25.044657','2024-05-13 15:55:25.178058',10,1,10,231,1,NULL,_binary ''),(476,'2024-05-13 16:08:47.681518','2024-05-13 16:08:47.728506',0,0,10,231,20,NULL,_binary '\0'),(477,'2024-05-14 01:34:39.739083','2024-05-14 01:34:39.983062',40,4,10,232,15,NULL,_binary ''),(478,'2024-05-14 01:34:40.383040','2024-05-14 01:34:40.533024',20,2,10,232,20,NULL,_binary '\0'),(479,'2024-05-14 12:44:46.205026','2024-05-14 12:44:46.465252',60,3,5,1,20,NULL,_binary '\0'),(480,'2024-05-14 12:46:26.948191','2024-05-14 12:46:31.067027',0,0,2,3,20,NULL,_binary '\0'),(481,'2024-05-14 17:52:28.524614','2024-05-14 17:52:32.707092',100,2,2,3,20,NULL,_binary '\0'),(482,'2024-05-14 18:02:06.236097','2024-05-14 18:02:09.649328',100,2,2,3,20,NULL,_binary '\0'),(483,'2024-05-14 18:02:55.852489','2024-05-14 18:02:59.259232',100,2,2,3,20,NULL,_binary '\0'),(484,'2024-05-14 18:22:20.487920','2024-05-14 18:22:20.774837',100,5,5,1,15,NULL,_binary '\0'),(485,'2024-05-14 18:28:17.092463','2024-05-14 18:28:17.264740',13.3333,2,15,233,22,NULL,_binary '\0'),(486,'2024-05-14 18:28:17.730767','2024-05-14 18:28:17.956191',20,3,15,233,15,NULL,_binary '\0'),(487,'2024-05-14 18:28:18.102879','2024-05-14 18:28:18.363703',33.3333,5,15,233,23,NULL,_binary ''),(488,'2024-05-14 18:28:18.222740','2024-05-14 18:28:18.335244',0,0,15,233,21,NULL,_binary '\0'),(489,'2024-05-14 18:33:08.002120','2024-05-14 18:33:11.438940',100,2,2,3,15,NULL,_binary '\0'),(490,'2024-05-14 18:33:41.498183','2024-05-14 18:33:44.918737',0,0,2,3,15,NULL,_binary '\0'),(491,'2024-05-14 18:34:04.877325','2024-05-14 18:34:08.274834',100,2,2,3,15,NULL,_binary '\0'),(492,'2024-05-14 19:08:23.996868','2024-05-14 19:08:24.318488',33.3333,5,15,234,23,NULL,_binary ''),(493,'2024-05-14 21:17:50.413839','2024-05-14 21:17:50.448652',0,0,5,1,1,NULL,_binary '\0'),(494,'2024-05-15 20:00:58.457880','2024-05-15 20:00:58.650811',40,2,5,1,15,NULL,_binary '\0'),(495,'2024-05-15 20:05:03.636626','2024-05-15 20:05:03.954341',40,6,15,235,24,NULL,_binary ''),(496,'2024-05-15 20:06:54.965190','2024-05-15 20:06:55.239119',33.3333,5,15,236,15,NULL,_binary ''),(497,'2024-05-15 20:06:56.070360','2024-05-15 20:06:56.222824',6.66667,1,15,236,25,NULL,_binary '\0'),(498,'2024-05-15 20:16:44.876304','2024-05-15 20:16:45.064495',20,2,10,143,25,NULL,_binary '\0'),(499,'2024-05-15 21:43:10.126479','2024-05-15 21:43:10.315765',20,2,10,143,20,NULL,_binary '\0'),(500,'2024-05-15 21:50:39.483184','2024-05-15 21:50:39.775158',26.6667,4,15,237,26,NULL,_binary '\0'),(501,'2024-05-15 21:50:39.636169','2024-05-15 21:50:39.891374',40,6,15,237,1,NULL,_binary ''),(502,'2024-05-15 21:50:39.672744','2024-05-15 21:50:39.979324',33.3333,5,15,237,27,NULL,_binary '\0'),(503,'2024-05-15 21:51:59.838454','2024-05-15 21:51:59.905076',0,0,15,237,26,NULL,_binary '\0'),(504,'2024-05-15 21:52:40.094702','2024-05-15 21:52:44.019192',0,0,2,3,1,NULL,_binary '\0'),(505,'2024-05-15 21:53:05.509270','2024-05-15 21:53:08.857961',0,0,2,3,1,NULL,_binary '\0'),(506,'2024-05-15 21:53:22.954834','2024-05-15 21:53:26.287944',100,2,2,3,1,NULL,_binary '\0'),(507,'2024-05-15 21:53:41.043165','2024-05-15 21:53:44.404281',100,2,2,3,1,NULL,_binary '\0');
/*!40000 ALTER TABLE `challenge_submissions` ENABLE KEYS */;
UNLOCK TABLES;

--
-- Table structure for table `challenges`
--

DROP TABLE IF EXISTS `challenges`;
/*!40101 SET @saved_cs_client     = @@character_set_client */;
/*!50503 SET character_set_client = utf8mb4 */;
CREATE TABLE `challenges` (
  `id` bigint NOT NULL AUTO_INCREMENT,
  `created_at` datetime(6) DEFAULT NULL,
  `updated_at` datetime(6) DEFAULT NULL,
  `category` varchar(255) DEFAULT NULL,
  `created_by` enum('STUDENT_USER','ADMIN') DEFAULT NULL,
  `end_date` datetime(6) DEFAULT NULL,
  `friendly_type` varchar(255) DEFAULT NULL,
  `level` int NOT NULL,
  `participant_type` enum('GROUP','INDIVIDUAL') DEFAULT NULL,
  `start_date` datetime(6) DEFAULT NULL,
  `submissions` bigint NOT NULL,
  `title` varchar(255) DEFAULT NULL,
  `total_participants` bigint DEFAULT NULL,
  `type` enum('ALGORITHMS','MULTIPLE_CHOICE') DEFAULT NULL,
  `user_id` bigint DEFAULT NULL,
  `challenge_status` longtext,
  `total_invitations` bigint DEFAULT NULL,
  `duration` bigint DEFAULT NULL,
  `instruction` longtext,
  `winner_status_decided` tinyint(1) DEFAULT '0',
  PRIMARY KEY (`id`),
  KEY `FKlm6364q1857s7eubufo79ng7h` (`user_id`),
  CONSTRAINT `FKlm6364q1857s7eubufo79ng7h` FOREIGN KEY (`user_id`) REFERENCES `student_users` (`id`)
) ENGINE=InnoDB AUTO_INCREMENT=238 DEFAULT CHARSET=utf8mb3;
/*!40101 SET character_set_client = @saved_cs_client */;

--
-- Dumping data for table `challenges`
--

LOCK TABLES `challenges` WRITE;
/*!40000 ALTER TABLE `challenges` DISABLE KEYS */;
INSERT INTO `challenges` VALUES (1,'2024-03-14 17:03:17.000000','2024-05-15 20:00:58.727437','databases','ADMIN','2024-03-22 00:00:00.000000','Multiple Choice',10,'GROUP','2024-02-22 00:00:00.000000',1089,'Databases',1,'MULTIPLE_CHOICE',NULL,NULL,7,NULL,NULL,0),(2,'2024-03-14 17:03:17.000000','2024-03-14 17:03:17.000000','system_design','ADMIN','2024-03-22 00:00:00.000000','Algorithms',9,'GROUP','2024-02-22 00:00:00.000000',1020,'Mock Test',1,'ALGORITHMS',NULL,NULL,7,NULL,NULL,0),(3,'2024-03-14 17:03:17.000000','2024-05-15 21:53:44.434641','dynamic_programming','ADMIN','2024-03-22 00:00:00.000000','Algorithms',10,'GROUP','2024-02-22 00:00:00.000000',72,'Dynamic Programming',1,'ALGORITHMS',NULL,NULL,7,NULL,NULL,0),(4,'2024-03-14 17:03:17.000000','2024-03-14 17:03:17.000000','graph_theory','ADMIN','2024-03-22 00:00:00.000000','Multiple Choice',9,'GROUP','2024-02-22 00:00:00.000000',200,'Graph Theory',1,'MULTIPLE_CHOICE',NULL,NULL,7,NULL,NULL,0),(5,'2024-03-15 17:43:16.000000','2024-03-15 17:43:16.000000','databases','STUDENT_USER',NULL,'Multiple Choice',10,NULL,'2024-03-15 17:43:15.627541',0,'Olatunde Random GROUP Challenge 1',0,'MULTIPLE_CHOICE',1,'NOT_STARTED',7,NULL,NULL,0),(6,'2024-03-15 17:46:45.000000','2024-03-15 17:46:45.000000','databases','STUDENT_USER',NULL,'Multiple Choice',10,'GROUP','2024-03-15 17:46:45.021274',0,'Olatunde Random GROUP Challenge 1',0,'MULTIPLE_CHOICE',1,'NOT_STARTED',7,NULL,NULL,0),(7,'2024-03-15 18:01:09.000000','2024-03-15 18:01:09.000000','databases','STUDENT_USER',NULL,'Multiple Choice',10,'GROUP','2024-03-15 18:01:08.516646',0,'Olatunde Random GROUP Challenge 1',0,'MULTIPLE_CHOICE',1,'NOT_STARTED',7,NULL,NULL,0),(8,'2024-03-15 20:31:54.000000','2024-03-15 20:31:54.000000','databases','STUDENT_USER',NULL,'Multiple Choice',10,'GROUP','2024-03-15 20:31:54.209216',0,'Olatunde Random GROUP Challenge 1',0,'MULTIPLE_CHOICE',1,'NOT_STARTED',7,NULL,NULL,0),(10,'2024-03-15 20:34:55.000000','2024-03-15 20:34:55.000000','databases','STUDENT_USER',NULL,'Multiple Choice',10,'GROUP','2024-03-15 20:34:54.587756',0,'Olatunde Random GROUP Challenge 1',0,'MULTIPLE_CHOICE',1,'NOT_STARTED',7,NULL,NULL,0),(11,'2024-03-15 20:37:40.000000','2024-03-15 20:37:40.000000','databases','STUDENT_USER',NULL,'Multiple Choice',10,'GROUP','2024-03-15 20:37:39.769494',0,'Olatunde Random GROUP Challenge 1',0,'MULTIPLE_CHOICE',1,'NOT_STARTED',7,NULL,NULL,0),(18,'2024-03-15 21:12:24.000000','2024-03-15 21:12:24.000000','databases','STUDENT_USER',NULL,'Multiple Choice',10,'GROUP','2024-03-15 21:12:23.732853',0,'Olatunde Random GROUP Challenge 1',0,'MULTIPLE_CHOICE',1,'NOT_STARTED',7,NULL,NULL,0),(20,'2024-03-16 19:27:43.000000','2024-03-16 19:27:43.000000','random','STUDENT_USER',NULL,'Algorithms',10,'GROUP','2024-03-16 19:27:43.244804',0,'Olatunde Random GROUP Challenge 1',0,'ALGORITHMS',1,'NOT_STARTED',7,NULL,NULL,0),(22,'2024-03-16 19:31:12.000000','2024-03-16 19:31:12.000000','random','STUDENT_USER',NULL,'Algorithms',10,'GROUP','2024-03-16 19:31:12.091184',0,'Olatunde Random GROUP Challenge 1',0,'ALGORITHMS',1,'NOT_STARTED',7,NULL,NULL,0),(25,'2024-03-16 19:42:18.000000','2024-03-16 19:42:45.000000','random','STUDENT_USER',NULL,'Multiple Choice',10,'GROUP','2024-03-16 19:42:17.689086',1,'Olatunde Random GROUP Challenge 1',0,'MULTIPLE_CHOICE',1,'NOT_STARTED',7,NULL,NULL,1),(26,'2024-03-17 18:45:05.000000','2024-03-17 18:45:05.000000','random','STUDENT_USER',NULL,'Multiple Choice',10,'GROUP','2024-03-17 18:45:05.047909',0,'Olatunde Random GROUP Challenge 1',0,'MULTIPLE_CHOICE',1,'NOT_STARTED',7,NULL,NULL,0),(27,'2024-03-17 18:49:08.000000','2024-03-17 18:49:08.000000','random','STUDENT_USER',NULL,'Multiple Choice',10,'GROUP','2024-03-17 18:49:07.605726',0,'Olatunde Random GROUP Challenge 1',0,'MULTIPLE_CHOICE',1,'NOT_STARTED',7,NULL,NULL,0),(28,'2024-03-17 18:53:14.000000','2024-03-17 18:53:14.000000','random','STUDENT_USER',NULL,'Multiple Choice',10,'GROUP','2024-03-17 18:53:14.379222',0,'Olatunde Random GROUP Challenge 1',0,'MULTIPLE_CHOICE',1,'NOT_STARTED',7,NULL,NULL,0),(29,'2024-03-17 20:22:44.000000','2024-03-17 20:23:25.000000','random','STUDENT_USER',NULL,'Multiple Choice',10,'INDIVIDUAL','2024-03-17 20:22:44.221847',1,'Olatunde Random INDIVIDUAL Challenge 1',0,'MULTIPLE_CHOICE',1,'NOT_STARTED',7,NULL,NULL,1),(30,'2024-03-19 06:25:58.000000','2024-03-19 06:25:58.000000','random','STUDENT_USER',NULL,'Algorithms',10,'GROUP','2024-03-19 06:25:58.106738',0,'Boluwatife Random GROUP Challenge 1',0,'ALGORITHMS',1,'NOT_STARTED',7,NULL,NULL,0),(31,'2024-03-19 11:07:58.000000','2024-03-19 11:07:58.000000','random','STUDENT_USER',NULL,'Multiple Choice',10,'GROUP','2024-03-19 11:07:57.553595',0,'Olakunle Random GROUP Challenge 1',0,'MULTIPLE_CHOICE',13,'NOT_STARTED',7,NULL,NULL,0),(32,'2024-03-19 11:09:46.000000','2024-03-19 11:09:46.000000','random','STUDENT_USER',NULL,'Algorithms',10,'INDIVIDUAL','2024-03-19 11:09:45.633571',0,'Boluwatife Random INDIVIDUAL Challenge 1',0,'ALGORITHMS',1,'NOT_STARTED',7,NULL,NULL,0),(105,'2024-03-30 02:12:49.000000','2024-03-30 02:12:49.000000','random','STUDENT_USER',NULL,'Multiple Choice',10,'GROUP','2024-03-30 02:12:48.499486',0,'Olakunle Random GROUP Challenge 1',0,'MULTIPLE_CHOICE',13,'NOT_STARTED',6,NULL,NULL,0),(106,'2024-03-30 02:25:35.000000','2024-03-30 02:43:35.000000','random','STUDENT_USER',NULL,'Multiple Choice',10,'GROUP','2024-03-30 02:25:35.255194',1,'Olakunle Random GROUP Challenge 1',0,'MULTIPLE_CHOICE',13,'NOT_STARTED',2,NULL,NULL,1),(108,'2024-04-01 03:10:55.000000','2024-04-01 03:10:55.000000','random','STUDENT_USER',NULL,'Multiple Choice',10,'GROUP','2024-04-01 03:10:54.588790',0,'Ifeayo Random GROUP Challenge 1',0,'MULTIPLE_CHOICE',12,'NOT_STARTED',2,NULL,NULL,0),(110,'2024-04-01 03:53:23.000000','2024-04-01 03:53:23.000000','random','STUDENT_USER',NULL,'Algorithms',10,'GROUP','2024-04-01 03:53:22.875240',0,'Ifeayo Random GROUP Challenge 1',0,'ALGORITHMS',12,'NOT_STARTED',2,NULL,NULL,0),(111,'2024-04-01 03:59:27.000000','2024-04-01 03:59:27.000000','random','STUDENT_USER',NULL,'Algorithms',10,'GROUP','2024-04-01 03:59:27.072423',0,'Ifeayo Random GROUP Challenge 1',0,'ALGORITHMS',12,'NOT_STARTED',2,NULL,NULL,0),(112,'2024-04-01 04:10:02.000000','2024-04-01 04:10:02.000000','random','STUDENT_USER',NULL,'Algorithms',10,'GROUP','2024-04-01 04:10:01.592323',0,'Ifeayo Random GROUP Challenge 1',0,'ALGORITHMS',12,'NOT_STARTED',2,NULL,NULL,0),(113,'2024-04-01 04:11:55.000000','2024-04-01 04:11:56.000000','random','STUDENT_USER',NULL,'Algorithms',10,'GROUP','2024-04-01 04:11:55.486981',0,'Ifeayo Random GROUP Challenge 1',0,'ALGORITHMS',12,'NOT_STARTED',2,NULL,NULL,0),(114,'2024-04-01 04:43:21.000000','2024-04-01 04:43:21.000000','random','STUDENT_USER',NULL,'Algorithms',10,'GROUP','2024-04-01 04:43:21.312820',0,'Ifeayo Random GROUP Challenge 1',0,'ALGORITHMS',12,'NOT_STARTED',2,NULL,NULL,0),(115,'2024-04-01 07:01:10.000000','2024-04-01 07:10:15.000000','random','STUDENT_USER',NULL,'Algorithms',10,'GROUP','2024-04-01 07:01:10.345201',0,'Ifeayo Random GROUP Challenge 1',0,'ALGORITHMS',12,'STARTED',2,NULL,NULL,0),(116,'2024-04-01 07:15:12.000000','2024-04-01 12:22:27.000000','random','STUDENT_USER',NULL,'Algorithms',10,'GROUP','2024-04-01 07:15:11.569392',0,'Ifeayo Random GROUP Challenge 1',0,'ALGORITHMS',12,'STARTED',2,NULL,NULL,0),(117,'2024-04-01 12:24:08.000000','2024-04-01 12:24:08.000000','random','STUDENT_USER',NULL,'Algorithms',10,'GROUP','2024-04-01 12:24:07.836616',0,'Ifeayo Random GROUP Challenge 1',0,'ALGORITHMS',12,'NOT_STARTED',2,NULL,NULL,0),(118,'2024-04-01 12:33:06.000000','2024-04-01 12:44:52.000000','random','STUDENT_USER',NULL,'Algorithms',10,'GROUP','2024-04-01 12:33:05.500889',0,'Ifeayo Random GROUP Challenge 1',0,'ALGORITHMS',12,'STARTED',2,NULL,NULL,0),(119,'2024-04-01 12:45:34.000000','2024-04-01 12:46:04.000000','random','STUDENT_USER',NULL,'Multiple Choice',10,'GROUP','2024-04-01 12:45:33.791581',0,'Ifeayo Random GROUP Challenge 1',0,'MULTIPLE_CHOICE',12,'STARTED',2,NULL,NULL,0),(120,'2024-04-01 12:50:25.000000','2024-04-08 15:35:32.000000','random','STUDENT_USER',NULL,'Multiple Choice',10,'GROUP','2024-04-01 12:50:25.356861',1,'Ifeayo Random GROUP Challenge 1',0,'MULTIPLE_CHOICE',12,'STARTED',2,NULL,NULL,1),(121,'2024-04-01 17:15:45.000000','2024-04-01 17:17:17.000000','random','STUDENT_USER',NULL,'Multiple Choice',10,'GROUP','2024-04-01 17:15:45.037402',1,'Ifeayo Random GROUP Challenge 1',0,'MULTIPLE_CHOICE',12,'STARTED',2,NULL,NULL,1),(122,'2024-04-01 17:24:01.000000','2024-04-01 17:25:18.000000','random','STUDENT_USER',NULL,'Multiple Choice',10,'GROUP','2024-04-01 17:24:00.825378',1,'Ifeayo Random GROUP Challenge 1',0,'MULTIPLE_CHOICE',12,'NOT_STARTED',2,NULL,NULL,1),(123,'2024-04-01 17:27:40.000000','2024-04-01 17:30:17.000000','random','STUDENT_USER',NULL,'Multiple Choice',10,'GROUP','2024-04-01 17:27:39.820065',2,'Ifeayo Random GROUP Challenge 1',0,'MULTIPLE_CHOICE',12,'STARTED',3,NULL,NULL,1),(124,'2024-04-01 17:32:32.000000','2024-04-01 17:33:24.000000','random','STUDENT_USER',NULL,'Multiple Choice',10,'GROUP','2024-04-01 17:32:31.950438',1,'Ifeayo Random GROUP Challenge 1',0,'MULTIPLE_CHOICE',12,'NOT_STARTED',2,NULL,NULL,1),(125,'2024-04-01 18:00:52.000000','2024-04-01 18:01:41.000000','random','STUDENT_USER',NULL,'Multiple Choice',10,'GROUP','2024-04-01 18:00:51.533946',2,'Ifeayo Random GROUP Challenge 1',0,'MULTIPLE_CHOICE',12,'STARTED',2,NULL,NULL,1),(126,'2024-04-01 18:18:12.000000','2024-04-01 18:18:12.000000','random','STUDENT_USER',NULL,'Multiple Choice',10,'GROUP','2024-04-01 18:18:11.978992',0,'Ifeayo Random GROUP Challenge 1',0,'MULTIPLE_CHOICE',12,'NOT_STARTED',3,NULL,NULL,0),(127,'2024-04-01 20:47:58.000000','2024-04-01 20:51:35.000000','random','STUDENT_USER',NULL,'Multiple Choice',10,'GROUP','2024-04-01 20:47:57.532053',2,'Ifeayo Random GROUP Challenge 1',0,'MULTIPLE_CHOICE',12,'STARTED',2,NULL,NULL,1),(137,'2024-04-03 04:02:29.000000','2024-04-03 04:05:36.000000','random','STUDENT_USER',NULL,'Multiple Choice',10,'GROUP','2024-04-03 04:02:29.159595',1,'Ifeayo Random GROUP Challenge 1',0,'MULTIPLE_CHOICE',12,'STARTED',2,NULL,NULL,1),(138,'2024-04-03 11:12:57.000000','2024-04-03 11:16:48.000000','random','STUDENT_USER',NULL,'Multiple Choice',10,'GROUP','2024-04-03 11:12:56.517496',2,'Ifeayo Random GROUP Challenge 1',0,'MULTIPLE_CHOICE',12,'STARTED',2,NULL,NULL,1),(140,'2024-04-05 03:58:36.000000','2024-05-13 09:44:34.909502','Web Design','ADMIN',NULL,'MULTIPLE_CHOICE',10,'INDIVIDUAL',NULL,3,'Web Design Challenge',0,'MULTIPLE_CHOICE',NULL,'NOT_STARTED',0,6,'Welcome to the Time Complexity Quiz! Test your knowledge of algorithm time complexities with these multiple-choice questions. Choose the correct answer for each question and see how well you understand.',0),(141,'2024-04-05 05:18:36.000000','2024-04-05 05:18:36.000000','Web Design','ADMIN',NULL,'MULTIPLE_CHOICE',10,'GROUP',NULL,0,'Another Web Design Challenge',0,'MULTIPLE_CHOICE',NULL,'NOT_STARTED',0,NULL,NULL,0),(142,'2024-04-05 08:00:39.000000','2024-04-05 08:00:39.000000','Web Design','ADMIN',NULL,'MULTIPLE_CHOICE',10,'GROUP',NULL,0,'Responsive Design Challenge',0,'MULTIPLE_CHOICE',NULL,'NOT_STARTED',0,NULL,NULL,0),(143,'2024-04-05 10:12:37.000000','2024-05-15 21:43:10.401120','Software','ADMIN',NULL,'MULTIPLE_CHOICE',10,'INDIVIDUAL',NULL,4,'Software Architecture',0,'MULTIPLE_CHOICE',NULL,'NOT_STARTED',0,7,'Welcome to the Software Architecture Challenge! Test your knowledge of software architecture with these multiple-choice questions. Choose the correct answer for each question and see how well you understand software architecture.',0),(144,'2024-04-05 10:35:27.000000','2024-04-05 10:35:27.000000','Software','ADMIN',NULL,'MULTIPLE_CHOICE',10,'GROUP',NULL,0,'Another Challenge Test',0,'MULTIPLE_CHOICE',NULL,'NOT_STARTED',0,NULL,NULL,0),(145,'2024-04-05 10:47:34.000000','2024-04-05 11:19:17.000000','Software','ADMIN',NULL,'MULTIPLE_CHOICE',10,'GROUP',NULL,0,'Test Challenge Again',0,'MULTIPLE_CHOICE',NULL,'NOT_STARTED',0,NULL,NULL,0),(150,'2024-04-08 13:59:35.000000','2024-04-08 13:59:38.000000','random',NULL,NULL,'Multiple Choice',10,'GROUP',NULL,0,'Olatunde Random GROUP Challenge 1',0,'MULTIPLE_CHOICE',1,'NOT_STARTED',2,NULL,NULL,0),(151,'2024-04-08 17:11:53.000000','2024-04-08 17:15:16.000000','random',NULL,NULL,'Multiple Choice',10,'GROUP',NULL,2,'Mariam Random GROUP Challenge 1',0,'MULTIPLE_CHOICE',16,'STARTED',2,NULL,NULL,0),(152,'2024-04-08 18:51:15.000000','2024-04-08 19:03:36.000000','random',NULL,NULL,'Multiple Choice',10,'GROUP',NULL,2,'Mariam Random GROUP Challenge 1',0,'MULTIPLE_CHOICE',16,'STARTED',2,NULL,NULL,0),(153,'2024-04-08 22:04:52.000000','2024-04-08 22:04:52.000000','random',NULL,NULL,'Multiple Choice',10,'GROUP',NULL,0,'Oreoluwa Random GROUP Challenge 1',0,'MULTIPLE_CHOICE',3,'NOT_STARTED',1,NULL,NULL,0),(154,'2024-04-08 22:35:13.000000','2024-04-08 22:36:59.000000','random',NULL,NULL,'Multiple Choice',10,'GROUP',NULL,2,'Oreoluwa Random GROUP Challenge 1',0,'MULTIPLE_CHOICE',3,'STARTED',1,NULL,NULL,0),(155,'2024-04-09 09:59:04.000000','2024-04-09 09:59:04.000000','random',NULL,NULL,'Multiple Choice',10,'INDIVIDUAL',NULL,0,'Olatunde Random INDIVIDUAL Challenge 1',0,'MULTIPLE_CHOICE',15,'NOT_STARTED',0,NULL,NULL,0),(156,'2024-04-09 10:03:08.000000','2024-04-09 10:04:15.000000','random',NULL,NULL,'Multiple Choice',10,'INDIVIDUAL',NULL,1,'Olatunde Random INDIVIDUAL Challenge 1',0,'MULTIPLE_CHOICE',15,'NOT_STARTED',0,NULL,NULL,0),(157,'2024-04-09 11:25:04.000000','2024-04-09 11:26:54.000000','random',NULL,NULL,'Multiple Choice',10,'GROUP',NULL,2,'Olatunde Random GROUP Challenge 1',0,'MULTIPLE_CHOICE',1,'STARTED',1,NULL,NULL,0),(158,'2024-04-09 11:42:12.000000','2024-04-09 11:43:51.000000','random',NULL,NULL,'Multiple Choice',10,'GROUP',NULL,2,'Olatunde Random GROUP Challenge 1',0,'MULTIPLE_CHOICE',1,'STARTED',1,NULL,NULL,0),(159,'2024-04-09 11:47:57.000000','2024-04-09 11:49:47.000000','random',NULL,NULL,'Multiple Choice',10,'GROUP',NULL,2,'Olatunde Random GROUP Challenge 1',0,'MULTIPLE_CHOICE',1,'STARTED',1,NULL,NULL,0),(160,'2024-04-09 11:57:30.000000','2024-04-09 11:58:53.000000','random',NULL,NULL,'Multiple Choice',10,'GROUP',NULL,2,'Olatunde Random GROUP Challenge 1',0,'MULTIPLE_CHOICE',1,'STARTED',1,NULL,NULL,0),(161,'2024-04-09 12:08:06.000000','2024-04-09 12:09:06.000000','random',NULL,NULL,'Multiple Choice',10,'INDIVIDUAL',NULL,1,'Olatunde Random INDIVIDUAL Challenge 1',0,'MULTIPLE_CHOICE',1,'NOT_STARTED',0,NULL,NULL,0),(162,'2024-04-09 12:10:20.000000','2024-04-09 12:12:28.000000','random',NULL,NULL,'Multiple Choice',10,'GROUP',NULL,2,'Olatunde Random GROUP Challenge 1',0,'MULTIPLE_CHOICE',1,'STARTED',1,NULL,NULL,0),(163,'2024-04-09 12:13:42.000000','2024-04-09 12:15:00.000000','random',NULL,NULL,'Multiple Choice',10,'GROUP',NULL,2,'Olatunde Random GROUP Challenge 1',0,'MULTIPLE_CHOICE',1,'STARTED',1,NULL,NULL,0),(164,'2024-04-09 12:27:50.000000','2024-04-09 12:28:30.000000','random',NULL,NULL,'Multiple Choice',10,'INDIVIDUAL',NULL,1,'Olatunde Random INDIVIDUAL Challenge 1',0,'MULTIPLE_CHOICE',1,'NOT_STARTED',0,NULL,NULL,0),(165,'2024-04-09 13:47:06.000000','2024-04-09 13:49:09.000000','random',NULL,NULL,'Multiple Choice',10,'GROUP',NULL,2,'Olatunde Random GROUP Challenge 1',0,'MULTIPLE_CHOICE',15,'STARTED',1,NULL,NULL,0),(182,'2024-04-09 17:30:13.295172','2024-04-09 17:30:13.327256','Arrays','ADMIN',NULL,'ALGORITHMS',10,'GROUP',NULL,0,'2nd Year Computer Science Test',0,'ALGORITHMS',NULL,'NOT_STARTED',0,NULL,NULL,0),(183,'2024-04-09 18:25:57.363304','2024-04-09 18:25:57.388778','Dynamic Programming','ADMIN',NULL,'ALGORITHMS',10,'GROUP',NULL,0,'First Year Challenge',0,'ALGORITHMS',NULL,'NOT_STARTED',0,NULL,NULL,0),(184,'2024-04-09 18:27:33.724685','2024-04-09 18:29:22.393738','Web Design','ADMIN',NULL,'ALGORITHMS',10,'GROUP',NULL,0,'Postgrad Unique',0,'ALGORITHMS',NULL,'NOT_STARTED',0,NULL,NULL,0),(185,'2024-04-09 18:29:42.527094','2024-04-09 18:31:08.791010','Web Design','ADMIN',NULL,'ALGORITHMS',10,'GROUP',NULL,0,'Postgrad Unique 200',0,'ALGORITHMS',NULL,'NOT_STARTED',0,NULL,NULL,0),(186,'2024-04-09 18:31:34.281808','2024-04-09 18:31:34.303006','Web Design','ADMIN',NULL,'ALGORITHMS',10,'GROUP',NULL,0,'Postgrad Unique 201',0,'ALGORITHMS',NULL,'NOT_STARTED',0,NULL,NULL,0),(187,'2024-04-09 18:49:25.085779','2024-04-09 18:49:25.118631','Software Architecture','ADMIN',NULL,'ALGORITHMS',10,'GROUP',NULL,0,'The Unique Foyer',0,'ALGORITHMS',NULL,'NOT_STARTED',0,NULL,NULL,0),(198,'2024-04-09 21:07:08.944348','2024-04-09 21:08:08.149018','Software Architecture','ADMIN',NULL,'MULTIPLE_CHOICE',10,'GROUP',NULL,0,'3rd Year CSC Titans Challenge',0,'MULTIPLE_CHOICE',NULL,'NOT_STARTED',0,NULL,NULL,0),(199,'2024-04-09 21:09:17.197628','2024-04-09 23:22:33.723585','Software Architecture','ADMIN',NULL,'MULTIPLE_CHOICE',10,'GROUP',NULL,2,'4th Year CSC Titans Challenge',0,'MULTIPLE_CHOICE',NULL,'NOT_STARTED',0,NULL,NULL,0),(200,'2024-04-09 23:11:31.733592','2024-04-09 23:11:35.854128','Containers','ADMIN',NULL,'MULTIPLE_CHOICE',10,'GROUP',NULL,0,'Test Challenge 205',0,'MULTIPLE_CHOICE',NULL,'NOT_STARTED',0,5,NULL,0),(201,'2024-04-09 23:11:59.522826','2024-04-09 23:21:25.142799','Containers','ADMIN',NULL,'MULTIPLE_CHOICE',10,'GROUP',NULL,2,'Test Challenge 206',0,'MULTIPLE_CHOICE',NULL,'NOT_STARTED',0,5,NULL,0),(202,'2024-04-09 23:44:03.367847','2024-04-09 23:45:30.475044','random',NULL,NULL,'Multiple Choice',10,'GROUP',NULL,2,'Olatunde Random GROUP Challenge 1',0,'MULTIPLE_CHOICE',1,'STARTED',1,NULL,NULL,0),(203,'2024-04-09 23:47:09.168005','2024-04-09 23:48:38.933599','random',NULL,NULL,'Multiple Choice',10,'GROUP',NULL,2,'Olatunde Random GROUP Challenge 1',0,'MULTIPLE_CHOICE',1,'STARTED',1,NULL,NULL,0),(204,'2024-04-09 23:50:05.859809','2024-04-09 23:51:50.633419','random',NULL,NULL,'Multiple Choice',10,'GROUP',NULL,2,'Olatunde Random GROUP Challenge 1',0,'MULTIPLE_CHOICE',1,'STARTED',1,NULL,NULL,0),(205,'2024-04-09 23:55:33.209999','2024-04-09 23:56:50.392521','random',NULL,NULL,'Multiple Choice',10,'GROUP',NULL,1,'Olatunde Random GROUP Challenge 1',0,'MULTIPLE_CHOICE',1,'STARTED',1,NULL,NULL,0),(206,'2024-04-09 23:57:16.542714','2024-04-09 23:58:33.376705','random',NULL,NULL,'Multiple Choice',10,'GROUP',NULL,2,'Olatunde Random GROUP Challenge 1',0,'MULTIPLE_CHOICE',1,'STARTED',1,NULL,NULL,0),(207,'2024-04-09 23:59:57.165205','2024-04-10 00:01:25.588544','random',NULL,NULL,'Multiple Choice',10,'GROUP',NULL,2,'Olatunde Random GROUP Challenge 1',0,'MULTIPLE_CHOICE',1,'STARTED',1,NULL,NULL,0),(208,'2024-04-10 00:02:35.726358','2024-04-10 00:03:59.084707','random',NULL,NULL,'Multiple Choice',10,'GROUP',NULL,1,'Olatunde Random GROUP Challenge 1',0,'MULTIPLE_CHOICE',1,'STARTED',1,NULL,NULL,0),(209,'2024-04-10 00:04:15.395665','2024-04-10 00:05:45.462020','random',NULL,NULL,'Multiple Choice',10,'GROUP',NULL,2,'Olatunde Random GROUP Challenge 1',0,'MULTIPLE_CHOICE',1,'STARTED',1,NULL,NULL,0),(210,'2024-04-10 00:06:39.833849','2024-04-10 00:08:00.958544','random',NULL,NULL,'Multiple Choice',10,'GROUP',NULL,1,'Olatunde Random GROUP Challenge 1',0,'MULTIPLE_CHOICE',1,'STARTED',1,NULL,NULL,0),(211,'2024-04-10 00:08:18.121158','2024-04-10 00:08:33.038955','random',NULL,NULL,'Multiple Choice',10,'GROUP',NULL,0,'Olatunde Random GROUP Challenge 1',0,'MULTIPLE_CHOICE',1,'STARTED',1,NULL,NULL,0),(212,'2024-04-10 00:09:57.203498','2024-04-10 00:11:15.538628','random',NULL,NULL,'Multiple Choice',10,'GROUP',NULL,2,'Olatunde Random GROUP Challenge 1',0,'MULTIPLE_CHOICE',1,'STARTED',1,NULL,NULL,0),(213,'2024-04-10 00:11:49.132186','2024-04-10 00:12:00.909675','random',NULL,NULL,'Multiple Choice',10,'GROUP',NULL,0,'Olatunde Random GROUP Challenge 1',0,'MULTIPLE_CHOICE',1,'STARTED',1,NULL,NULL,0),(214,'2024-04-10 00:12:55.188765','2024-04-10 00:13:10.115517','random',NULL,NULL,'Multiple Choice',10,'GROUP',NULL,0,'Olatunde Random GROUP Challenge 1',0,'MULTIPLE_CHOICE',1,'STARTED',1,NULL,NULL,0),(215,'2024-04-10 00:14:01.832236','2024-04-10 00:15:30.508047','random',NULL,NULL,'Multiple Choice',10,'GROUP',NULL,1,'Made Random GROUP Challenge 1',0,'MULTIPLE_CHOICE',18,'STARTED',1,NULL,NULL,0),(216,'2024-04-10 00:24:22.900860','2024-04-10 00:24:51.012056','random',NULL,NULL,'Multiple Choice',10,'GROUP',NULL,2,'Made Random GROUP Challenge 1',0,'MULTIPLE_CHOICE',18,'STARTED',1,NULL,NULL,0),(217,'2024-04-10 12:08:08.967940','2024-04-10 12:08:55.208685','random',NULL,NULL,'Multiple Choice',10,'GROUP',NULL,2,'Olatunde Random GROUP Challenge 1',0,'MULTIPLE_CHOICE',1,'STARTED',1,NULL,NULL,0),(218,'2024-04-10 12:19:03.664177','2024-04-10 12:19:03.683712','Software','ADMIN',NULL,'MULTIPLE_CHOICE',10,'GROUP',NULL,1,'2nd Year Multiple Choice Unique',0,'MULTIPLE_CHOICE',NULL,'NOT_STARTED',0,5,NULL,0),(219,'2024-05-05 14:39:29.219610','2024-05-05 14:39:29.219656','random',NULL,NULL,'Multiple Choice',10,'INDIVIDUAL',NULL,1,'Josiah Random INDIVIDUAL Challenge 1',0,'MULTIPLE_CHOICE',1,'NOT_STARTED',0,NULL,NULL,0),(220,'2024-05-12 01:29:46.215999','2024-05-12 01:29:46.216015','random','STUDENT_USER',NULL,'Multiple Choice',7,'INDIVIDUAL',NULL,1,'Josiah Random INDIVIDUAL Challenge 1',0,'MULTIPLE_CHOICE',1,'NOT_STARTED',0,NULL,NULL,1),(221,'2024-05-13 09:46:51.504938','2024-05-13 09:46:51.628941','random','STUDENT_USER',NULL,'Multiple Choice',10,'GROUP',NULL,0,'Fripona Random GROUP Challenge 1',0,'MULTIPLE_CHOICE',20,'NOT_STARTED',1,NULL,NULL,0),(222,'2024-05-13 09:50:50.918877','2024-05-13 09:51:11.916874','random','STUDENT_USER',NULL,'Multiple Choice',6,'GROUP',NULL,2,'Josiah Random GROUP Challenge 1',0,'MULTIPLE_CHOICE',1,'STARTED',1,NULL,NULL,1),(223,'2024-05-13 11:13:39.510762','2024-05-13 11:13:39.678668','random','STUDENT_USER',NULL,'Multiple Choice',10,'GROUP',NULL,0,'Fripona Random GROUP Challenge 1',0,'MULTIPLE_CHOICE',20,'NOT_STARTED',1,NULL,NULL,0),(224,'2024-05-13 11:15:26.854335','2024-05-13 11:16:01.093194','random','STUDENT_USER',NULL,'Multiple Choice',6,'GROUP',NULL,2,'Josiah Random GROUP Challenge 1',0,'MULTIPLE_CHOICE',1,'STARTED',1,NULL,NULL,1),(225,'2024-05-13 11:26:48.714191','2024-05-13 11:27:16.059112','random','STUDENT_USER',NULL,'Multiple Choice',6,'GROUP',NULL,2,'Josiah Random GROUP Challenge 1',0,'MULTIPLE_CHOICE',1,'STARTED',1,NULL,NULL,1),(226,'2024-05-13 11:40:28.088270','2024-05-13 11:41:03.764054','random','STUDENT_USER',NULL,'Multiple Choice',6,'GROUP',NULL,2,'Josiah Random GROUP Challenge 1',0,'MULTIPLE_CHOICE',1,'STARTED',1,NULL,NULL,1),(227,'2024-05-13 11:47:32.991952','2024-05-13 11:48:10.210885','random','STUDENT_USER',NULL,'Multiple Choice',6,'GROUP',NULL,2,'Josiah Random GROUP Challenge 1',0,'MULTIPLE_CHOICE',1,'STARTED',1,NULL,NULL,1),(228,'2024-05-13 11:58:09.585579','2024-05-13 11:58:36.214146','random','STUDENT_USER',NULL,'Multiple Choice',6,'GROUP',NULL,0,'Josiah Random GROUP Challenge 1',0,'MULTIPLE_CHOICE',1,'STARTED',1,NULL,NULL,0),(229,'2024-05-13 12:00:04.129489','2024-05-13 12:00:30.002383','random','STUDENT_USER',NULL,'Multiple Choice',6,'GROUP',NULL,2,'Josiah Random GROUP Challenge 1',0,'MULTIPLE_CHOICE',1,'STARTED',1,NULL,NULL,1),(230,'2024-05-13 12:13:09.742729','2024-05-13 12:13:32.695748','random','STUDENT_USER',NULL,'Multiple Choice',10,'GROUP',NULL,1,'Fripona Random GROUP Challenge 1',0,'MULTIPLE_CHOICE',20,'STARTED',1,NULL,NULL,1),(231,'2024-05-13 15:53:47.409734','2024-05-13 15:54:20.531588','random','STUDENT_USER',NULL,'Multiple Choice',6,'GROUP',NULL,2,'Josiah Random GROUP Challenge 1',0,'MULTIPLE_CHOICE',1,'STARTED',1,NULL,NULL,1),(232,'2024-05-14 01:33:13.478896','2024-05-14 01:33:36.429868','random','STUDENT_USER',NULL,'Multiple Choice',10,'GROUP',NULL,2,'Olatunde Random GROUP Challenge 1',0,'MULTIPLE_CHOICE',15,'STARTED',1,NULL,NULL,1),(233,'2024-05-14 18:26:33.289885','2024-05-14 18:27:14.273985','random','STUDENT_USER',NULL,'Multiple Choice',9,'GROUP',NULL,4,'Olatunde Random GROUP Challenge 1',0,'MULTIPLE_CHOICE',15,'STARTED',3,NULL,NULL,1),(234,'2024-05-14 19:07:21.085521','2024-05-14 19:07:21.085533','random','STUDENT_USER',NULL,'Multiple Choice',9,'INDIVIDUAL',NULL,1,'Elizabeth Random INDIVIDUAL Challenge 1',0,'MULTIPLE_CHOICE',23,'NOT_STARTED',0,NULL,NULL,1),(235,'2024-05-15 20:04:00.295430','2024-05-15 20:04:00.295443','random','STUDENT_USER',NULL,'Multiple Choice',10,'INDIVIDUAL',NULL,1,'Christiana Random INDIVIDUAL Challenge 1',0,'MULTIPLE_CHOICE',24,'NOT_STARTED',0,NULL,NULL,1),(236,'2024-05-15 20:05:25.185832','2024-05-15 20:05:51.460642','random','STUDENT_USER',NULL,'Multiple Choice',7,'GROUP',NULL,2,'Olatunde Random GROUP Challenge 1',0,'MULTIPLE_CHOICE',15,'STARTED',1,NULL,NULL,1),(237,'2024-05-15 21:49:01.662430','2024-05-15 21:49:35.698966','random','STUDENT_USER',NULL,'Multiple Choice',5,'GROUP',NULL,4,'Josiah Random GROUP Challenge 1',0,'MULTIPLE_CHOICE',1,'STARTED',2,NULL,NULL,1);
/*!40000 ALTER TABLE `challenges` ENABLE KEYS */;
UNLOCK TABLES;

--
-- Table structure for table `multiple_choice_answers`
--

DROP TABLE IF EXISTS `multiple_choice_answers`;
/*!40101 SET @saved_cs_client     = @@character_set_client */;
/*!50503 SET character_set_client = utf8mb4 */;
CREATE TABLE `multiple_choice_answers` (
  `id` bigint NOT NULL AUTO_INCREMENT,
  `created_at` timestamp NULL DEFAULT NULL,
  `updated_at` timestamp NULL DEFAULT NULL,
  `option_id` bigint DEFAULT NULL,
  `multiple_choice_question_id` bigint DEFAULT NULL,
  PRIMARY KEY (`id`),
  UNIQUE KEY `UK_g4wqrqxx9li64hydtsvh27csr` (`option_id`),
  KEY `FKc4vbuk1hb01say6np7r7tc34r` (`multiple_choice_question_id`),
  CONSTRAINT `FK3xxpt464x89m4lor0b7ofmu91` FOREIGN KEY (`option_id`) REFERENCES `multiple_choice_question_options` (`id`),
  CONSTRAINT `FKc4vbuk1hb01say6np7r7tc34r` FOREIGN KEY (`multiple_choice_question_id`) REFERENCES `multiple_choice_questions` (`id`)
) ENGINE=InnoDB AUTO_INCREMENT=69 DEFAULT CHARSET=utf8mb3;
/*!40101 SET character_set_client = @saved_cs_client */;

--
-- Dumping data for table `multiple_choice_answers`
--

LOCK TABLES `multiple_choice_answers` WRITE;
/*!40000 ALTER TABLE `multiple_choice_answers` DISABLE KEYS */;
INSERT INTO `multiple_choice_answers` VALUES (1,'2024-03-15 21:29:20','2024-03-15 21:29:20',3,1),(2,'2024-03-15 21:29:20','2024-03-15 21:29:20',8,2),(3,'2024-03-15 21:29:20','2024-03-15 21:29:20',9,3),(4,'2024-03-15 21:29:20','2024-03-15 21:29:20',13,4),(8,'2024-03-16 21:58:22','2024-03-16 21:58:22',17,5),(9,'2024-03-16 21:58:22','2024-03-16 21:58:22',18,5),(10,'2024-03-16 21:58:22','2024-03-16 21:58:22',20,5),(13,'2024-04-09 11:52:26','2024-04-09 11:52:26',70,15),(14,'2024-04-09 11:53:43','2024-04-09 11:53:43',72,17),(15,'2024-04-09 12:27:29','2024-04-09 12:27:29',78,27),(18,'2024-04-09 18:18:18','2024-04-09 18:18:18',99,24),(22,'2024-04-09 20:07:21','2024-04-09 20:07:21',347,91),(23,'2024-04-09 20:09:17','2024-04-09 20:09:17',350,92),(24,'2024-04-09 22:11:36','2024-04-09 22:11:36',354,93),(25,'2024-04-09 22:12:00','2024-04-09 22:12:00',358,94),(26,'2024-05-11 22:20:59','2024-05-11 22:20:59',361,95),(27,'2024-05-11 22:20:59','2024-05-11 22:20:59',365,96),(28,'2024-05-11 22:20:59','2024-05-11 22:20:59',369,97),(29,'2024-05-11 22:20:59','2024-05-11 22:20:59',374,98),(30,'2024-05-11 22:20:59','2024-05-11 22:20:59',378,99),(31,'2024-05-11 22:20:59','2024-05-11 22:20:59',381,100),(32,'2024-05-11 22:20:59','2024-05-11 22:20:59',385,101),(33,'2024-05-11 22:20:59','2024-05-11 22:20:59',390,102),(34,'2024-05-11 22:20:59','2024-05-11 22:20:59',392,103),(35,'2024-05-11 22:20:59','2024-05-11 22:20:59',397,104),(36,'2024-05-11 22:20:59','2024-05-11 22:20:59',402,105),(37,'2024-05-11 22:20:59','2024-05-11 22:20:59',406,106),(38,'2024-05-11 22:20:59','2024-05-11 22:20:59',408,107),(39,'2024-05-11 22:20:59','2024-05-11 22:20:59',409,107),(40,'2024-05-11 22:20:59','2024-05-11 22:20:59',410,107),(41,'2024-05-11 22:20:59','2024-05-11 22:20:59',411,107),(42,'2024-05-11 22:20:59','2024-05-11 22:20:59',412,108),(43,'2024-05-11 22:20:59','2024-05-11 22:20:59',414,108),(44,'2024-05-11 22:20:59','2024-05-11 22:20:59',416,109),(45,'2024-05-11 22:20:59','2024-05-11 22:20:59',417,109),(46,'2024-05-11 22:20:59','2024-05-11 22:20:59',418,109),(47,'2024-05-11 22:20:59','2024-05-11 22:20:59',420,109),(48,'2024-05-12 01:09:08','2024-05-12 01:09:08',421,110),(49,'2024-05-12 01:09:08','2024-05-12 01:09:08',422,110),(50,'2024-05-12 01:09:08','2024-05-12 01:09:08',423,110),(51,'2024-05-12 01:09:08','2024-05-12 01:09:08',425,111),(52,'2024-05-12 01:09:08','2024-05-12 01:09:08',426,111),(53,'2024-05-12 01:09:08','2024-05-12 01:09:08',428,111),(54,'2024-05-12 01:09:08','2024-05-12 01:09:08',430,112),(55,'2024-05-12 01:09:08','2024-05-12 01:09:08',436,113),(56,'2024-05-12 01:09:09','2024-05-12 01:09:09',437,114),(57,'2024-05-12 01:09:09','2024-05-12 01:09:09',441,115),(58,'2024-05-12 01:09:09','2024-05-12 01:09:09',442,115),(59,'2024-05-12 01:09:09','2024-05-12 01:09:09',443,115),(60,'2024-05-12 01:09:09','2024-05-12 01:09:09',444,115),(61,'2024-05-12 01:09:09','2024-05-12 01:09:09',445,116),(62,'2024-05-12 01:09:09','2024-05-12 01:09:09',446,116),(63,'2024-05-12 01:09:09','2024-05-12 01:09:09',447,116),(64,'2024-05-12 01:09:09','2024-05-12 01:09:09',452,117),(65,'2024-05-12 01:09:09','2024-05-12 01:09:09',454,118),(66,'2024-05-12 01:09:09','2024-05-12 01:09:09',455,118),(67,'2024-05-12 01:09:09','2024-05-12 01:09:09',456,118),(68,'2024-05-12 01:09:09','2024-05-12 01:09:09',458,119);
/*!40000 ALTER TABLE `multiple_choice_answers` ENABLE KEYS */;
UNLOCK TABLES;

--
-- Table structure for table `multiple_choice_question_options`
--

DROP TABLE IF EXISTS `multiple_choice_question_options`;
/*!40101 SET @saved_cs_client     = @@character_set_client */;
/*!50503 SET character_set_client = utf8mb4 */;
CREATE TABLE `multiple_choice_question_options` (
  `id` bigint NOT NULL AUTO_INCREMENT,
  `created_at` timestamp NULL DEFAULT NULL,
  `updated_at` timestamp NULL DEFAULT NULL,
  `title` varchar(255) DEFAULT NULL,
  `value` varchar(255) DEFAULT NULL,
  `multiple_choice_question_id` bigint DEFAULT NULL,
  PRIMARY KEY (`id`),
  KEY `FK62xm5ff723t1hr90lldydg0ul` (`multiple_choice_question_id`),
  CONSTRAINT `FK62xm5ff723t1hr90lldydg0ul` FOREIGN KEY (`multiple_choice_question_id`) REFERENCES `multiple_choice_questions` (`id`)
) ENGINE=InnoDB AUTO_INCREMENT=461 DEFAULT CHARSET=utf8mb3;
/*!40101 SET character_set_client = @saved_cs_client */;

--
-- Dumping data for table `multiple_choice_question_options`
--

LOCK TABLES `multiple_choice_question_options` WRITE;
/*!40000 ALTER TABLE `multiple_choice_question_options` DISABLE KEYS */;
INSERT INTO `multiple_choice_question_options` VALUES (1,'2024-03-14 17:03:17','2024-03-14 17:03:17','SELECT','SELECT',1),(2,'2024-03-14 17:03:17','2024-03-14 17:03:17','UPDATE','UPDATE',1),(3,'2024-03-14 17:03:17','2024-03-14 17:03:17','ALTER','ALTER',1),(4,'2024-03-14 17:03:17','2024-03-14 17:03:17','DELETE','DELETE',1),(5,'2024-03-14 17:03:17','2024-03-14 17:03:17','Relational','Relational',2),(6,'2024-03-14 17:03:17','2024-03-14 17:03:17','Hierarchical','Hierarchical',2),(7,'2024-03-14 17:03:17','2024-03-14 17:03:17','Network','Network',2),(8,'2024-03-14 17:03:17','2024-03-14 17:03:17','Linear','Linear',2),(9,'2024-03-14 17:03:17','2024-03-14 17:03:17','Structured Query Language','Structured Query Language',3),(10,'2024-03-14 17:03:17','2024-03-14 17:03:17','Hierarchical','Hierarchical',3),(11,'2024-03-14 17:03:17','2024-03-14 17:03:17','Sequential Query Language','Sequential Query Language',3),(12,'2024-03-14 17:03:17','2024-03-14 17:03:17',' Standard Query Language',' Standard Query Language',3),(13,'2024-03-14 17:03:17','2024-03-14 17:03:17','Atomicity, Consistency, Isolation, Durability','Atomicity, Consistency, Isolation, Durability',4),(14,'2024-03-14 17:03:17','2024-03-14 17:03:17','All Columns Identified Directly','Hierarchical',4),(15,'2024-03-14 17:03:17','2024-03-14 17:03:17','Automated Control of Information and Data','Sequential Query Language',4),(16,'2024-03-14 17:03:17','2024-03-14 17:03:17','Atomic, Continuous, Immediate, Dynamic','Atomic, Continuous, Immediate, Dynamic',4),(17,'2024-03-16 21:56:21','2024-03-16 21:56:21','First Normal Form (1NF)','First Normal Form (1NF)',5),(18,'2024-03-16 21:56:21','2024-03-16 21:56:21','Third Normal Form (3NF)','Third Normal Form (3NF)',5),(19,'2024-03-16 21:56:21','2024-03-16 21:56:21','Zeroth Normal Form (0NF)','Zeroth Normal Form (0NF)',5),(20,'2024-03-16 21:56:21','2024-03-16 21:56:21','Boyce-Codd Normal Form (BCNF)','Boyce-Codd Normal Form (BCNF)',5),(44,'2024-04-06 07:16:25','2024-04-06 07:16:25','Tight coupling between services','Tight coupling between services',21),(45,'2024-04-06 07:16:25','2024-04-06 07:16:25','Monolithic design','Monolithic design',21),(46,'2024-04-06 07:16:25','2024-04-06 07:16:25','Emphasis on sharing data structures','Emphasis on sharing data structures',21),(47,'2024-04-06 07:16:25','2024-04-06 07:16:25','Independent, loosely-coupled services','Independent, loosely-coupled services',21),(48,'2024-04-06 07:16:59','2024-04-06 07:16:59','Tight coupling between services','Tight coupling between services',22),(49,'2024-04-06 07:16:59','2024-04-06 07:16:59','Monolithic design','Monolithic design',22),(50,'2024-04-06 07:16:59','2024-04-06 07:16:59','Emphasis on sharing data structures','Emphasis on sharing data structures',22),(51,'2024-04-06 07:16:59','2024-04-06 07:16:59','Independent, loosely-coupled services','Independent, loosely-coupled services',22),(52,'2024-04-06 07:33:48','2024-04-06 07:33:48','A standalone software application','A standalone software application',23),(53,'2024-04-06 07:33:48','2024-04-06 07:33:48','A self-contained unit of functionality','A self-contained unit of functionality',23),(54,'2024-04-06 07:33:48','2024-04-06 07:33:48','A database management system','A database management system',23),(55,'2024-04-06 07:33:48','2024-04-06 07:33:48',' An operating system kernel',' An operating system kernel',23),(64,'2024-04-06 07:52:07','2024-04-06 07:52:07','HTTP','HTTP',26),(65,'2024-04-06 07:52:07','2024-04-06 07:52:07','FTP','FTP',26),(66,'2024-04-06 07:52:07','2024-04-06 07:52:07','SMTP','SMTP',26),(67,'2024-04-06 07:52:07','2024-04-06 07:52:07','SNMP','SNMP',26),(68,'2024-04-09 11:52:26','2024-04-09 11:52:26','To improve search engine optimization (SEO)','To improve search engine optimization (SEO)',15),(69,'2024-04-09 11:52:26','2024-04-09 11:52:26','To enhance accessibility for users with disabilities','To enhance accessibility for users with disabilities',15),(70,'2024-04-09 11:52:26','2024-04-09 11:52:26','To provide clearer structure and meaning to web content','To provide clearer structure and meaning to web content',15),(71,'2024-04-09 11:52:26','2024-04-09 11:52:26','To optimize website performance and load times','To optimize website performance and load times',15),(72,'2024-04-09 11:53:43','2024-04-09 11:53:43','Java','Java',17),(73,'2024-04-09 11:53:43','2024-04-09 11:53:43','Python','Python',17),(74,'2024-04-09 11:53:43','2024-04-09 11:53:43','C++','C++',17),(75,'2024-04-09 12:27:29','2024-04-09 12:27:29','To train the model on unseen data','To train the model on unseen data',27),(76,'2024-04-09 12:27:29','2024-04-09 12:27:29','To evaluate the model\'s performance during training','To evaluate the model\'s performance during training',27),(77,'2024-04-09 12:27:29','2024-04-09 12:27:29','To adjust hyperparameters based on the training performance','To adjust hyperparameters based on the training performance',27),(78,'2024-04-09 12:27:29','2024-04-09 12:27:29','To estimate the model\'s generalization error before deploying it to real-world data','To estimate the model\'s generalization error before deploying it to real-world data',27),(96,'2024-04-09 18:18:18','2024-04-09 18:18:18','A standalone software application','A standalone software application',24),(97,'2024-04-09 18:18:18','2024-04-09 18:18:18','A self-contained unit of functionality edited','A self-contained unit of functionality edited',24),(98,'2024-04-09 18:18:18','2024-04-09 18:18:18','A database management system','A database management system',24),(99,'2024-04-09 18:18:18','2024-04-09 18:18:18',' An operating system kernel',' An operating system kernel',24),(100,'2024-04-09 18:18:18','2024-04-09 18:18:18','An industrial piece of software','An industrial piece of software',24),(346,'2024-04-09 20:07:21','2024-04-09 20:07:21','Preventing defects before they occur','Preventing defects before they occur',91),(347,'2024-04-09 20:07:21','2024-04-09 20:07:21',' Identifying and fixing bugs after the software is released',' Identifying and fixing bugs after the software is released',91),(348,'2024-04-09 20:07:21','2024-04-09 20:07:21','Improving development processes and methodologies','Improving development processes and methodologies',91),(349,'2024-04-09 20:09:17','2024-04-09 20:09:17','Preventing defects before they occur','Preventing defects before they occur',92),(350,'2024-04-09 20:09:17','2024-04-09 20:09:17',' Identifying and fixing bugs after the software is released',' Identifying and fixing bugs after the software is released',92),(351,'2024-04-09 20:09:17','2024-04-09 20:09:17','Improving development processes and methodologies','Improving development processes and methodologies',92),(352,'2024-04-09 22:11:36','2024-04-09 22:11:36','Improved security measures','Improved security measures',93),(353,'2024-04-09 22:11:36','2024-04-09 22:11:36','Reduced latency in data transmission','Reduced latency in data transmission',93),(354,'2024-04-09 22:11:36','2024-04-09 22:11:36','On-demand scalability of computing resources','On-demand scalability of computing resources',93),(355,'2024-04-09 22:11:36','2024-04-09 22:11:36',' Enhanced fault tolerance and disaster recovery capabilities',' Enhanced fault tolerance and disaster recovery capabilities',93),(356,'2024-04-09 22:12:00','2024-04-09 22:12:00','Improved security measures','Improved security measures',94),(357,'2024-04-09 22:12:00','2024-04-09 22:12:00','Reduced latency in data transmission','Reduced latency in data transmission',94),(358,'2024-04-09 22:12:00','2024-04-09 22:12:00','On-demand scalability of computing resources','On-demand scalability of computing resources',94),(359,'2024-04-09 22:12:00','2024-04-09 22:12:00',' Enhanced fault tolerance and disaster recovery capabilities',' Enhanced fault tolerance and disaster recovery capabilities',94),(360,'2024-05-11 22:20:59','2024-05-11 22:20:59','To make the website load faster','To make the website load faster',95),(361,'2024-05-11 22:20:59','2024-05-11 22:20:59','To improve readability and visual appeal','To improve readability and visual appeal',95),(362,'2024-05-11 22:20:59','2024-05-11 22:20:59','To hide content from users','To hide content from users',95),(363,'2024-05-11 22:20:59','2024-05-11 22:20:59','To prevent the website from crashing','To prevent the website from crashing',95),(364,'2024-05-11 22:20:59','2024-05-11 22:20:59','To create visual prototypes','To create visual prototypes',96),(365,'2024-05-11 22:20:59','2024-05-11 22:20:59','To define the layout and structure of a website','To define the layout and structure of a website',96),(366,'2024-05-11 22:20:59','2024-05-11 22:20:59','To add colors and images to a website','To add colors and images to a website',96),(367,'2024-05-11 22:20:59','2024-05-11 22:20:59','To test the functionality of a website','To test the functionality of a website',96),(368,'2024-05-11 22:20:59','2024-05-11 22:20:59','Creative Style Sheets','Creative Style Sheets',97),(369,'2024-05-11 22:20:59','2024-05-11 22:20:59','Cascading Style Sheets','Cascading Style Sheets',97),(370,'2024-05-11 22:20:59','2024-05-11 22:20:59','Colorful Style Sheets','Colorful Style Sheets',97),(371,'2024-05-11 22:20:59','2024-05-11 22:20:59','Customized Style Sheets','Customized Style Sheets',97),(372,'2024-05-11 22:20:59','2024-05-11 22:20:59','<link>','<link>',98),(373,'2024-05-11 22:20:59','2024-05-11 22:20:59','<href>','<href>',98),(374,'2024-05-11 22:20:59','2024-05-11 22:20:59','<a>','<a>',98),(375,'2024-05-11 22:20:59','2024-05-11 22:20:59','<hyperlink>','<hyperlink>',98),(376,'2024-05-11 22:20:59','2024-05-11 22:20:59','Python','Python',99),(377,'2024-05-11 22:20:59','2024-05-11 22:20:59','Java','Java',99),(378,'2024-05-11 22:20:59','2024-05-11 22:20:59','Javascript','Javascript',99),(379,'2024-05-11 22:20:59','2024-05-11 22:20:59','HTML','HTML',99),(380,'2024-05-11 22:20:59','2024-05-11 22:20:59','Consistency','Consistency',100),(381,'2024-05-11 22:20:59','2024-05-11 22:20:59','Complexity','Complexity',100),(382,'2024-05-11 22:20:59','2024-05-11 22:20:59','Simplicity','Simplicity',100),(383,'2024-05-11 22:20:59','2024-05-11 22:20:59','Usability','Usability',100),(384,'2024-05-11 22:20:59','2024-05-11 22:20:59',' Adobe Photoshop',' Adobe Photoshop',101),(385,'2024-05-11 22:20:59','2024-05-11 22:20:59','Adobe Illustrator','Adobe Illustrator',101),(386,'2024-05-11 22:20:59','2024-05-11 22:20:59','Sketch','Sketch',101),(387,'2024-05-11 22:20:59','2024-05-11 22:20:59','Figma','Figma',101),(388,'2024-05-11 22:20:59','2024-05-11 22:20:59','To create websites that respond to user interactions','To create websites that respond to user interactions',102),(389,'2024-05-11 22:20:59','2024-05-11 22:20:59','To optimize websites for search engines','To optimize websites for search engines',102),(390,'2024-05-11 22:20:59','2024-05-11 22:20:59','To design websites that work well on different devices and screen sizes','To design websites that work well on different devices and screen sizes',102),(391,'2024-05-11 22:20:59','2024-05-11 22:20:59','To enhance the security of websites','To enhance the security of websites',102),(392,'2024-05-11 22:20:59','2024-05-11 22:20:59','<link rel=\"stylesheet\" href=\"styles.css\">','<link rel=\"stylesheet\" href=\"styles.css\">',103),(393,'2024-05-11 22:20:59','2024-05-11 22:20:59','<style src=\"styles.css\">','<style src=\"styles.css\">',103),(394,'2024-05-11 22:20:59','2024-05-11 22:20:59','<link href=\"styles.css\">','<link href=\"styles.css\">',103),(395,'2024-05-11 22:20:59','2024-05-11 22:20:59','<style import=\"styles.css\">','<style import=\"styles.css\">',103),(396,'2024-05-11 22:20:59','2024-05-11 22:20:59','Hides the element from the page layout but still reserves space for it','Hides the element from the page layout but still reserves space for it',104),(397,'2024-05-11 22:20:59','2024-05-11 22:20:59','Removes the element from the page layout and does not reserve space for it','Removes the element from the page layout and does not reserve space for it',104),(398,'2024-05-11 22:20:59','2024-05-11 22:20:59','Displays the element as a block-level element.','Displays the element as a block-level element.',104),(399,'2024-05-11 22:20:59','2024-05-11 22:20:59','Centers the element horizontally and vertically on the page.','Centers the element horizontally and vertically on the page.',104),(400,'2024-05-11 22:20:59','2024-05-11 22:20:59','Specifies the alignment of the image.','Specifies the alignment of the image.',105),(401,'2024-05-11 22:20:59','2024-05-11 22:20:59','Provides a title for the image.','Provides a title for the image.',105),(402,'2024-05-11 22:20:59','2024-05-11 22:20:59','Defines the alternative text for the image.','Defines the alternative text for the image.',105),(403,'2024-05-11 22:20:59','2024-05-11 22:20:59','Sets the size of the image.','Sets the size of the image.',105),(404,'2024-05-11 22:20:59','2024-05-11 22:20:59','.class','.class',106),(405,'2024-05-11 22:20:59','2024-05-11 22:20:59','#id','#id',106),(406,'2024-05-11 22:20:59','2024-05-11 22:20:59','$element','$element',106),(407,'2024-05-11 22:20:59','2024-05-11 22:20:59','[attribute]','[attribute]',106),(408,'2024-05-11 22:20:59','2024-05-11 22:20:59',':hover',':hover',107),(409,'2024-05-11 22:20:59','2024-05-11 22:20:59',':active',':active',107),(410,'2024-05-11 22:20:59','2024-05-11 22:20:59',':visited',':visited',107),(411,'2024-05-11 22:20:59','2024-05-11 22:20:59',':focus',':focus',107),(412,'2024-05-11 22:20:59','2024-05-11 22:20:59','text-align','text-align',108),(413,'2024-05-11 22:20:59','2024-05-11 22:20:59','align-text','align-text',108),(414,'2024-05-11 22:20:59','2024-05-11 22:20:59','vertical-align','vertical-align',108),(415,'2024-05-11 22:20:59','2024-05-11 22:20:59','line-align','line-align',108),(416,'2024-05-11 22:20:59','2024-05-11 22:20:59','px (pixels)','px (pixels)',109),(417,'2024-05-11 22:20:59','2024-05-11 22:20:59','rem','rem',109),(418,'2024-05-11 22:20:59','2024-05-11 22:20:59','% (percentage)','% (percentage)',109),(419,'2024-05-11 22:20:59','2024-05-11 22:20:59','elm','elm',109),(420,'2024-05-11 22:20:59','2024-05-11 22:20:59','em','em',109),(421,'2024-05-12 01:09:08','2024-05-12 01:09:08','Model-View-Controller (MVC)','Model-View-Controller (MVC)',110),(422,'2024-05-12 01:09:08','2024-05-12 01:09:08','Model-View-ViewModel (MVVM)','Model-View-ViewModel (MVVM)',110),(423,'2024-05-12 01:09:08','2024-05-12 01:09:08','Model-View-Presenter (MVP)','Model-View-Presenter (MVP)',110),(424,'2024-05-12 01:09:08','2024-05-12 01:09:08','Model-View-Adapter (MVA)','Model-View-Adapter (MVA)',110),(425,'2024-05-12 01:09:08','2024-05-12 01:09:08','Database','Database',111),(426,'2024-05-12 01:09:08','2024-05-12 01:09:08','Middleware','Middleware',111),(427,'2024-05-12 01:09:08','2024-05-12 01:09:08','Client Application','Client Application',111),(428,'2024-05-12 01:09:08','2024-05-12 01:09:08','Application Server','Application Server',111),(429,'2024-05-12 01:09:08','2024-05-12 01:09:08','Dependency injection','Dependency injection',112),(430,'2024-05-12 01:09:08','2024-05-12 01:09:08','Object-relational mapping (ORM)','Object-relational mapping (ORM)',112),(431,'2024-05-12 01:09:08','2024-05-12 01:09:08','Aspect-oriented programming','Aspect-oriented programming',112),(432,'2024-05-12 01:09:08','2024-05-12 01:09:08','Database management','Database management',112),(433,'2024-05-12 01:09:08','2024-05-12 01:09:08',' FetchType.LAZY',' FetchType.LAZY',113),(434,'2024-05-12 01:09:08','2024-05-12 01:09:08','FetchType.EAGER','FetchType.EAGER',113),(435,'2024-05-12 01:09:08','2024-05-12 01:09:08','FetchType.LAZY_INITIALIZATION','FetchType.LAZY_INITIALIZATION',113),(436,'2024-05-12 01:09:08','2024-05-12 01:09:08','FetchType.LAZY_LOADING','FetchType.LAZY_LOADING',113),(437,'2024-05-12 01:09:08','2024-05-12 01:09:08','application.properties','application.properties',114),(438,'2024-05-12 01:09:08','2024-05-12 01:09:08','applicationContext.xml','applicationContext.xml',114),(439,'2024-05-12 01:09:08','2024-05-12 01:09:08','spring-config.yml','spring-config.yml',114),(440,'2024-05-12 01:09:08','2024-05-12 01:09:08','bean-definitions.json','bean-definitions.json',114),(441,'2024-05-12 01:09:09','2024-05-12 01:09:09','@OneToOne','@OneToOne',115),(442,'2024-05-12 01:09:09','2024-05-12 01:09:09','@OneToMany','@OneToMany',115),(443,'2024-05-12 01:09:09','2024-05-12 01:09:09','@ManyToOne','@ManyToOne',115),(444,'2024-05-12 01:09:09','2024-05-12 01:09:09','@ManyToMany','@ManyToMany',115),(445,'2024-05-12 01:09:09','2024-05-12 01:09:09','@Entity','@Entity',116),(446,'2024-05-12 01:09:09','2024-05-12 01:09:09','@Table','@Table',116),(447,'2024-05-12 01:09:09','2024-05-12 01:09:09','@Column','@Column',116),(448,'2024-05-12 01:09:09','2024-05-12 01:09:09','@Repository','@Repository',116),(449,'2024-05-12 01:09:09','2024-05-12 01:09:09','Client-Server Architecture','Client-Server Architecture',117),(450,'2024-05-12 01:09:09','2024-05-12 01:09:09','Peer-to-Peer (P2P) Architecture','Peer-to-Peer (P2P) Architecture',117),(451,'2024-05-12 01:09:09','2024-05-12 01:09:09','Cloud-Native Architecture','Cloud-Native Architecture',117),(452,'2024-05-12 01:09:09','2024-05-12 01:09:09','Event-Driven Architecture (EDA)','Event-Driven Architecture (EDA)',117),(453,'2024-05-12 01:09:09','2024-05-12 01:09:09','Monolithic Architecture','Monolithic Architecture',118),(454,'2024-05-12 01:09:09','2024-05-12 01:09:09','Service-Oriented Architecture (SOA)','Service-Oriented Architecture (SOA)',118),(455,'2024-05-12 01:09:09','2024-05-12 01:09:09','Microservices Architecture','Microservices Architecture',118),(456,'2024-05-12 01:09:09','2024-05-12 01:09:09','Event-Driven Architecture (EDA)','Event-Driven Architecture (EDA)',118),(457,'2024-05-12 01:09:09','2024-05-12 01:09:09','To define a repository interface','To define a repository interface',119),(458,'2024-05-12 01:09:09','2024-05-12 01:09:09','To define a controller for RESTful APIs','To define a controller for RESTful APIs',119),(459,'2024-05-12 01:09:09','2024-05-12 01:09:09','To enable Spring Data JPA','To enable Spring Data JPA',119),(460,'2024-05-12 01:09:09','2024-05-12 01:09:09','To handle security configurations','To handle security configurations',119);
/*!40000 ALTER TABLE `multiple_choice_question_options` ENABLE KEYS */;
UNLOCK TABLES;

--
-- Table structure for table `multiple_choice_questions`
--

DROP TABLE IF EXISTS `multiple_choice_questions`;
/*!40101 SET @saved_cs_client     = @@character_set_client */;
/*!50503 SET character_set_client = utf8mb4 */;
CREATE TABLE `multiple_choice_questions` (
  `id` bigint NOT NULL AUTO_INCREMENT,
  `created_at` timestamp NULL DEFAULT NULL,
  `updated_at` timestamp NULL DEFAULT NULL,
  `has_multiple_answers` bit(1) NOT NULL,
  `question_id` bigint DEFAULT NULL,
  PRIMARY KEY (`id`),
  UNIQUE KEY `UK_8enwjbb2f8lbg9ikdcnu1j3hh` (`question_id`),
  CONSTRAINT `FK4wm6eckdc1t9ojixpcjq2kxrn` FOREIGN KEY (`question_id`) REFERENCES `questions` (`id`)
) ENGINE=InnoDB AUTO_INCREMENT=120 DEFAULT CHARSET=utf8mb3;
/*!40101 SET character_set_client = @saved_cs_client */;

--
-- Dumping data for table `multiple_choice_questions`
--

LOCK TABLES `multiple_choice_questions` WRITE;
/*!40000 ALTER TABLE `multiple_choice_questions` DISABLE KEYS */;
INSERT INTO `multiple_choice_questions` VALUES (1,'2024-03-14 17:03:17','2024-03-14 17:03:17',_binary '\0',1),(2,'2024-03-14 17:03:17','2024-03-14 17:03:17',_binary '\0',2),(3,'2024-03-14 17:03:17','2024-03-14 17:03:17',_binary '\0',3),(4,'2024-03-14 17:03:17','2024-03-14 17:03:17',_binary '\0',4),(5,'2024-03-16 21:54:57','2024-03-16 21:54:57',_binary '',6),(14,'2024-04-05 10:12:38','2024-04-05 10:12:38',_binary '\0',18),(15,'2024-04-05 10:35:27','2024-04-05 10:35:27',_binary '\0',19),(17,'2024-04-05 11:19:17','2024-04-05 11:19:17',_binary '\0',21),(21,'2024-04-06 07:16:25','2024-04-06 07:16:25',_binary '\0',29),(22,'2024-04-06 07:16:59','2024-04-06 07:16:59',_binary '\0',30),(23,'2024-04-06 07:33:48','2024-04-06 07:33:48',_binary '\0',31),(24,'2024-04-06 07:36:59','2024-04-06 07:36:59',_binary '\0',32),(26,'2024-04-06 07:52:07','2024-04-06 07:52:07',_binary '\0',34),(27,'2024-04-09 12:27:29','2024-04-09 12:27:29',_binary '\0',48),(91,'2024-04-09 20:07:21','2024-04-09 20:07:21',_binary '\0',59),(92,'2024-04-09 20:09:17','2024-04-09 20:09:17',_binary '\0',60),(93,'2024-04-09 22:11:36','2024-04-09 22:11:36',_binary '\0',61),(94,'2024-04-09 22:12:00','2024-04-09 22:12:00',_binary '\0',62),(95,'2024-05-11 22:20:59','2024-05-11 22:20:59',_binary '\0',63),(96,'2024-05-11 22:20:59','2024-05-11 22:20:59',_binary '\0',64),(97,'2024-05-11 22:20:59','2024-05-11 22:20:59',_binary '\0',65),(98,'2024-05-11 22:20:59','2024-05-11 22:20:59',_binary '\0',66),(99,'2024-05-11 22:20:59','2024-05-11 22:20:59',_binary '\0',67),(100,'2024-05-11 22:20:59','2024-05-11 22:20:59',_binary '\0',68),(101,'2024-05-11 22:20:59','2024-05-11 22:20:59',_binary '\0',69),(102,'2024-05-11 22:20:59','2024-05-11 22:20:59',_binary '\0',70),(103,'2024-05-11 22:20:59','2024-05-11 22:20:59',_binary '\0',71),(104,'2024-05-11 22:20:59','2024-05-11 22:20:59',_binary '\0',72),(105,'2024-05-11 22:20:59','2024-05-11 22:20:59',_binary '\0',73),(106,'2024-05-11 22:20:59','2024-05-11 22:20:59',_binary '',74),(107,'2024-05-11 22:20:59','2024-05-11 22:20:59',_binary '',75),(108,'2024-05-11 22:20:59','2024-05-11 22:20:59',_binary '',76),(109,'2024-05-11 22:20:59','2024-05-11 22:20:59',_binary '',77),(110,'2024-05-12 01:09:08','2024-05-12 01:09:08',_binary '',78),(111,'2024-05-12 01:09:08','2024-05-12 01:09:08',_binary '',79),(112,'2024-05-12 01:09:08','2024-05-12 01:09:08',_binary '\0',80),(113,'2024-05-12 01:09:08','2024-05-12 01:09:08',_binary '\0',81),(114,'2024-05-12 01:09:08','2024-05-12 01:09:08',_binary '\0',82),(115,'2024-05-12 01:09:09','2024-05-12 01:09:09',_binary '',83),(116,'2024-05-12 01:09:09','2024-05-12 01:09:09',_binary '',84),(117,'2024-05-12 01:09:09','2024-05-12 01:09:09',_binary '\0',85),(118,'2024-05-12 01:09:09','2024-05-12 01:09:09',_binary '',86),(119,'2024-05-12 01:09:09','2024-05-12 01:09:09',_binary '\0',87);
/*!40000 ALTER TABLE `multiple_choice_questions` ENABLE KEYS */;
UNLOCK TABLES;

--
-- Table structure for table `questions`
--

DROP TABLE IF EXISTS `questions`;
/*!40101 SET @saved_cs_client     = @@character_set_client */;
/*!50503 SET character_set_client = utf8mb4 */;
CREATE TABLE `questions` (
  `id` bigint NOT NULL AUTO_INCREMENT,
  `created_at` datetime(6) NOT NULL,
  `updated_at` datetime(6) NOT NULL,
  `category` varchar(255) DEFAULT NULL,
  `level` int NOT NULL,
  `title` varchar(255) DEFAULT NULL,
  `type` enum('ALGORITHMS','MULTIPLE_CHOICE') DEFAULT NULL,
  `image_url` varchar(255) DEFAULT NULL,
  `no_of_users_liked` int DEFAULT NULL,
  `difficulty_level` varchar(255) DEFAULT NULL,
  PRIMARY KEY (`id`)
) ENGINE=InnoDB AUTO_INCREMENT=88 DEFAULT CHARSET=utf8mb3;
/*!40101 SET character_set_client = @saved_cs_client */;

--
-- Dumping data for table `questions`
--

LOCK TABLES `questions` WRITE;
/*!40000 ALTER TABLE `questions` DISABLE KEYS */;
INSERT INTO `questions` VALUES (1,'2024-04-10 12:19:03.677000','2024-04-10 12:19:03.693279','databases',10,'Which of these is a valid DDL (Data definition language) statement ?','MULTIPLE_CHOICE','https://res.cloudinary.com/dclf0mgvi/image/upload/v1710642726/edulearn/jqax8tfisyvcgadjfuls.png',1,'EASY'),(2,'2024-03-14 17:03:17.000000','2024-03-14 17:03:17.000000','databases',10,'Which of the following is not a type of database model?','MULTIPLE_CHOICE',NULL,5,'EASY'),(3,'2024-04-09 21:09:17.247000','2024-04-09 21:09:17.302278','databases',10,'What does SQL stand for ?','MULTIPLE_CHOICE',NULL,9,'EASY'),(4,'2024-04-10 12:19:03.675000','2024-04-10 12:19:03.692331','databases',10,'What does ACID stand for in database transactions?','MULTIPLE_CHOICE',NULL,10,'EASY'),(5,'2024-04-09 18:49:25.107000','2024-04-09 18:49:25.135240','Dynamic programming',10,'Longest Common Subsequence','ALGORITHMS',NULL,11,'EASY'),(6,'2024-04-10 12:19:03.672000','2024-04-10 12:19:03.687573','databases',10,'Which of the following are valid types of database normalization ?','MULTIPLE_CHOICE',NULL,13,'EASY'),(7,'2024-04-09 18:49:25.110000','2024-04-09 18:49:25.141345','Dynamic programming',10,'Two Sums','ALGORITHMS',NULL,11,'EASY'),(19,'2024-04-10 12:19:03.679000','2024-04-10 12:19:03.694083','Software',10,' What is the primary purpose of using semantic HTML in web design?','MULTIPLE_CHOICE',NULL,0,'EASY'),(21,'2024-04-10 12:19:03.681000','2024-04-10 12:19:03.694618','Software',10,'What is my favorite programming language ?','MULTIPLE_CHOICE',NULL,0,'EASY'),(32,'2024-04-09 21:09:17.258000','2024-04-09 21:09:17.304381','Software',10,'In SOA, what does the term service mean?','MULTIPLE_CHOICE',NULL,0,'EASY'),(35,'2024-04-07 05:37:26.319000','2024-04-07 05:37:26.319000','Math',10,'Is Number Prime','ALGORITHMS',NULL,0,'EASY'),(36,'2024-04-07 06:03:21.579000','2024-04-07 06:03:21.579000','Array Traversal',10,'Max Array Value','ALGORITHMS',NULL,0,'EASY'),(37,'2024-04-07 10:33:34.933000','2024-04-07 10:33:34.933000','Array Manipulation',10,'Reverse Array','ALGORITHMS',NULL,0,'EASY'),(38,'2024-04-07 10:40:02.142000','2024-04-07 10:40:02.142000','Array Manipulation',10,'Reverse Array','ALGORITHMS',NULL,0,'EASY'),(39,'2024-04-07 14:26:30.582000','2024-04-07 14:26:30.582000','Array Manipulation',10,'Reverse Array','ALGORITHMS',NULL,0,'EASY'),(40,'2024-04-07 14:29:27.539000','2024-04-07 14:29:27.539000','Array Manipulation',10,'Reverse Array','ALGORITHMS',NULL,0,'EASY'),(41,'2024-04-07 15:51:35.776000','2024-04-07 15:51:35.776000','Array Manipulation',10,'Reverse Array','ALGORITHMS',NULL,0,'EASY'),(42,'2024-04-07 16:02:46.784000','2024-04-07 16:02:46.785000','Arrays',10,'Maximum Value','ALGORITHMS',NULL,0,'EASY'),(43,'2024-04-07 16:04:27.122000','2024-04-07 16:04:27.122000','Arrays',10,'Maximum Value','ALGORITHMS',NULL,0,'EASY'),(44,'2024-04-07 16:05:03.915000','2024-04-07 16:05:03.915000','Array Manipulation',10,'Reverse Array','ALGORITHMS',NULL,0,'EASY'),(45,'2024-04-08 09:45:09.770000','2024-04-08 09:45:09.770000','',0,'','ALGORITHMS',NULL,0,'EASY'),(46,'2024-04-08 09:46:06.374000','2024-04-08 09:46:06.374000','Strings',10,'Uncompress String','ALGORITHMS',NULL,0,'EASY'),(47,'2024-04-09 18:49:25.101000','2024-04-09 18:49:25.128072','Strings',10,'Anagrams','ALGORITHMS',NULL,0,'EASY'),(48,'2024-04-09 21:09:17.254000','2024-04-09 21:09:17.303842','Machine Learning',10,'What is the primary purpose of the validation set in machine learning?','MULTIPLE_CHOICE',NULL,0,'Medium'),(59,'2024-04-09 21:07:21.148356','2024-04-09 21:07:21.148425','Software',0,'Which of the following is NOT a primary goal of quality assurance in software development','MULTIPLE_CHOICE',NULL,0,'EASY'),(60,'2024-04-09 23:11:59.568000','2024-04-09 23:11:59.577613','Software',0,'Which of the following is NOT a primary goal of quality assurance in software development','MULTIPLE_CHOICE',NULL,0,'EASY'),(61,'2024-04-09 23:11:35.467573','2024-04-09 23:11:35.467651','Software Architecture',10,'What is the primary benefit of elasticity in cloud computing ?','MULTIPLE_CHOICE',NULL,0,'EASY'),(62,'2024-04-09 23:11:59.529042','2024-04-09 23:11:59.529054','Software Architecture',10,'What is the primary benefit of elasticity in cloud computing ?','MULTIPLE_CHOICE',NULL,0,'EASY'),(63,'2024-05-11 22:20:58.488899','2024-05-11 22:20:58.488955','Web Design',10,'What is the purpose of white space in web design?','MULTIPLE_CHOICE',NULL,0,NULL),(64,'2024-05-11 22:20:58.571432','2024-05-11 22:20:58.571446','Web Design',10,'What is the purpose of wireframing in web design?','MULTIPLE_CHOICE',NULL,0,NULL),(65,'2024-05-11 22:20:58.598598','2024-05-11 22:20:58.598618','Web Design',10,'What does CSS stand for in web design?','MULTIPLE_CHOICE',NULL,0,NULL),(66,'2024-05-11 22:20:58.622309','2024-05-11 22:20:58.622323','Web Design',10,'Which HTML tag is used to create a hyperlink in a web page?','MULTIPLE_CHOICE',NULL,0,NULL),(67,'2024-05-11 22:20:58.645908','2024-05-11 22:20:58.645922','Web Design',10,'Which programming language is commonly used for adding interactivity to web pages?','MULTIPLE_CHOICE',NULL,0,NULL),(68,'2024-05-11 22:20:58.669136','2024-05-11 22:20:58.669147','Web Design',10,'Which of the following is NOT a basic principle of good web design?','MULTIPLE_CHOICE',NULL,0,NULL),(69,'2024-05-11 22:20:58.696605','2024-05-11 22:20:58.696620','Web Design',10,'Which web design tool is commonly used for creating vector graphics?','MULTIPLE_CHOICE',NULL,0,NULL),(70,'2024-05-11 22:20:58.724048','2024-05-11 22:20:58.724059','Web Design',10,'What is the purpose of responsive web design?','MULTIPLE_CHOICE',NULL,0,NULL),(71,'2024-05-11 22:20:58.746378','2024-05-11 22:20:58.746393','Web Design',10,'What is the correct way to apply an external CSS file to an HTML document?','MULTIPLE_CHOICE',NULL,0,NULL),(72,'2024-05-11 22:20:58.777946','2024-05-11 22:20:58.778560','Web Design',10,'What does the CSS property \"display: none;\" do?','MULTIPLE_CHOICE',NULL,0,NULL),(73,'2024-05-11 22:20:58.805260','2024-05-11 22:20:58.805274','Web Design',10,'What is the purpose of the \"alt\" attribute in an HTML image tag?','MULTIPLE_CHOICE',NULL,0,NULL),(74,'2024-05-11 22:20:58.830586','2024-05-11 22:20:58.830598','Web Design',10,'Which of the following is NOT a valid CSS selector?','MULTIPLE_CHOICE',NULL,0,NULL),(75,'2024-05-11 22:20:58.856673','2024-05-11 22:20:58.856689','Web Design',10,'Which of the following are valid CSS pseudo-classes for styling links? (Select all that apply)','MULTIPLE_CHOICE',NULL,0,NULL),(76,'2024-05-11 22:20:58.908478','2024-05-11 22:20:58.908486','Web Design',10,'Which of the following CSS properties are used for text alignment? (Select all that apply)','MULTIPLE_CHOICE',NULL,0,NULL),(77,'2024-05-11 22:20:58.940105','2024-05-11 23:33:53.319931','Web Design',10,'Which of the following are valid CSS units for specifying lengths? (Select all that apply)','MULTIPLE_CHOICE',NULL,0,'EASY'),(78,'2024-05-12 01:09:08.272484','2024-05-12 01:09:08.272498','Software Architecture',10,'Which of the following are commonly used architectural patterns in software development? (Select all that apply)','MULTIPLE_CHOICE',NULL,0,NULL),(79,'2024-05-12 01:09:08.361170','2024-05-12 01:09:08.361184','Software Architecture',10,'In the client-server architecture, which components are typically part of the server-side? (Select all that apply)','MULTIPLE_CHOICE',NULL,0,'EASY'),(80,'2024-05-12 01:09:08.415285','2024-05-12 01:09:08.415297','Software Architecture',10,'What is the primary purpose of JPA in Java development?','MULTIPLE_CHOICE',NULL,0,'EASY'),(81,'2024-05-12 01:09:08.443996','2024-05-12 01:09:08.444008','Software Architecture',10,'Which of the following is NOT a valid fetch type in JPA associations?','MULTIPLE_CHOICE',NULL,0,'EASY'),(82,'2024-05-12 01:09:08.480377','2024-05-12 01:09:08.480389','Software Architecture',10,'Which of the following files is commonly used for configuring Spring Boot properties?','MULTIPLE_CHOICE',NULL,0,'EASY'),(83,'2024-05-12 01:09:08.505481','2024-05-12 01:09:08.505490','Software Architecture',10,'What annotations are used to define relationships between entities in JPA? (Select all that apply)','MULTIPLE_CHOICE',NULL,0,'EASY'),(84,'2024-05-12 01:09:08.532790','2024-05-12 01:09:08.532797','Software Architecture',10,'Which annotations are commonly used for defining entity classes in Spring Boot applications? (Select all that apply)','MULTIPLE_CHOICE',NULL,0,'EASY'),(85,'2024-05-12 01:09:08.563155','2024-05-12 01:09:08.563165','Software Architecture',10,'Which architectural pattern is commonly used for building real-time systems with event-driven communication? (Select all that apply)','MULTIPLE_CHOICE',NULL,0,'EASY'),(86,'2024-05-12 01:09:08.579685','2024-05-12 01:09:08.579693','Software Architecture',10,'Which architectural styles emphasize decentralized communication between components? (Select all that apply)','MULTIPLE_CHOICE',NULL,0,'EASY'),(87,'2024-05-12 01:09:08.604398','2024-05-12 01:09:08.604407','Software Architecture',10,'What is the purpose of Spring Boot\'s @RestController annotation?','MULTIPLE_CHOICE',NULL,0,'EASY');
/*!40000 ALTER TABLE `questions` ENABLE KEYS */;
UNLOCK TABLES;

--
-- Table structure for table `student_users`
--

DROP TABLE IF EXISTS `student_users`;
/*!40101 SET @saved_cs_client     = @@character_set_client */;
/*!50503 SET character_set_client = utf8mb4 */;
CREATE TABLE `student_users` (
  `id` bigint NOT NULL AUTO_INCREMENT,
  `created_at` datetime(6) NOT NULL,
  `updated_at` datetime(6) NOT NULL,
  `biography` varchar(255) DEFAULT NULL,
  `email` varchar(255) DEFAULT NULL,
  `first_name` varchar(255) DEFAULT NULL,
  `last_name` varchar(255) DEFAULT NULL,
  `level` int NOT NULL,
  `location` varchar(255) DEFAULT NULL,
  `skills` varchar(255) DEFAULT NULL,
  `university` varchar(255) DEFAULT NULL,
  `points` bigint NOT NULL,
  `is_logged_in` bit(1) DEFAULT NULL,
  `last_logged_in_at` datetime(6) DEFAULT NULL,
  `image_url` varchar(255) DEFAULT NULL,
  PRIMARY KEY (`id`)
) ENGINE=InnoDB AUTO_INCREMENT=28 DEFAULT CHARSET=utf8mb3;
/*!40101 SET character_set_client = @saved_cs_client */;

--
-- Dumping data for table `student_users`
--

LOCK TABLES `student_users` WRITE;
/*!40000 ALTER TABLE `student_users` DISABLE KEYS */;
INSERT INTO `student_users` VALUES (1,'2024-03-14 17:02:12.593000','2024-05-15 21:46:28.402808','Senior Software Engineer with professional experience designing and developing efficient, secure, and reliable server-side applications and databases','ojo9@student.le.ac.uk','Josiah','Ogunboyejo',3,'London','HTML, CSS3, Javascript, Kubernetes','University of Manchester',1400,_binary '',NULL,'http://res.cloudinary.com/dclf0mgvi/image/upload/v1712579933/edulearn/woa9cfgaplp8gduilufo.jpg'),(2,'2024-03-14 18:06:07.634000','2024-03-14 18:06:07.635000',NULL,'darryb@student.le.ac.uk','Boluwatife','Darryb',10,NULL,NULL,NULL,0,_binary '',NULL,NULL),(3,'2024-03-14 19:30:30.746000','2024-03-14 19:30:30.746000',NULL,'oreoluwa@student.le.ac.uk','Oreoluwa','Falomo',10,NULL,NULL,NULL,0,_binary '',NULL,NULL),(4,'2024-03-14 19:30:41.953000','2024-03-14 19:30:41.953000',NULL,'amanda@student.le.ac.uk','Amanda','Moses',10,NULL,NULL,NULL,0,_binary '',NULL,NULL),(5,'2024-03-14 19:30:56.172000','2024-03-14 19:30:56.172000',NULL,'fife@student.le.ac.uk','Fifelade','Esther',10,NULL,NULL,NULL,0,_binary '',NULL,NULL),(6,'2024-03-14 19:31:10.496000','2024-03-14 19:31:10.496000',NULL,'jmande@student.le.ac.uk','Jesubola','Mandema',10,NULL,NULL,NULL,0,_binary '',NULL,NULL),(7,'2024-03-14 19:31:23.530000','2024-03-14 19:31:23.531000',NULL,'frman@student.le.ac.uk','QA','Frimanda',10,NULL,NULL,NULL,0,_binary '',NULL,NULL),(8,'2024-03-14 19:31:43.228000','2024-03-14 19:31:43.228000',NULL,'pearl@student.le.ac.uk','Pearl','Josephine',10,NULL,NULL,NULL,0,_binary '',NULL,NULL),(9,'2024-03-14 19:31:57.374000','2024-03-14 19:31:57.374000',NULL,'loks@student.le.ac.uk','Lokogoma','Handera',10,NULL,NULL,NULL,0,_binary '',NULL,NULL),(10,'2024-03-14 19:32:14.055000','2024-03-14 19:32:14.055000',NULL,'ceecee@student.le.ac.uk','Ceecee','Tolani',10,NULL,NULL,NULL,0,_binary '',NULL,NULL),(11,'2024-03-14 19:32:27.930000','2024-03-14 19:32:27.930000',NULL,'tbajluxe@student.le.ac.uk','Tolani','Baj',10,NULL,NULL,NULL,0,_binary '',NULL,NULL),(12,'2024-03-19 07:06:29.062000','2024-04-10 09:07:12.697050','Senior Software Engineer with professional experience designing and developing efficient, secure, and reliable server-side applications and databases','ifeayo@student.le.ac.uk','Ifeayo','Ogunboyejo',10,'Birmingham','HTML, CSS3, Javascript, Kubernetes','University of Birmingham',180,_binary '\0',NULL,NULL),(13,'2024-03-19 11:05:06.552000','2024-03-19 11:06:28.801000','Software Engineer with professional experience designing and developing efficient, secure, and reliable server-side applications and databases','olakunle@student.le.ac.uk','Olakunle','Ogunboyejo',9,'Leicester','HTML, CSS3, Javascript','University of Birmingham',200,_binary '\0',NULL,NULL),(14,'2024-03-21 05:34:56.958000','2024-03-21 13:20:15.216000',NULL,'olatundeoguns17@gmail.com','Olatunde','Oguns',10,'Birmingham',NULL,'University of Birmingham',100,_binary '\0',NULL,NULL),(15,'2024-03-21 14:56:30.420000','2024-05-14 01:20:17.243564','I am a proficient engineer','josiaholatunde17@gmail.com','Olatunde','Ogunboyejo',7,'Leicester','HTML, CSS3, Javascript, Kubernetes','University of Birmingham',730,_binary '\0',NULL,'http://res.cloudinary.com/dclf0mgvi/image/upload/v1715649616/edulearn/ferjizhbkoswlkimluqg.jpg'),(16,'2024-04-08 16:54:38.570000','2024-04-08 16:54:38.570000',NULL,'mariam@student.le.ac.uk','Mariam','Ifelade',10,NULL,NULL,NULL,100,_binary '\0',NULL,NULL),(17,'2024-04-09 09:58:01.688000','2024-04-09 11:24:36.769000',NULL,'ifedolapo@student.le.ac.uk','Ifedolapo','Sanwoolu',10,NULL,NULL,NULL,100,_binary '',NULL,NULL),(18,'2024-04-09 13:44:31.175000','2024-04-09 14:09:44.499000',NULL,'made@student.le.ac.uk','Made','Olatunde',10,NULL,NULL,NULL,100,_binary '',NULL,'http://res.cloudinary.com/dclf0mgvi/image/upload/v1712668184/edulearn/fziuowunwp1q6mtymgyj.jpg'),(19,'2024-05-12 01:15:04.503819','2024-05-12 01:15:40.171605',NULL,'anna@le.ac.uk','Anna','Fariman',9,NULL,NULL,NULL,200,_binary '',NULL,NULL),(20,'2024-05-13 09:42:05.787327','2024-05-15 21:41:14.495468',NULL,'fripona@student.le.ac.uk','Fripona','Esther',7,NULL,NULL,NULL,630,_binary '\0',NULL,'http://res.cloudinary.com/dclf0mgvi/image/upload/v1715593524/edulearn/bfvtjclcxialdo7cesag.jpg'),(21,'2024-05-14 18:25:25.502595','2024-05-14 18:25:40.440669',NULL,'je188@student.le.ac.uk','Jae','Emanuel',10,NULL,NULL,NULL,100,_binary '',NULL,NULL),(22,'2024-05-14 18:25:44.874899','2024-05-14 18:33:03.192241',NULL,'pearlotoneks@gmail.com','Pearl','Otonekwu',10,NULL,NULL,NULL,160,_binary '',NULL,'http://res.cloudinary.com/dclf0mgvi/image/upload/v1715711581/edulearn/klgh6w1ogdaq56lchih1.jpg'),(23,'2024-05-14 18:25:57.560484','2024-05-14 18:26:10.781929',NULL,'elizabethemiola216@gmail.com','Elizabeth','Emiola',9,NULL,NULL,NULL,300,_binary '',NULL,NULL),(24,'2024-05-15 20:03:14.387966','2024-05-15 20:03:14.387984',NULL,'bunmi.farinu@gmail.com','Christiana','Farinu',9,NULL,NULL,NULL,200,_binary '\0',NULL,NULL),(25,'2024-05-15 20:04:22.892435','2024-05-15 20:04:46.116593',NULL,'peruorogun@gmail.com','Peru','Orogun',9,NULL,NULL,NULL,230,_binary '',NULL,NULL),(26,'2024-05-15 21:44:40.027950','2024-05-15 21:44:40.027962',NULL,'jeddiahawuku12@gmail.com','Jed','Awuku',10,NULL,NULL,NULL,160,_binary '',NULL,NULL),(27,'2024-05-15 21:44:48.862636','2024-05-15 21:44:48.862652',NULL,'ngalahd@gmail.com','m','N',10,NULL,NULL,NULL,180,_binary '',NULL,NULL);
/*!40000 ALTER TABLE `student_users` ENABLE KEYS */;
UNLOCK TABLES;

--
-- Table structure for table `student_users_certifications`
--

DROP TABLE IF EXISTS `student_users_certifications`;
/*!40101 SET @saved_cs_client     = @@character_set_client */;
/*!50503 SET character_set_client = utf8mb4 */;
CREATE TABLE `student_users_certifications` (
  `student_users_id` bigint NOT NULL,
  `certifications_id` bigint NOT NULL,
  UNIQUE KEY `UK_72o5odli13x2rym5gh1tfs7lo` (`certifications_id`),
  KEY `FK6ygku7o2km310mpg1s0gb8d9u` (`student_users_id`),
  CONSTRAINT `FK6ygku7o2km310mpg1s0gb8d9u` FOREIGN KEY (`student_users_id`) REFERENCES `student_users` (`id`),
  CONSTRAINT `FKak93obascysofaj3i4s3tvi0f` FOREIGN KEY (`certifications_id`) REFERENCES `user_certifications` (`id`)
) ENGINE=InnoDB DEFAULT CHARSET=utf8mb3;
/*!40101 SET character_set_client = @saved_cs_client */;

--
-- Dumping data for table `student_users_certifications`
--

LOCK TABLES `student_users_certifications` WRITE;
/*!40000 ALTER TABLE `student_users_certifications` DISABLE KEYS */;
/*!40000 ALTER TABLE `student_users_certifications` ENABLE KEYS */;
UNLOCK TABLES;

--
-- Table structure for table `student_users_challenges`
--

DROP TABLE IF EXISTS `student_users_challenges`;
/*!40101 SET @saved_cs_client     = @@character_set_client */;
/*!50503 SET character_set_client = utf8mb4 */;
CREATE TABLE `student_users_challenges` (
  `student_users_id` bigint NOT NULL,
  `challenges_id` bigint NOT NULL,
  `student_user_id` bigint NOT NULL,
  UNIQUE KEY `UK_g0vuy4vohn4nc2sh503kihb85` (`challenges_id`),
  KEY `FKk5c2ibitrmeym601pyuut8x78` (`student_users_id`),
  KEY `FKldtp588lcp8ft3etydunf7vmw` (`student_user_id`),
  CONSTRAINT `FK3vu5v3w3f5k7wtx29i8390bac` FOREIGN KEY (`challenges_id`) REFERENCES `challenges` (`id`),
  CONSTRAINT `FKk5c2ibitrmeym601pyuut8x78` FOREIGN KEY (`student_users_id`) REFERENCES `student_users` (`id`),
  CONSTRAINT `FKldtp588lcp8ft3etydunf7vmw` FOREIGN KEY (`student_user_id`) REFERENCES `student_users` (`id`)
) ENGINE=InnoDB DEFAULT CHARSET=utf8mb3;
/*!40101 SET character_set_client = @saved_cs_client */;

--
-- Dumping data for table `student_users_challenges`
--

LOCK TABLES `student_users_challenges` WRITE;
/*!40000 ALTER TABLE `student_users_challenges` DISABLE KEYS */;
/*!40000 ALTER TABLE `student_users_challenges` ENABLE KEYS */;
UNLOCK TABLES;

--
-- Table structure for table `user_certifications`
--

DROP TABLE IF EXISTS `user_certifications`;
/*!40101 SET @saved_cs_client     = @@character_set_client */;
/*!50503 SET character_set_client = utf8mb4 */;
CREATE TABLE `user_certifications` (
  `id` bigint NOT NULL AUTO_INCREMENT,
  `created_at` datetime(6) NOT NULL,
  `updated_at` datetime(6) NOT NULL,
  `name` varchar(255) DEFAULT NULL,
  `student_user_id` bigint DEFAULT NULL,
  `expiration_date` datetime(6) DEFAULT NULL,
  `issue_date` datetime(6) DEFAULT NULL,
  `issuing_organization` varchar(255) DEFAULT NULL,
  PRIMARY KEY (`id`),
  KEY `FKc8fhsj543k8r1j4h6at0mlfwv` (`student_user_id`),
  CONSTRAINT `FKc8fhsj543k8r1j4h6at0mlfwv` FOREIGN KEY (`student_user_id`) REFERENCES `student_users` (`id`)
) ENGINE=InnoDB AUTO_INCREMENT=9 DEFAULT CHARSET=utf8mb3;
/*!40101 SET character_set_client = @saved_cs_client */;

--
-- Dumping data for table `user_certifications`
--

LOCK TABLES `user_certifications` WRITE;
/*!40000 ALTER TABLE `user_certifications` DISABLE KEYS */;
INSERT INTO `user_certifications` VALUES (4,'2024-03-17 14:39:52.948000','2024-03-17 14:39:52.948000','Andela Mobile Certification for Web Development',1,NULL,'2024-03-23 00:00:00.000000','Andela'),(5,'2024-03-17 14:44:00.239000','2024-03-17 15:35:06.866000','Google Developer Advocate',1,NULL,'2024-03-23 00:00:00.000000','Google'),(6,'2024-03-17 14:49:00.871000','2024-03-19 06:23:17.412000','Facebook Developer Circles Lead',1,NULL,'2024-02-13 00:00:00.000000','Google'),(8,'2024-03-19 07:08:17.787000','2024-03-19 07:08:17.787000','Google Mobile Certification for Web Development',12,NULL,'2024-03-22 00:00:00.000000','Google');
/*!40000 ALTER TABLE `user_certifications` ENABLE KEYS */;
UNLOCK TABLES;

--
-- Table structure for table `user_multiple_choice_challenge_answers`
--

DROP TABLE IF EXISTS `user_multiple_choice_challenge_answers`;
/*!40101 SET @saved_cs_client     = @@character_set_client */;
/*!50503 SET character_set_client = utf8mb4 */;
CREATE TABLE `user_multiple_choice_challenge_answers` (
  `id` bigint NOT NULL AUTO_INCREMENT,
  `created_at` datetime(6) NOT NULL,
  `updated_at` datetime(6) NOT NULL,
  `challenge_submission_id` bigint DEFAULT NULL,
  `option_id` bigint DEFAULT NULL,
  `question_id` bigint DEFAULT NULL,
  `challenge_question_response_id` bigint DEFAULT NULL,
  PRIMARY KEY (`id`),
  KEY `FKel7lyk6h2tf33bna6hvsfmoqb` (`challenge_submission_id`),
  KEY `FK6hog7s7ly47ew6fsolkbsvgox` (`option_id`),
  KEY `FKb8h22snwr53s6gbqu93be7j1h` (`question_id`),
  KEY `FKxrxfi3s7rfrh49nxxwedbgap` (`challenge_question_response_id`),
  CONSTRAINT `FK6hog7s7ly47ew6fsolkbsvgox` FOREIGN KEY (`option_id`) REFERENCES `multiple_choice_question_options` (`id`),
  CONSTRAINT `FKb8h22snwr53s6gbqu93be7j1h` FOREIGN KEY (`question_id`) REFERENCES `questions` (`id`),
  CONSTRAINT `FKel7lyk6h2tf33bna6hvsfmoqb` FOREIGN KEY (`challenge_submission_id`) REFERENCES `challenge_submissions` (`id`),
  CONSTRAINT `FKxrxfi3s7rfrh49nxxwedbgap` FOREIGN KEY (`challenge_question_response_id`) REFERENCES `user_multiple_choice_challenge_question_response` (`id`)
) ENGINE=InnoDB AUTO_INCREMENT=1145 DEFAULT CHARSET=utf8mb3;
/*!40101 SET character_set_client = @saved_cs_client */;

--
-- Dumping data for table `user_multiple_choice_challenge_answers`
--

LOCK TABLES `user_multiple_choice_challenge_answers` WRITE;
/*!40000 ALTER TABLE `user_multiple_choice_challenge_answers` DISABLE KEYS */;
INSERT INTO `user_multiple_choice_challenge_answers` VALUES (2,'2024-03-15 22:43:59.272000','2024-03-15 22:43:59.272000',1,3,1,NULL),(3,'2024-03-15 22:43:59.305000','2024-03-15 22:43:59.305000',1,8,2,NULL),(4,'2024-03-15 22:43:59.314000','2024-03-15 22:43:59.314000',1,9,3,NULL),(5,'2024-03-15 22:45:08.305000','2024-03-15 22:45:08.305000',2,3,1,NULL),(6,'2024-03-15 22:45:08.312000','2024-03-15 22:45:08.312000',2,8,2,NULL),(7,'2024-03-15 22:45:08.318000','2024-03-15 22:45:08.318000',2,9,3,NULL),(8,'2024-03-15 22:45:28.056000','2024-03-15 22:45:28.056000',3,3,1,NULL),(9,'2024-03-15 22:45:28.070000','2024-03-15 22:45:28.070000',3,8,2,NULL),(10,'2024-03-15 22:45:28.077000','2024-03-15 22:45:28.077000',3,9,3,NULL),(11,'2024-03-15 23:29:23.451000','2024-03-15 23:29:23.451000',4,3,1,NULL),(12,'2024-03-15 23:29:23.459000','2024-03-15 23:29:23.459000',4,8,2,NULL),(13,'2024-03-15 23:29:23.465000','2024-03-15 23:29:23.465000',4,9,3,NULL),(14,'2024-03-15 23:30:56.693000','2024-03-15 23:30:56.693000',5,3,1,NULL),(15,'2024-03-15 23:30:56.698000','2024-03-15 23:30:56.698000',5,8,2,NULL),(16,'2024-03-15 23:30:56.704000','2024-03-15 23:30:56.704000',5,9,3,NULL),(17,'2024-03-15 23:33:14.122000','2024-03-15 23:33:14.122000',6,3,1,NULL),(18,'2024-03-15 23:33:14.129000','2024-03-15 23:33:14.129000',6,8,2,NULL),(19,'2024-03-15 23:33:14.137000','2024-03-15 23:33:14.137000',6,9,3,NULL),(20,'2024-03-16 04:51:28.093000','2024-03-16 04:51:28.093000',7,1,1,NULL),(21,'2024-03-16 04:51:28.110000','2024-03-16 04:51:28.110000',7,3,1,NULL),(22,'2024-03-16 04:51:28.120000','2024-03-16 04:51:28.120000',7,7,2,NULL),(23,'2024-03-16 04:51:28.124000','2024-03-16 04:51:28.124000',7,8,2,NULL),(24,'2024-03-16 04:51:28.131000','2024-03-16 04:51:28.131000',7,9,3,NULL),(25,'2024-03-16 04:59:44.484000','2024-03-16 04:59:44.484000',8,3,1,NULL),(26,'2024-03-16 04:59:44.502000','2024-03-16 04:59:44.502000',8,8,2,NULL),(27,'2024-03-16 04:59:44.506000','2024-03-16 04:59:44.506000',8,9,3,NULL),(28,'2024-03-16 05:01:31.475000','2024-03-16 05:01:31.475000',9,3,1,NULL),(29,'2024-03-16 05:01:31.484000','2024-03-16 05:01:31.484000',9,8,2,NULL),(30,'2024-03-16 05:01:31.488000','2024-03-16 05:01:31.488000',9,9,3,NULL),(31,'2024-03-16 05:02:55.870000','2024-03-16 05:02:55.870000',10,3,1,NULL),(32,'2024-03-16 05:02:55.907000','2024-03-16 05:02:55.907000',10,8,2,NULL),(33,'2024-03-16 05:02:55.925000','2024-03-16 05:02:55.925000',10,9,3,NULL),(34,'2024-03-16 05:05:06.729000','2024-03-16 05:05:06.729000',11,3,1,NULL),(35,'2024-03-16 05:05:06.738000','2024-03-16 05:05:06.738000',11,8,2,NULL),(36,'2024-03-16 05:05:06.746000','2024-03-16 05:05:06.746000',11,9,3,NULL),(37,'2024-03-16 05:21:57.667000','2024-03-16 05:21:57.667000',12,3,1,NULL),(38,'2024-03-16 05:21:57.674000','2024-03-16 05:21:57.674000',12,8,2,NULL),(39,'2024-03-16 05:21:57.681000','2024-03-16 05:21:57.681000',12,9,3,NULL),(40,'2024-03-16 05:26:22.060000','2024-03-16 05:26:22.060000',13,3,1,NULL),(41,'2024-03-16 05:26:22.066000','2024-03-16 05:26:22.066000',13,8,2,NULL),(42,'2024-03-16 05:26:22.070000','2024-03-16 05:26:22.070000',13,9,3,NULL),(43,'2024-03-16 06:18:42.652000','2024-03-16 06:18:42.652000',14,3,1,NULL),(44,'2024-03-16 06:18:42.699000','2024-03-16 06:18:42.699000',14,8,2,NULL),(45,'2024-03-16 06:18:42.727000','2024-03-16 06:18:42.727000',14,9,3,NULL),(46,'2024-03-16 19:42:45.329000','2024-03-16 19:42:45.329000',15,3,1,NULL),(47,'2024-03-16 19:42:45.338000','2024-03-16 19:42:45.338000',15,8,2,NULL),(48,'2024-03-16 19:42:45.344000','2024-03-16 19:42:45.344000',15,9,3,NULL),(49,'2024-03-17 01:14:15.305000','2024-03-17 01:14:15.305000',16,3,1,NULL),(50,'2024-03-17 01:14:15.315000','2024-03-17 01:14:15.315000',16,3,1,NULL),(51,'2024-03-17 01:14:15.323000','2024-03-17 01:14:15.323000',16,3,1,NULL),(52,'2024-03-17 01:14:15.327000','2024-03-17 01:14:15.327000',16,1,1,NULL),(53,'2024-03-17 01:14:15.339000','2024-03-17 01:14:15.339000',16,4,1,NULL),(54,'2024-03-17 01:14:15.343000','2024-03-17 01:14:15.343000',16,1,1,NULL),(55,'2024-03-17 01:14:15.346000','2024-03-17 01:14:15.346000',16,4,1,NULL),(56,'2024-03-17 01:14:15.350000','2024-03-17 01:14:15.350000',16,8,2,NULL),(57,'2024-03-17 01:14:15.355000','2024-03-17 01:14:15.355000',16,9,3,NULL),(58,'2024-03-17 01:14:15.363000','2024-03-17 01:14:15.363000',16,14,4,NULL),(59,'2024-03-17 01:14:15.371000','2024-03-17 01:14:15.371000',16,17,6,NULL),(60,'2024-03-17 01:14:15.373000','2024-03-17 01:14:15.373000',16,18,6,NULL),(61,'2024-03-17 01:14:15.378000','2024-03-17 01:14:15.378000',16,19,6,NULL),(62,'2024-03-17 01:28:06.248000','2024-03-17 01:28:06.248000',17,3,1,NULL),(63,'2024-03-17 01:28:06.255000','2024-03-17 01:28:06.255000',17,2,1,NULL),(64,'2024-03-17 01:28:06.260000','2024-03-17 01:28:06.260000',17,1,1,NULL),(65,'2024-03-17 01:28:06.262000','2024-03-17 01:28:06.262000',17,4,1,NULL),(66,'2024-03-17 01:28:06.269000','2024-03-17 01:28:06.269000',17,8,2,NULL),(67,'2024-03-17 01:28:06.278000','2024-03-17 01:28:06.278000',17,9,3,NULL),(68,'2024-03-17 01:28:06.285000','2024-03-17 01:28:06.285000',17,17,6,NULL),(69,'2024-03-17 01:28:06.288000','2024-03-17 01:28:06.288000',17,20,6,NULL),(70,'2024-03-17 20:23:24.490000','2024-03-17 20:23:24.490000',18,3,1,NULL),(71,'2024-03-17 20:23:24.512000','2024-03-17 20:23:24.512000',18,8,2,NULL),(72,'2024-03-17 20:23:24.518000','2024-03-17 20:23:24.518000',18,9,3,NULL),(73,'2024-03-17 20:23:24.523000','2024-03-17 20:23:24.523000',18,13,4,NULL),(74,'2024-03-17 20:23:24.531000','2024-03-17 20:23:24.531000',18,17,6,NULL),(75,'2024-03-17 20:23:24.535000','2024-03-17 20:23:24.535000',18,20,6,NULL),(76,'2024-03-19 06:24:33.285000','2024-03-19 06:24:33.285000',19,3,1,NULL),(77,'2024-03-19 06:24:33.302000','2024-03-19 06:24:33.302000',19,6,2,NULL),(78,'2024-03-19 06:24:33.309000','2024-03-19 06:24:33.309000',19,9,3,NULL),(79,'2024-03-19 06:24:33.316000','2024-03-19 06:24:33.316000',19,15,4,NULL),(80,'2024-03-19 06:24:33.336000','2024-03-19 06:24:33.336000',19,17,6,NULL),(81,'2024-03-19 06:24:33.340000','2024-03-19 06:24:33.340000',19,18,6,NULL),(82,'2024-03-19 11:07:12.670000','2024-03-19 11:07:12.670000',20,1,1,NULL),(83,'2024-03-19 11:07:12.686000','2024-03-19 11:07:12.686000',20,7,2,NULL),(84,'2024-03-19 11:07:12.693000','2024-03-19 11:07:12.693000',20,9,3,NULL),(85,'2024-03-19 11:07:12.702000','2024-03-19 11:07:12.702000',20,17,6,NULL),(86,'2024-03-19 11:07:12.707000','2024-03-19 11:07:12.707000',20,18,6,NULL),(87,'2024-03-19 11:07:12.712000','2024-03-19 11:07:12.712000',20,20,6,NULL),(88,'2024-03-29 23:34:54.047000','2024-03-29 23:34:54.047000',111,2,1,NULL),(89,'2024-03-29 23:34:54.116000','2024-03-29 23:34:54.116000',111,5,2,NULL),(90,'2024-03-29 23:34:54.137000','2024-03-29 23:34:54.137000',111,17,6,NULL),(91,'2024-03-29 23:34:54.147000','2024-03-29 23:34:54.147000',111,19,6,NULL),(92,'2024-03-30 02:43:35.423000','2024-03-30 02:43:35.423000',113,1,1,NULL),(93,'2024-03-30 02:43:35.434000','2024-03-30 02:43:35.434000',113,6,2,NULL),(94,'2024-03-30 02:43:35.439000','2024-03-30 02:43:35.439000',113,9,3,NULL),(95,'2024-03-30 02:43:35.443000','2024-03-30 02:43:35.443000',113,13,4,NULL),(96,'2024-03-30 02:43:35.451000','2024-03-30 02:43:35.451000',113,17,6,NULL),(97,'2024-03-30 02:43:35.453000','2024-03-30 02:43:35.453000',113,19,6,NULL),(98,'2024-03-30 02:43:35.456000','2024-03-30 02:43:35.456000',113,20,6,NULL),(99,'2024-03-30 15:32:05.240000','2024-03-30 15:32:05.240000',114,2,1,NULL),(100,'2024-03-30 15:32:05.266000','2024-03-30 15:32:05.266000',114,4,1,NULL),(101,'2024-03-30 15:32:05.270000','2024-03-30 15:32:05.270000',114,6,1,NULL),(102,'2024-03-30 15:32:05.282000','2024-03-30 15:32:05.282000',114,3,2,NULL),(103,'2024-03-30 15:35:06.714000','2024-03-30 15:35:06.714000',115,2,1,NULL),(104,'2024-03-30 15:35:06.721000','2024-03-30 15:35:06.721000',115,4,1,NULL),(105,'2024-03-30 15:35:06.725000','2024-03-30 15:35:06.725000',115,6,1,NULL),(106,'2024-03-30 15:35:06.737000','2024-03-30 15:35:06.737000',115,3,2,NULL),(107,'2024-03-30 15:37:42.919000','2024-03-30 15:37:42.919000',116,2,1,NULL),(108,'2024-03-30 15:37:42.941000','2024-03-30 15:37:42.941000',116,4,1,NULL),(109,'2024-03-30 15:37:42.949000','2024-03-30 15:37:42.949000',116,6,1,NULL),(110,'2024-03-30 15:37:42.965000','2024-03-30 15:37:42.965000',116,3,2,NULL),(111,'2024-03-30 15:47:48.403000','2024-03-30 15:47:48.403000',117,2,1,NULL),(112,'2024-03-30 15:47:48.434000','2024-03-30 15:47:48.434000',117,4,1,NULL),(113,'2024-03-30 15:47:48.461000','2024-03-30 15:47:48.461000',117,6,1,NULL),(114,'2024-03-30 15:47:48.499000','2024-03-30 15:47:48.499000',117,3,2,NULL),(115,'2024-03-30 15:48:15.782000','2024-03-30 15:48:15.782000',118,2,1,NULL),(116,'2024-03-30 15:48:15.791000','2024-03-30 15:48:15.791000',118,4,1,NULL),(117,'2024-03-30 15:48:15.795000','2024-03-30 15:48:15.795000',118,6,1,NULL),(118,'2024-03-30 15:48:15.807000','2024-03-30 15:48:15.807000',118,3,2,NULL),(119,'2024-03-30 15:48:55.360000','2024-03-30 15:48:55.360000',119,2,1,NULL),(120,'2024-03-30 15:48:55.364000','2024-03-30 15:48:55.364000',119,4,1,NULL),(121,'2024-03-30 15:48:55.367000','2024-03-30 15:48:55.367000',119,6,1,NULL),(122,'2024-03-30 15:48:55.376000','2024-03-30 15:48:55.376000',119,3,2,NULL),(123,'2024-03-30 16:05:19.459000','2024-03-30 16:05:19.459000',120,2,1,NULL),(124,'2024-03-30 16:05:19.607000','2024-03-30 16:05:19.607000',120,4,1,NULL),(125,'2024-03-30 16:05:19.640000','2024-03-30 16:05:19.640000',120,6,1,NULL),(126,'2024-03-30 16:08:28.942000','2024-03-30 16:08:28.942000',120,3,2,NULL),(127,'2024-03-31 02:40:05.237000','2024-03-31 02:40:05.237000',121,1,1,NULL),(128,'2024-03-31 02:40:05.255000','2024-03-31 02:40:05.255000',121,6,2,NULL),(129,'2024-03-31 02:40:05.272000','2024-03-31 02:40:05.272000',121,9,3,NULL),(130,'2024-03-31 02:40:05.278000','2024-03-31 02:40:05.278000',121,13,4,NULL),(131,'2024-03-31 02:40:12.473000','2024-03-31 02:40:12.473000',122,1,1,NULL),(132,'2024-03-31 02:40:12.481000','2024-03-31 02:40:12.481000',122,6,2,NULL),(133,'2024-03-31 02:40:12.491000','2024-03-31 02:40:12.491000',122,9,3,NULL),(134,'2024-03-31 02:40:12.511000','2024-03-31 02:40:12.511000',122,13,4,NULL),(135,'2024-03-31 02:40:21.081000','2024-03-31 02:40:21.081000',123,1,1,NULL),(136,'2024-03-31 02:40:21.087000','2024-03-31 02:40:21.087000',123,6,2,NULL),(137,'2024-03-31 02:40:21.093000','2024-03-31 02:40:21.093000',123,9,3,NULL),(138,'2024-03-31 02:40:21.099000','2024-03-31 02:40:21.099000',123,13,4,NULL),(139,'2024-03-31 02:40:28.229000','2024-03-31 02:40:28.229000',124,1,1,NULL),(140,'2024-03-31 02:40:28.236000','2024-03-31 02:40:28.236000',124,6,2,NULL),(141,'2024-03-31 02:40:28.241000','2024-03-31 02:40:28.241000',124,9,3,NULL),(142,'2024-03-31 02:40:28.245000','2024-03-31 02:40:28.245000',124,13,4,NULL),(143,'2024-03-31 02:40:36.104000','2024-03-31 02:40:36.104000',125,1,1,NULL),(144,'2024-03-31 02:40:36.112000','2024-03-31 02:40:36.112000',125,6,2,NULL),(145,'2024-03-31 02:40:36.118000','2024-03-31 02:40:36.118000',125,9,3,NULL),(146,'2024-03-31 02:40:36.125000','2024-03-31 02:40:36.125000',125,13,4,NULL),(147,'2024-03-31 02:40:44.184000','2024-03-31 02:40:44.184000',126,1,1,NULL),(148,'2024-03-31 02:40:44.194000','2024-03-31 02:40:44.194000',126,6,2,NULL),(149,'2024-03-31 02:40:44.205000','2024-03-31 02:40:44.205000',126,9,3,NULL),(150,'2024-03-31 02:40:44.212000','2024-03-31 02:40:44.212000',126,13,4,NULL),(151,'2024-03-31 02:40:52.078000','2024-03-31 02:40:52.078000',127,1,1,NULL),(152,'2024-03-31 02:40:52.083000','2024-03-31 02:40:52.083000',127,6,2,NULL),(153,'2024-03-31 02:40:52.088000','2024-03-31 02:40:52.088000',127,9,3,NULL),(154,'2024-03-31 02:40:52.093000','2024-03-31 02:40:52.093000',127,13,4,NULL),(155,'2024-03-31 02:41:00.094000','2024-03-31 02:41:00.094000',128,1,1,NULL),(156,'2024-03-31 02:41:00.104000','2024-03-31 02:41:00.104000',128,6,2,NULL),(157,'2024-03-31 02:41:00.110000','2024-03-31 02:41:00.110000',128,9,3,NULL),(158,'2024-03-31 02:41:00.116000','2024-03-31 02:41:00.116000',128,13,4,NULL),(159,'2024-03-31 02:41:08.254000','2024-03-31 02:41:08.254000',129,1,1,NULL),(160,'2024-03-31 02:41:08.265000','2024-03-31 02:41:08.265000',129,6,2,NULL),(161,'2024-03-31 02:41:08.273000','2024-03-31 02:41:08.273000',129,9,3,NULL),(162,'2024-03-31 02:41:08.302000','2024-03-31 02:41:08.302000',129,13,4,NULL),(163,'2024-03-31 02:41:16.094000','2024-03-31 02:41:16.094000',130,1,1,NULL),(164,'2024-03-31 02:41:16.097000','2024-03-31 02:41:16.097000',130,6,2,NULL),(165,'2024-03-31 02:41:16.101000','2024-03-31 02:41:16.101000',130,9,3,NULL),(166,'2024-03-31 02:41:16.105000','2024-03-31 02:41:16.105000',130,13,4,NULL),(167,'2024-03-31 02:41:24.129000','2024-03-31 02:41:24.129000',131,1,1,NULL),(168,'2024-03-31 02:41:24.133000','2024-03-31 02:41:24.133000',131,6,2,NULL),(169,'2024-03-31 02:41:24.141000','2024-03-31 02:41:24.141000',131,9,3,NULL),(170,'2024-03-31 02:41:24.168000','2024-03-31 02:41:24.168000',131,13,4,NULL),(171,'2024-03-31 02:41:32.094000','2024-03-31 02:41:32.094000',132,1,1,NULL),(172,'2024-03-31 02:41:32.102000','2024-03-31 02:41:32.102000',132,6,2,NULL),(173,'2024-03-31 02:41:32.112000','2024-03-31 02:41:32.112000',132,9,3,NULL),(174,'2024-03-31 02:41:32.120000','2024-03-31 02:41:32.120000',132,13,4,NULL),(175,'2024-03-31 02:42:24.188000','2024-03-31 02:42:24.188000',133,1,1,NULL),(176,'2024-03-31 02:42:24.204000','2024-03-31 02:42:24.204000',133,6,2,NULL),(177,'2024-03-31 02:42:24.239000','2024-03-31 02:42:24.239000',133,9,3,NULL),(178,'2024-03-31 02:42:24.256000','2024-03-31 02:42:24.256000',133,13,4,NULL),(179,'2024-03-31 02:43:24.131000','2024-03-31 02:43:24.131000',134,1,1,NULL),(180,'2024-03-31 02:43:24.137000','2024-03-31 02:43:24.137000',134,6,2,NULL),(181,'2024-03-31 02:43:24.144000','2024-03-31 02:43:24.144000',134,9,3,NULL),(182,'2024-03-31 02:43:24.152000','2024-03-31 02:43:24.152000',134,13,4,NULL),(183,'2024-03-31 02:44:24.247000','2024-03-31 02:44:24.247000',135,1,1,NULL),(184,'2024-03-31 02:44:24.298000','2024-03-31 02:44:24.298000',135,6,2,NULL),(185,'2024-03-31 02:44:24.328000','2024-03-31 02:44:24.328000',135,9,3,NULL),(186,'2024-03-31 02:44:24.364000','2024-03-31 02:44:24.364000',135,13,4,NULL),(187,'2024-03-31 02:45:11.334000','2024-03-31 02:45:11.334000',136,1,1,NULL),(188,'2024-03-31 02:45:11.341000','2024-03-31 02:45:11.341000',136,6,2,NULL),(189,'2024-03-31 02:45:11.347000','2024-03-31 02:45:11.347000',136,9,3,NULL),(190,'2024-03-31 02:45:11.377000','2024-03-31 02:45:11.377000',136,13,4,NULL),(191,'2024-04-02 16:54:59.130000','2024-04-02 16:54:59.130000',158,1,1,NULL),(192,'2024-04-02 16:54:59.155000','2024-04-02 16:54:59.155000',158,6,2,NULL),(193,'2024-04-02 16:55:06.703000','2024-04-02 16:55:06.703000',159,1,1,NULL),(194,'2024-04-02 16:55:06.758000','2024-04-02 16:55:06.758000',159,6,2,NULL),(195,'2024-04-02 16:55:14.626000','2024-04-02 16:55:14.626000',160,1,1,NULL),(196,'2024-04-02 16:55:14.660000','2024-04-02 16:55:14.660000',160,6,2,NULL),(197,'2024-04-02 16:55:22.528000','2024-04-02 16:55:22.528000',161,1,1,NULL),(198,'2024-04-02 16:55:22.535000','2024-04-02 16:55:22.535000',161,6,2,NULL),(199,'2024-04-02 16:55:30.580000','2024-04-02 16:55:30.580000',162,1,1,NULL),(200,'2024-04-02 16:55:30.590000','2024-04-02 16:55:30.590000',162,6,2,NULL),(201,'2024-04-02 16:55:38.717000','2024-04-02 16:55:38.717000',163,1,1,NULL),(202,'2024-04-02 16:55:38.869000','2024-04-02 16:55:38.869000',163,6,2,NULL),(203,'2024-04-02 16:55:46.600000','2024-04-02 16:55:46.600000',164,1,1,NULL),(204,'2024-04-02 16:55:46.649000','2024-04-02 16:55:46.649000',164,6,2,NULL),(205,'2024-04-02 16:55:54.554000','2024-04-02 16:55:54.554000',165,1,1,NULL),(206,'2024-04-02 16:55:54.574000','2024-04-02 16:55:54.574000',165,6,2,NULL),(207,'2024-04-02 16:56:02.565000','2024-04-02 16:56:02.565000',166,1,1,NULL),(208,'2024-04-02 16:56:02.651000','2024-04-02 16:56:02.651000',166,6,2,NULL),(209,'2024-04-02 16:56:11.827000','2024-04-02 16:56:11.827000',167,1,1,NULL),(210,'2024-04-02 16:56:11.880000','2024-04-02 16:56:11.880000',167,6,2,NULL),(211,'2024-04-02 16:57:11.613000','2024-04-02 16:57:11.613000',168,1,1,NULL),(212,'2024-04-02 16:57:11.642000','2024-04-02 16:57:11.642000',168,6,2,NULL),(213,'2024-04-02 16:58:12.092000','2024-04-02 16:58:12.092000',169,1,1,NULL),(214,'2024-04-02 16:58:12.115000','2024-04-02 16:58:12.115000',169,6,2,NULL),(215,'2024-04-02 16:59:12.150000','2024-04-02 16:59:12.150000',170,1,1,NULL),(216,'2024-04-02 16:59:12.197000','2024-04-02 16:59:12.197000',170,6,2,NULL),(217,'2024-04-02 16:59:51.737000','2024-04-02 16:59:51.737000',171,1,1,NULL),(218,'2024-04-02 16:59:51.778000','2024-04-02 16:59:51.778000',171,6,2,NULL),(219,'2024-04-02 16:59:59.694000','2024-04-02 16:59:59.694000',172,1,1,NULL),(220,'2024-04-02 16:59:59.868000','2024-04-02 16:59:59.868000',172,6,2,NULL),(221,'2024-04-02 17:00:07.576000','2024-04-02 17:00:07.576000',173,1,1,NULL),(222,'2024-04-02 17:00:07.597000','2024-04-02 17:00:07.597000',173,6,2,NULL),(223,'2024-04-02 17:00:15.631000','2024-04-02 17:00:15.631000',174,1,1,NULL),(224,'2024-04-02 17:00:15.695000','2024-04-02 17:00:15.695000',174,6,2,NULL),(225,'2024-04-02 17:00:23.537000','2024-04-02 17:00:23.537000',175,1,1,NULL),(226,'2024-04-02 17:00:23.545000','2024-04-02 17:00:23.545000',175,6,2,NULL),(227,'2024-04-02 17:00:31.569000','2024-04-02 17:00:31.569000',176,1,1,NULL),(228,'2024-04-02 17:00:31.783000','2024-04-02 17:00:31.783000',176,6,2,NULL),(229,'2024-04-02 17:00:39.542000','2024-04-02 17:00:39.542000',177,1,1,NULL),(230,'2024-04-02 17:00:39.557000','2024-04-02 17:00:39.557000',177,6,2,NULL),(231,'2024-04-02 17:00:47.573000','2024-04-02 17:00:47.573000',178,1,1,NULL),(232,'2024-04-02 17:00:47.595000','2024-04-02 17:00:47.595000',178,6,2,NULL),(233,'2024-04-02 17:01:11.584000','2024-04-02 17:01:11.584000',179,1,1,NULL),(234,'2024-04-02 17:01:11.626000','2024-04-02 17:01:11.626000',179,6,2,NULL),(235,'2024-04-02 17:02:11.568000','2024-04-02 17:02:11.568000',180,1,1,NULL),(236,'2024-04-02 17:02:11.578000','2024-04-02 17:02:11.578000',180,6,2,NULL),(237,'2024-04-02 17:04:01.882000','2024-04-02 17:04:01.882000',181,1,1,NULL),(238,'2024-04-02 17:04:01.893000','2024-04-02 17:04:01.893000',181,6,2,NULL),(239,'2024-04-02 17:04:46.845000','2024-04-02 17:04:46.845000',182,1,1,NULL),(240,'2024-04-02 17:04:46.900000','2024-04-02 17:04:46.900000',182,6,2,NULL),(241,'2024-04-02 17:05:44.619000','2024-04-02 17:05:44.619000',183,1,1,NULL),(242,'2024-04-02 17:05:44.631000','2024-04-02 17:05:44.631000',183,6,2,NULL),(243,'2024-04-02 17:06:44.661000','2024-04-02 17:06:44.661000',184,1,1,NULL),(244,'2024-04-02 17:06:44.673000','2024-04-02 17:06:44.673000',184,6,2,NULL),(245,'2024-04-02 17:07:44.593000','2024-04-02 17:07:44.593000',185,1,1,NULL),(246,'2024-04-02 17:07:44.602000','2024-04-02 17:07:44.602000',185,6,2,NULL),(247,'2024-04-02 17:08:44.618000','2024-04-02 17:08:44.618000',186,1,1,NULL),(248,'2024-04-02 17:08:44.640000','2024-04-02 17:08:44.640000',186,6,2,NULL),(249,'2024-04-02 17:09:44.614000','2024-04-02 17:09:44.614000',187,1,1,NULL),(250,'2024-04-02 17:09:44.625000','2024-04-02 17:09:44.625000',187,6,2,NULL),(251,'2024-04-02 17:10:13.561000','2024-04-02 17:10:13.561000',188,1,1,NULL),(252,'2024-04-02 17:10:13.575000','2024-04-02 17:10:13.575000',188,6,2,NULL),(253,'2024-04-02 17:10:13.590000','2024-04-02 17:10:13.590000',188,9,3,NULL),(254,'2024-04-02 17:10:13.598000','2024-04-02 17:10:13.598000',188,13,4,NULL),(255,'2024-04-02 17:10:21.601000','2024-04-02 17:10:21.601000',189,1,1,NULL),(256,'2024-04-02 17:10:21.615000','2024-04-02 17:10:21.615000',189,6,2,NULL),(257,'2024-04-02 17:10:21.623000','2024-04-02 17:10:21.623000',189,9,3,NULL),(258,'2024-04-02 17:10:21.645000','2024-04-02 17:10:21.645000',189,13,4,NULL),(259,'2024-04-02 17:10:29.586000','2024-04-02 17:10:29.586000',190,1,1,NULL),(260,'2024-04-02 17:10:29.591000','2024-04-02 17:10:29.591000',190,6,2,NULL),(261,'2024-04-02 17:10:29.609000','2024-04-02 17:10:29.609000',190,9,3,NULL),(262,'2024-04-02 17:10:29.615000','2024-04-02 17:10:29.615000',190,13,4,NULL),(263,'2024-04-02 17:10:37.620000','2024-04-02 17:10:37.620000',191,1,1,NULL),(264,'2024-04-02 17:10:37.625000','2024-04-02 17:10:37.625000',191,6,2,NULL),(265,'2024-04-02 17:10:37.629000','2024-04-02 17:10:37.629000',191,9,3,NULL),(266,'2024-04-02 17:10:37.634000','2024-04-02 17:10:37.634000',191,13,4,NULL),(267,'2024-04-02 17:10:45.603000','2024-04-02 17:10:45.603000',192,1,1,NULL),(268,'2024-04-02 17:10:45.607000','2024-04-02 17:10:45.607000',192,6,2,NULL),(269,'2024-04-02 17:10:45.613000','2024-04-02 17:10:45.613000',192,9,3,NULL),(270,'2024-04-02 17:10:45.617000','2024-04-02 17:10:45.617000',192,13,4,NULL),(271,'2024-04-02 17:10:53.546000','2024-04-02 17:10:53.546000',193,1,1,NULL),(272,'2024-04-02 17:10:53.552000','2024-04-02 17:10:53.552000',193,6,2,NULL),(273,'2024-04-02 17:10:53.557000','2024-04-02 17:10:53.557000',193,9,3,NULL),(274,'2024-04-02 17:10:53.561000','2024-04-02 17:10:53.561000',193,13,4,NULL),(275,'2024-04-02 17:11:02.589000','2024-04-02 17:11:02.589000',194,1,1,NULL),(276,'2024-04-02 17:11:02.594000','2024-04-02 17:11:02.594000',194,6,2,NULL),(277,'2024-04-02 17:11:02.598000','2024-04-02 17:11:02.598000',194,9,3,NULL),(278,'2024-04-02 17:11:02.620000','2024-04-02 17:11:02.620000',194,13,4,NULL),(279,'2024-04-02 17:11:10.661000','2024-04-02 17:11:10.661000',195,1,1,NULL),(280,'2024-04-02 17:11:10.665000','2024-04-02 17:11:10.665000',195,6,2,NULL),(281,'2024-04-02 17:11:10.670000','2024-04-02 17:11:10.670000',195,9,3,NULL),(282,'2024-04-02 17:11:10.677000','2024-04-02 17:11:10.677000',195,13,4,NULL),(283,'2024-04-02 17:11:18.677000','2024-04-02 17:11:18.677000',196,1,1,NULL),(284,'2024-04-02 17:11:18.691000','2024-04-02 17:11:18.691000',196,6,2,NULL),(285,'2024-04-02 17:11:18.702000','2024-04-02 17:11:18.702000',196,9,3,NULL),(286,'2024-04-02 17:11:18.711000','2024-04-02 17:11:18.711000',196,13,4,NULL),(287,'2024-04-02 17:11:45.233000','2024-04-02 17:11:45.233000',197,1,1,NULL),(288,'2024-04-02 17:11:45.321000','2024-04-02 17:11:45.321000',197,6,2,NULL),(289,'2024-04-02 17:11:45.344000','2024-04-02 17:11:45.344000',197,9,3,NULL),(290,'2024-04-02 17:11:45.359000','2024-04-02 17:11:45.359000',197,13,4,NULL),(291,'2024-04-02 17:11:53.603000','2024-04-02 17:11:53.603000',198,1,1,NULL),(292,'2024-04-02 17:11:53.608000','2024-04-02 17:11:53.608000',198,6,2,NULL),(293,'2024-04-02 17:11:53.615000','2024-04-02 17:11:53.615000',198,9,3,NULL),(294,'2024-04-02 17:11:53.621000','2024-04-02 17:11:53.621000',198,13,4,NULL),(295,'2024-04-02 17:12:01.577000','2024-04-02 17:12:01.577000',199,1,1,NULL),(296,'2024-04-02 17:12:01.583000','2024-04-02 17:12:01.583000',199,6,2,NULL),(297,'2024-04-02 17:12:01.589000','2024-04-02 17:12:01.589000',199,9,3,NULL),(298,'2024-04-02 17:12:01.596000','2024-04-02 17:12:01.596000',199,13,4,NULL),(299,'2024-04-02 17:12:17.782000','2024-04-02 17:12:17.782000',200,1,1,NULL),(300,'2024-04-02 17:12:17.790000','2024-04-02 17:12:17.790000',200,6,2,NULL),(301,'2024-04-02 17:12:17.803000','2024-04-02 17:12:17.803000',200,9,3,NULL),(302,'2024-04-02 17:12:17.812000','2024-04-02 17:12:17.812000',200,13,4,NULL),(303,'2024-04-02 17:12:25.595000','2024-04-02 17:12:25.595000',201,1,1,NULL),(304,'2024-04-02 17:12:25.604000','2024-04-02 17:12:25.604000',201,6,2,NULL),(305,'2024-04-02 17:12:25.610000','2024-04-02 17:12:25.610000',201,9,3,NULL),(306,'2024-04-02 17:12:25.616000','2024-04-02 17:12:25.616000',201,13,4,NULL),(307,'2024-04-02 17:12:33.637000','2024-04-02 17:12:33.637000',202,1,1,NULL),(308,'2024-04-02 17:12:33.641000','2024-04-02 17:12:33.641000',202,6,2,NULL),(309,'2024-04-02 17:12:33.646000','2024-04-02 17:12:33.646000',202,9,3,NULL),(310,'2024-04-02 17:12:33.651000','2024-04-02 17:12:33.651000',202,13,4,NULL),(311,'2024-04-02 17:12:41.587000','2024-04-02 17:12:41.587000',203,1,1,NULL),(312,'2024-04-02 17:12:41.597000','2024-04-02 17:12:41.597000',203,6,2,NULL),(313,'2024-04-02 17:12:41.605000','2024-04-02 17:12:41.605000',203,9,3,NULL),(314,'2024-04-02 17:12:41.614000','2024-04-02 17:12:41.614000',203,13,4,NULL),(315,'2024-04-02 17:12:49.606000','2024-04-02 17:12:49.606000',204,1,1,NULL),(316,'2024-04-02 17:12:49.610000','2024-04-02 17:12:49.610000',204,6,2,NULL),(317,'2024-04-02 17:12:49.616000','2024-04-02 17:12:49.616000',204,9,3,NULL),(318,'2024-04-02 17:12:49.620000','2024-04-02 17:12:49.620000',204,13,4,NULL),(319,'2024-04-02 17:12:57.577000','2024-04-02 17:12:57.577000',205,1,1,NULL),(320,'2024-04-02 17:12:57.583000','2024-04-02 17:12:57.583000',205,6,2,NULL),(321,'2024-04-02 17:12:57.589000','2024-04-02 17:12:57.589000',205,9,3,NULL),(322,'2024-04-02 17:12:57.594000','2024-04-02 17:12:57.594000',205,13,4,NULL),(323,'2024-04-02 17:13:05.592000','2024-04-02 17:13:05.592000',206,1,1,NULL),(324,'2024-04-02 17:13:05.596000','2024-04-02 17:13:05.596000',206,6,2,NULL),(325,'2024-04-02 17:13:05.624000','2024-04-02 17:13:05.624000',206,9,3,NULL),(326,'2024-04-02 17:13:05.630000','2024-04-02 17:13:05.630000',206,13,4,NULL),(327,'2024-04-02 17:13:13.566000','2024-04-02 17:13:13.566000',207,1,1,NULL),(328,'2024-04-02 17:13:13.570000','2024-04-02 17:13:13.570000',207,6,2,NULL),(329,'2024-04-02 17:13:13.574000','2024-04-02 17:13:13.574000',207,9,3,NULL),(330,'2024-04-02 17:13:13.578000','2024-04-02 17:13:13.578000',207,13,4,NULL),(331,'2024-04-02 17:13:22.400000','2024-04-02 17:13:22.400000',208,1,1,NULL),(332,'2024-04-02 17:13:22.429000','2024-04-02 17:13:22.429000',208,6,2,NULL),(333,'2024-04-02 17:13:22.468000','2024-04-02 17:13:22.468000',208,9,3,NULL),(334,'2024-04-02 17:13:22.483000','2024-04-02 17:13:22.483000',208,13,4,NULL),(335,'2024-04-02 17:13:30.598000','2024-04-02 17:13:30.598000',209,1,1,NULL),(336,'2024-04-02 17:13:30.602000','2024-04-02 17:13:30.602000',209,6,2,NULL),(337,'2024-04-02 17:13:30.607000','2024-04-02 17:13:30.607000',209,9,3,NULL),(338,'2024-04-02 17:13:30.613000','2024-04-02 17:13:30.613000',209,13,4,NULL),(339,'2024-04-02 17:13:44.697000','2024-04-02 17:13:44.697000',210,1,1,NULL),(340,'2024-04-02 17:13:44.706000','2024-04-02 17:13:44.706000',210,6,2,NULL),(341,'2024-04-02 17:13:44.716000','2024-04-02 17:13:44.716000',210,9,3,NULL),(342,'2024-04-02 17:13:44.728000','2024-04-02 17:13:44.728000',210,13,4,NULL),(343,'2024-04-02 17:14:44.618000','2024-04-02 17:14:44.618000',211,1,1,NULL),(344,'2024-04-02 17:14:44.623000','2024-04-02 17:14:44.623000',211,6,2,NULL),(345,'2024-04-02 17:14:44.630000','2024-04-02 17:14:44.630000',211,9,3,NULL),(346,'2024-04-02 17:14:44.652000','2024-04-02 17:14:44.652000',211,13,4,NULL),(347,'2024-04-02 17:15:44.597000','2024-04-02 17:15:44.597000',212,1,1,NULL),(348,'2024-04-02 17:15:44.601000','2024-04-02 17:15:44.601000',212,6,2,NULL),(349,'2024-04-02 17:15:44.606000','2024-04-02 17:15:44.606000',212,9,3,NULL),(350,'2024-04-02 17:15:44.612000','2024-04-02 17:15:44.612000',212,13,4,NULL),(351,'2024-04-02 17:16:44.628000','2024-04-02 17:16:44.628000',213,1,1,NULL),(352,'2024-04-02 17:16:44.649000','2024-04-02 17:16:44.649000',213,6,2,NULL),(353,'2024-04-02 17:16:44.656000','2024-04-02 17:16:44.656000',213,9,3,NULL),(354,'2024-04-02 17:16:44.672000','2024-04-02 17:16:44.672000',213,13,4,NULL),(355,'2024-04-02 17:17:44.611000','2024-04-02 17:17:44.611000',214,1,1,NULL),(356,'2024-04-02 17:17:44.615000','2024-04-02 17:17:44.615000',214,6,2,NULL),(357,'2024-04-02 17:17:44.619000','2024-04-02 17:17:44.619000',214,9,3,NULL),(358,'2024-04-02 17:17:44.623000','2024-04-02 17:17:44.623000',214,13,4,NULL),(359,'2024-04-02 17:18:44.612000','2024-04-02 17:18:44.612000',215,1,1,NULL),(360,'2024-04-02 17:18:44.618000','2024-04-02 17:18:44.618000',215,6,2,NULL),(361,'2024-04-02 17:18:44.621000','2024-04-02 17:18:44.621000',215,9,3,NULL),(362,'2024-04-02 17:18:44.624000','2024-04-02 17:18:44.624000',215,13,4,NULL),(363,'2024-04-02 17:19:09.867000','2024-04-02 17:19:09.867000',216,1,1,NULL),(364,'2024-04-02 17:19:09.872000','2024-04-02 17:19:09.872000',216,6,2,NULL),(365,'2024-04-02 17:19:09.878000','2024-04-02 17:19:09.878000',216,9,3,NULL),(366,'2024-04-02 17:19:09.882000','2024-04-02 17:19:09.882000',216,13,4,NULL),(367,'2024-04-02 17:19:17.585000','2024-04-02 17:19:17.585000',217,1,1,NULL),(368,'2024-04-02 17:19:17.589000','2024-04-02 17:19:17.589000',217,6,2,NULL),(369,'2024-04-02 17:19:17.593000','2024-04-02 17:19:17.593000',217,9,3,NULL),(370,'2024-04-02 17:19:17.609000','2024-04-02 17:19:17.609000',217,13,4,NULL),(371,'2024-04-02 17:19:25.628000','2024-04-02 17:19:25.628000',218,1,1,NULL),(372,'2024-04-02 17:19:25.633000','2024-04-02 17:19:25.633000',218,6,2,NULL),(373,'2024-04-02 17:19:25.640000','2024-04-02 17:19:25.640000',218,9,3,NULL),(374,'2024-04-02 17:19:25.644000','2024-04-02 17:19:25.644000',218,13,4,NULL),(375,'2024-04-02 17:19:33.618000','2024-04-02 17:19:33.618000',219,1,1,NULL),(376,'2024-04-02 17:19:33.623000','2024-04-02 17:19:33.623000',219,6,2,NULL),(377,'2024-04-02 17:19:33.631000','2024-04-02 17:19:33.631000',219,9,3,NULL),(378,'2024-04-02 17:19:33.637000','2024-04-02 17:19:33.637000',219,13,4,NULL),(379,'2024-04-02 17:19:41.597000','2024-04-02 17:19:41.597000',220,1,1,NULL),(380,'2024-04-02 17:19:41.605000','2024-04-02 17:19:41.605000',220,6,2,NULL),(381,'2024-04-02 17:19:41.615000','2024-04-02 17:19:41.615000',220,9,3,NULL),(382,'2024-04-02 17:19:41.621000','2024-04-02 17:19:41.621000',220,13,4,NULL),(383,'2024-04-02 17:19:49.577000','2024-04-02 17:19:49.577000',221,1,1,NULL),(384,'2024-04-02 17:19:49.588000','2024-04-02 17:19:49.588000',221,6,2,NULL),(385,'2024-04-02 17:19:49.598000','2024-04-02 17:19:49.598000',221,9,3,NULL),(386,'2024-04-02 17:19:49.603000','2024-04-02 17:19:49.603000',221,13,4,NULL),(387,'2024-04-02 17:19:57.611000','2024-04-02 17:19:57.611000',222,1,1,NULL),(388,'2024-04-02 17:19:57.617000','2024-04-02 17:19:57.617000',222,6,2,NULL),(389,'2024-04-02 17:19:57.624000','2024-04-02 17:19:57.624000',222,9,3,NULL),(390,'2024-04-02 17:19:57.630000','2024-04-02 17:19:57.630000',222,13,4,NULL),(391,'2024-04-02 17:20:05.587000','2024-04-02 17:20:05.587000',223,1,1,NULL),(392,'2024-04-02 17:20:05.593000','2024-04-02 17:20:05.593000',223,6,2,NULL),(393,'2024-04-02 17:20:05.617000','2024-04-02 17:20:05.617000',223,9,3,NULL),(394,'2024-04-02 17:20:05.625000','2024-04-02 17:20:05.625000',223,13,4,NULL),(395,'2024-04-02 17:20:44.620000','2024-04-02 17:20:44.620000',224,1,1,NULL),(396,'2024-04-02 17:20:44.624000','2024-04-02 17:20:44.624000',224,6,2,NULL),(397,'2024-04-02 17:20:44.628000','2024-04-02 17:20:44.628000',224,9,3,NULL),(398,'2024-04-02 17:20:44.636000','2024-04-02 17:20:44.636000',224,13,4,NULL),(399,'2024-04-02 17:21:44.594000','2024-04-02 17:21:44.594000',225,1,1,NULL),(400,'2024-04-02 17:21:44.598000','2024-04-02 17:21:44.598000',225,6,2,NULL),(401,'2024-04-02 17:21:44.603000','2024-04-02 17:21:44.603000',225,9,3,NULL),(402,'2024-04-02 17:21:44.615000','2024-04-02 17:21:44.615000',225,13,4,NULL),(403,'2024-04-02 17:22:44.582000','2024-04-02 17:22:44.582000',226,1,1,NULL),(404,'2024-04-02 17:22:44.588000','2024-04-02 17:22:44.588000',226,6,2,NULL),(405,'2024-04-02 17:22:44.593000','2024-04-02 17:22:44.593000',226,9,3,NULL),(406,'2024-04-02 17:22:44.598000','2024-04-02 17:22:44.598000',226,13,4,NULL),(407,'2024-04-02 17:23:44.598000','2024-04-02 17:23:44.598000',227,1,1,NULL),(408,'2024-04-02 17:23:44.601000','2024-04-02 17:23:44.601000',227,6,2,NULL),(409,'2024-04-02 17:23:44.605000','2024-04-02 17:23:44.605000',227,9,3,NULL),(410,'2024-04-02 17:23:44.609000','2024-04-02 17:23:44.609000',227,13,4,NULL),(411,'2024-04-02 17:24:44.597000','2024-04-02 17:24:44.597000',228,1,1,NULL),(412,'2024-04-02 17:24:44.603000','2024-04-02 17:24:44.603000',228,6,2,NULL),(413,'2024-04-02 17:24:44.609000','2024-04-02 17:24:44.609000',228,9,3,NULL),(414,'2024-04-02 17:24:44.619000','2024-04-02 17:24:44.619000',228,13,4,NULL),(415,'2024-04-02 17:25:44.592000','2024-04-02 17:25:44.592000',229,1,1,NULL),(416,'2024-04-02 17:25:44.596000','2024-04-02 17:25:44.596000',229,6,2,NULL),(417,'2024-04-02 17:25:44.602000','2024-04-02 17:25:44.602000',229,9,3,NULL),(418,'2024-04-02 17:25:44.606000','2024-04-02 17:25:44.606000',229,13,4,NULL),(419,'2024-04-02 17:26:44.566000','2024-04-02 17:26:44.566000',230,1,1,NULL),(420,'2024-04-02 17:26:44.569000','2024-04-02 17:26:44.569000',230,6,2,NULL),(421,'2024-04-02 17:26:44.572000','2024-04-02 17:26:44.572000',230,9,3,NULL),(422,'2024-04-02 17:26:44.575000','2024-04-02 17:26:44.575000',230,13,4,NULL),(423,'2024-04-02 17:27:44.610000','2024-04-02 17:27:44.610000',231,1,1,NULL),(424,'2024-04-02 17:27:44.613000','2024-04-02 17:27:44.613000',231,6,2,NULL),(425,'2024-04-02 17:27:44.618000','2024-04-02 17:27:44.618000',231,9,3,NULL),(426,'2024-04-02 17:27:44.621000','2024-04-02 17:27:44.621000',231,13,4,NULL),(427,'2024-04-02 17:28:44.647000','2024-04-02 17:28:44.647000',232,1,1,NULL),(428,'2024-04-02 17:28:44.651000','2024-04-02 17:28:44.651000',232,6,2,NULL),(429,'2024-04-02 17:28:44.655000','2024-04-02 17:28:44.655000',232,9,3,NULL),(430,'2024-04-02 17:28:44.658000','2024-04-02 17:28:44.658000',232,13,4,NULL),(431,'2024-04-02 17:29:44.598000','2024-04-02 17:29:44.598000',233,1,1,NULL),(432,'2024-04-02 17:29:44.606000','2024-04-02 17:29:44.606000',233,6,2,NULL),(433,'2024-04-02 17:29:44.615000','2024-04-02 17:29:44.615000',233,9,3,NULL),(434,'2024-04-02 17:29:44.621000','2024-04-02 17:29:44.621000',233,13,4,NULL),(435,'2024-04-02 17:30:44.607000','2024-04-02 17:30:44.607000',234,1,1,NULL),(436,'2024-04-02 17:30:44.610000','2024-04-02 17:30:44.610000',234,6,2,NULL),(437,'2024-04-02 17:30:44.613000','2024-04-02 17:30:44.613000',234,9,3,NULL),(438,'2024-04-02 17:30:44.616000','2024-04-02 17:30:44.616000',234,13,4,NULL),(439,'2024-04-02 17:31:44.597000','2024-04-02 17:31:44.597000',235,1,1,NULL),(440,'2024-04-02 17:31:44.602000','2024-04-02 17:31:44.602000',235,6,2,NULL),(441,'2024-04-02 17:31:44.608000','2024-04-02 17:31:44.608000',235,9,3,NULL),(442,'2024-04-02 17:31:44.611000','2024-04-02 17:31:44.611000',235,13,4,NULL),(443,'2024-04-02 17:32:44.649000','2024-04-02 17:32:44.649000',236,1,1,NULL),(444,'2024-04-02 17:32:44.655000','2024-04-02 17:32:44.655000',236,6,2,NULL),(445,'2024-04-02 17:32:44.671000','2024-04-02 17:32:44.671000',236,9,3,NULL),(446,'2024-04-02 17:32:44.675000','2024-04-02 17:32:44.675000',236,13,4,NULL),(447,'2024-04-02 17:33:45.480000','2024-04-02 17:33:45.480000',237,1,1,NULL),(448,'2024-04-02 17:33:45.492000','2024-04-02 17:33:45.492000',237,6,2,NULL),(449,'2024-04-02 17:33:45.502000','2024-04-02 17:33:45.502000',237,9,3,NULL),(450,'2024-04-02 17:33:45.511000','2024-04-02 17:33:45.511000',237,13,4,NULL),(451,'2024-04-02 17:33:53.572000','2024-04-02 17:33:53.572000',238,1,1,NULL),(452,'2024-04-02 17:33:53.578000','2024-04-02 17:33:53.578000',238,6,2,NULL),(453,'2024-04-02 17:33:53.608000','2024-04-02 17:33:53.608000',238,9,3,NULL),(454,'2024-04-02 17:33:53.613000','2024-04-02 17:33:53.613000',238,13,4,NULL),(455,'2024-04-02 17:34:44.662000','2024-04-02 17:34:44.662000',239,1,1,NULL),(456,'2024-04-02 17:34:44.669000','2024-04-02 17:34:44.669000',239,6,2,NULL),(457,'2024-04-02 17:34:44.676000','2024-04-02 17:34:44.676000',239,9,3,NULL),(458,'2024-04-02 17:34:44.680000','2024-04-02 17:34:44.680000',239,13,4,NULL),(459,'2024-04-02 17:35:44.600000','2024-04-02 17:35:44.600000',240,1,1,NULL),(460,'2024-04-02 17:35:44.603000','2024-04-02 17:35:44.603000',240,6,2,NULL),(461,'2024-04-02 17:35:44.610000','2024-04-02 17:35:44.610000',240,9,3,NULL),(462,'2024-04-02 17:35:44.614000','2024-04-02 17:35:44.614000',240,13,4,NULL),(463,'2024-04-02 17:36:44.585000','2024-04-02 17:36:44.585000',241,1,1,NULL),(464,'2024-04-02 17:36:44.589000','2024-04-02 17:36:44.589000',241,6,2,NULL),(465,'2024-04-02 17:36:44.595000','2024-04-02 17:36:44.595000',241,9,3,NULL),(466,'2024-04-02 17:36:44.602000','2024-04-02 17:36:44.602000',241,13,4,NULL),(467,'2024-04-02 17:37:44.602000','2024-04-02 17:37:44.602000',242,1,1,NULL),(468,'2024-04-02 17:37:44.605000','2024-04-02 17:37:44.605000',242,6,2,NULL),(469,'2024-04-02 17:37:44.609000','2024-04-02 17:37:44.609000',242,9,3,NULL),(470,'2024-04-02 17:37:44.616000','2024-04-02 17:37:44.616000',242,13,4,NULL),(471,'2024-04-02 17:42:06.818000','2024-04-02 17:42:06.818000',243,1,1,NULL),(472,'2024-04-02 17:42:06.827000','2024-04-02 17:42:06.827000',243,6,2,NULL),(473,'2024-04-02 17:42:06.836000','2024-04-02 17:42:06.836000',243,9,3,NULL),(474,'2024-04-02 17:42:06.844000','2024-04-02 17:42:06.844000',243,13,4,NULL),(475,'2024-04-02 17:43:06.815000','2024-04-02 17:43:06.815000',244,1,1,NULL),(476,'2024-04-02 17:43:06.820000','2024-04-02 17:43:06.820000',244,6,2,NULL),(477,'2024-04-02 17:43:06.826000','2024-04-02 17:43:06.826000',244,9,3,NULL),(478,'2024-04-02 17:43:06.832000','2024-04-02 17:43:06.832000',244,13,4,NULL),(479,'2024-04-02 17:44:06.795000','2024-04-02 17:44:06.795000',245,1,1,NULL),(480,'2024-04-02 17:44:06.799000','2024-04-02 17:44:06.799000',245,6,2,NULL),(481,'2024-04-02 17:44:06.807000','2024-04-02 17:44:06.807000',245,9,3,NULL),(482,'2024-04-02 17:44:06.813000','2024-04-02 17:44:06.813000',245,13,4,NULL),(483,'2024-04-02 17:45:06.956000','2024-04-02 17:45:06.956000',246,1,1,NULL),(484,'2024-04-02 17:45:06.966000','2024-04-02 17:45:06.966000',246,6,2,NULL),(485,'2024-04-02 17:45:06.975000','2024-04-02 17:45:06.975000',246,9,3,NULL),(486,'2024-04-02 17:45:06.985000','2024-04-02 17:45:06.985000',246,13,4,NULL),(487,'2024-04-02 17:46:08.609000','2024-04-02 17:46:08.609000',247,1,1,NULL),(488,'2024-04-02 17:46:08.679000','2024-04-02 17:46:08.679000',247,6,2,NULL),(489,'2024-04-02 17:46:08.768000','2024-04-02 17:46:08.768000',247,9,3,NULL),(490,'2024-04-02 17:46:08.795000','2024-04-02 17:46:08.795000',247,13,4,NULL),(491,'2024-04-02 17:47:06.817000','2024-04-02 17:47:06.817000',248,1,1,NULL),(492,'2024-04-02 17:47:06.823000','2024-04-02 17:47:06.823000',248,6,2,NULL),(493,'2024-04-02 17:47:06.831000','2024-04-02 17:47:06.831000',248,9,3,NULL),(494,'2024-04-02 17:47:06.836000','2024-04-02 17:47:06.836000',248,13,4,NULL),(495,'2024-04-02 17:48:06.800000','2024-04-02 17:48:06.800000',249,1,1,NULL),(496,'2024-04-02 17:48:06.805000','2024-04-02 17:48:06.805000',249,6,2,NULL),(497,'2024-04-02 17:48:06.810000','2024-04-02 17:48:06.810000',249,9,3,NULL),(498,'2024-04-02 17:48:06.814000','2024-04-02 17:48:06.814000',249,13,4,NULL),(499,'2024-04-02 17:49:07.064000','2024-04-02 17:49:07.064000',NULL,1,NULL,314),(500,'2024-04-02 17:49:07.074000','2024-04-02 17:49:07.074000',NULL,6,NULL,315),(501,'2024-04-02 17:49:07.077000','2024-04-02 17:49:07.077000',NULL,9,NULL,316),(502,'2024-04-02 17:49:07.078000','2024-04-02 17:49:07.078000',NULL,13,NULL,317),(503,'2024-04-02 17:50:06.822000','2024-04-02 17:50:06.822000',NULL,1,NULL,318),(504,'2024-04-02 17:50:06.824000','2024-04-02 17:50:06.824000',NULL,6,NULL,319),(505,'2024-04-02 17:50:06.826000','2024-04-02 17:50:06.826000',NULL,9,NULL,320),(506,'2024-04-02 17:50:06.827000','2024-04-02 17:50:06.827000',NULL,13,NULL,321),(507,'2024-04-02 17:53:27.463000','2024-04-02 17:53:27.463000',NULL,1,NULL,322),(508,'2024-04-02 17:53:27.466000','2024-04-02 17:53:27.466000',NULL,6,NULL,323),(509,'2024-04-02 17:53:27.467000','2024-04-02 17:53:27.467000',NULL,9,NULL,324),(510,'2024-04-02 17:53:27.468000','2024-04-02 17:53:27.468000',NULL,13,NULL,325),(511,'2024-04-02 18:09:12.539000','2024-04-02 18:09:12.539000',NULL,1,NULL,326),(512,'2024-04-02 18:09:12.543000','2024-04-02 18:09:12.543000',NULL,6,NULL,327),(513,'2024-04-02 18:09:12.544000','2024-04-02 18:09:12.544000',NULL,9,NULL,328),(514,'2024-04-02 18:09:21.026000','2024-04-02 18:09:21.026000',NULL,1,NULL,329),(515,'2024-04-02 18:09:21.030000','2024-04-02 18:09:21.030000',NULL,6,NULL,330),(516,'2024-04-02 18:09:21.031000','2024-04-02 18:09:21.031000',NULL,9,NULL,331),(517,'2024-04-02 18:09:29.350000','2024-04-02 18:09:29.350000',NULL,1,NULL,332),(518,'2024-04-02 18:09:29.361000','2024-04-02 18:09:29.361000',NULL,6,NULL,333),(519,'2024-04-02 18:09:29.364000','2024-04-02 18:09:29.364000',NULL,9,NULL,334),(520,'2024-04-02 18:09:37.068000','2024-04-02 18:09:37.068000',NULL,1,NULL,335),(521,'2024-04-02 18:09:37.093000','2024-04-02 18:09:37.093000',NULL,6,NULL,336),(522,'2024-04-02 18:09:37.094000','2024-04-02 18:09:37.094000',NULL,9,NULL,337),(523,'2024-04-02 18:09:45.016000','2024-04-02 18:09:45.016000',NULL,1,NULL,338),(524,'2024-04-02 18:09:45.017000','2024-04-02 18:09:45.017000',NULL,6,NULL,339),(525,'2024-04-02 18:09:45.020000','2024-04-02 18:09:45.020000',NULL,9,NULL,340),(526,'2024-04-02 18:09:52.985000','2024-04-02 18:09:52.985000',NULL,1,NULL,341),(527,'2024-04-02 18:09:52.986000','2024-04-02 18:09:52.986000',NULL,6,NULL,342),(528,'2024-04-02 18:09:52.987000','2024-04-02 18:09:52.987000',NULL,9,NULL,343),(529,'2024-04-02 18:10:01.059000','2024-04-02 18:10:01.059000',NULL,1,NULL,344),(530,'2024-04-02 18:10:01.065000','2024-04-02 18:10:01.065000',NULL,6,NULL,345),(531,'2024-04-02 18:10:01.072000','2024-04-02 18:10:01.072000',NULL,9,NULL,346),(532,'2024-04-02 18:10:09.000000','2024-04-02 18:10:09.000000',NULL,1,NULL,347),(533,'2024-04-02 18:10:09.001000','2024-04-02 18:10:09.001000',NULL,6,NULL,348),(534,'2024-04-02 18:10:09.003000','2024-04-02 18:10:09.003000',NULL,9,NULL,349),(535,'2024-04-02 18:10:17.065000','2024-04-02 18:10:17.065000',NULL,1,NULL,350),(536,'2024-04-02 18:10:17.079000','2024-04-02 18:10:17.079000',NULL,6,NULL,351),(537,'2024-04-02 18:10:17.083000','2024-04-02 18:10:17.083000',NULL,9,NULL,352),(538,'2024-04-02 18:10:40.109000','2024-04-02 18:10:40.109000',NULL,1,NULL,353),(539,'2024-04-02 18:10:40.110000','2024-04-02 18:10:40.110000',NULL,6,NULL,354),(540,'2024-04-02 18:10:40.111000','2024-04-02 18:10:40.111000',NULL,9,NULL,355),(541,'2024-04-02 18:11:04.703000','2024-04-02 18:11:04.703000',NULL,1,NULL,356),(542,'2024-04-02 18:11:04.709000','2024-04-02 18:11:04.709000',NULL,6,NULL,357),(543,'2024-04-02 18:11:04.712000','2024-04-02 18:11:04.712000',NULL,9,NULL,358),(544,'2024-04-02 18:11:13.030000','2024-04-02 18:11:13.030000',NULL,1,NULL,359),(545,'2024-04-02 18:11:13.033000','2024-04-02 18:11:13.033000',NULL,6,NULL,360),(546,'2024-04-02 18:11:13.034000','2024-04-02 18:11:13.034000',NULL,9,NULL,361),(547,'2024-04-02 18:11:20.982000','2024-04-02 18:11:20.982000',NULL,1,NULL,362),(548,'2024-04-02 18:11:20.984000','2024-04-02 18:11:20.984000',NULL,6,NULL,363),(549,'2024-04-02 18:11:20.989000','2024-04-02 18:11:20.989000',NULL,9,NULL,364),(550,'2024-04-02 18:11:29.035000','2024-04-02 18:11:29.035000',NULL,1,NULL,365),(551,'2024-04-02 18:11:29.038000','2024-04-02 18:11:29.038000',NULL,6,NULL,366),(552,'2024-04-02 18:11:29.039000','2024-04-02 18:11:29.039000',NULL,9,NULL,367),(553,'2024-04-02 18:11:37.022000','2024-04-02 18:11:37.022000',NULL,1,NULL,368),(554,'2024-04-02 18:11:37.024000','2024-04-02 18:11:37.024000',NULL,6,NULL,369),(555,'2024-04-02 18:11:37.025000','2024-04-02 18:11:37.025000',NULL,9,NULL,370),(556,'2024-04-02 18:11:44.980000','2024-04-02 18:11:44.980000',NULL,1,NULL,371),(557,'2024-04-02 18:11:44.981000','2024-04-02 18:11:44.981000',NULL,6,NULL,372),(558,'2024-04-02 18:11:44.982000','2024-04-02 18:11:44.982000',NULL,9,NULL,373),(559,'2024-04-02 18:11:53.011000','2024-04-02 18:11:53.011000',NULL,1,NULL,374),(560,'2024-04-02 18:11:53.024000','2024-04-02 18:11:53.024000',NULL,6,NULL,375),(561,'2024-04-02 18:11:53.025000','2024-04-02 18:11:53.025000',NULL,9,NULL,376),(562,'2024-04-02 18:12:00.985000','2024-04-02 18:12:00.985000',NULL,1,NULL,377),(563,'2024-04-02 18:12:00.986000','2024-04-02 18:12:00.986000',NULL,6,NULL,378),(564,'2024-04-02 18:12:00.987000','2024-04-02 18:12:00.987000',NULL,9,NULL,379),(565,'2024-04-02 18:12:40.285000','2024-04-02 18:12:40.285000',NULL,1,NULL,380),(566,'2024-04-02 18:12:40.303000','2024-04-02 18:12:40.303000',NULL,6,NULL,381),(567,'2024-04-02 18:12:40.307000','2024-04-02 18:12:40.307000',NULL,9,NULL,382),(568,'2024-04-02 18:13:40.267000','2024-04-02 18:13:40.267000',NULL,1,NULL,383),(569,'2024-04-02 18:13:40.270000','2024-04-02 18:13:40.270000',NULL,6,NULL,384),(570,'2024-04-02 18:13:40.271000','2024-04-02 18:13:40.271000',NULL,9,NULL,385),(571,'2024-04-02 18:59:00.589000','2024-04-02 18:59:00.589000',NULL,1,NULL,386),(572,'2024-04-02 18:59:00.595000','2024-04-02 18:59:00.595000',NULL,6,NULL,387),(573,'2024-04-02 18:59:00.597000','2024-04-02 18:59:00.597000',NULL,9,NULL,388),(574,'2024-04-02 18:59:00.602000','2024-04-02 18:59:00.602000',NULL,13,NULL,389),(575,'2024-04-02 18:59:00.605000','2024-04-02 18:59:00.605000',NULL,19,NULL,390),(576,'2024-04-02 18:59:00.606000','2024-04-02 18:59:00.606000',NULL,18,NULL,390),(577,'2024-04-02 18:59:00.606000','2024-04-02 18:59:00.606000',NULL,17,NULL,390),(578,'2024-04-03 01:07:09.706000','2024-04-03 01:07:09.706000',NULL,3,NULL,391),(579,'2024-04-03 01:07:09.715000','2024-04-03 01:07:09.715000',NULL,6,NULL,392),(580,'2024-04-03 01:07:09.718000','2024-04-03 01:07:09.718000',NULL,9,NULL,393),(581,'2024-04-03 01:07:09.719000','2024-04-03 01:07:09.719000',NULL,13,NULL,394),(582,'2024-04-03 01:07:09.722000','2024-04-03 01:07:09.722000',NULL,17,NULL,395),(583,'2024-04-03 01:07:09.723000','2024-04-03 01:07:09.723000',NULL,18,NULL,395),(584,'2024-04-03 01:10:30.670000','2024-04-03 01:10:30.670000',NULL,1,NULL,396),(585,'2024-04-03 01:10:30.675000','2024-04-03 01:10:30.675000',NULL,6,NULL,397),(586,'2024-04-03 01:10:30.677000','2024-04-03 01:10:30.677000',NULL,9,NULL,398),(587,'2024-04-03 01:10:30.678000','2024-04-03 01:10:30.678000',NULL,13,NULL,399),(588,'2024-04-03 01:10:30.679000','2024-04-03 01:10:30.679000',NULL,17,NULL,400),(589,'2024-04-03 01:10:30.680000','2024-04-03 01:10:30.680000',NULL,18,NULL,400),(590,'2024-04-03 01:10:30.680000','2024-04-03 01:10:30.680000',NULL,20,NULL,400),(591,'2024-04-03 03:05:31.629000','2024-04-03 03:05:31.629000',NULL,3,NULL,401),(592,'2024-04-03 03:29:36.195000','2024-04-03 03:29:36.195000',NULL,1,NULL,402),(593,'2024-04-03 03:29:36.201000','2024-04-03 03:29:36.201000',NULL,8,NULL,403),(594,'2024-04-03 03:29:36.205000','2024-04-03 03:29:36.205000',NULL,9,NULL,404),(595,'2024-04-03 03:29:36.209000','2024-04-03 03:29:36.209000',NULL,13,NULL,405),(596,'2024-04-03 03:29:36.214000','2024-04-03 03:29:36.214000',NULL,17,NULL,406),(597,'2024-04-03 03:29:36.217000','2024-04-03 03:29:36.217000',NULL,18,NULL,406),(598,'2024-04-03 03:29:36.220000','2024-04-03 03:29:36.220000',NULL,20,NULL,406),(599,'2024-04-03 03:34:04.952000','2024-04-03 03:34:04.952000',NULL,3,NULL,407),(600,'2024-04-03 03:34:04.957000','2024-04-03 03:34:04.957000',NULL,8,NULL,408),(601,'2024-04-03 03:34:04.958000','2024-04-03 03:34:04.958000',NULL,9,NULL,409),(602,'2024-04-03 03:34:04.962000','2024-04-03 03:34:04.962000',NULL,15,NULL,410),(603,'2024-04-03 03:34:04.965000','2024-04-03 03:34:04.965000',NULL,17,NULL,411),(604,'2024-04-03 03:34:04.966000','2024-04-03 03:34:04.966000',NULL,18,NULL,411),(605,'2024-04-03 03:34:04.969000','2024-04-03 03:34:04.969000',NULL,20,NULL,411),(606,'2024-04-03 03:35:40.272000','2024-04-03 03:35:40.272000',NULL,2,NULL,412),(607,'2024-04-03 03:35:40.282000','2024-04-03 03:35:40.282000',NULL,5,NULL,413),(608,'2024-04-03 03:35:40.286000','2024-04-03 03:35:40.286000',NULL,9,NULL,414),(609,'2024-04-03 03:35:40.288000','2024-04-03 03:35:40.288000',NULL,16,NULL,415),(610,'2024-04-03 03:59:09.862000','2024-04-03 03:59:09.862000',NULL,3,NULL,416),(611,'2024-04-03 03:59:09.870000','2024-04-03 03:59:09.870000',NULL,8,NULL,417),(612,'2024-04-03 04:00:54.486000','2024-04-03 04:00:54.486000',NULL,3,NULL,418),(613,'2024-04-03 04:00:54.492000','2024-04-03 04:00:54.492000',NULL,8,NULL,419),(614,'2024-04-03 04:00:54.497000','2024-04-03 04:00:54.497000',NULL,9,NULL,420),(615,'2024-04-03 04:00:54.498000','2024-04-03 04:00:54.498000',NULL,13,NULL,421),(616,'2024-04-03 04:05:35.255000','2024-04-03 04:05:35.255000',NULL,3,NULL,422),(617,'2024-04-03 04:05:35.318000','2024-04-03 04:05:35.318000',NULL,8,NULL,423),(618,'2024-04-03 04:05:35.322000','2024-04-03 04:05:35.322000',NULL,9,NULL,424),(619,'2024-04-03 04:05:35.326000','2024-04-03 04:05:35.326000',NULL,13,NULL,425),(620,'2024-04-03 04:05:35.340000','2024-04-03 04:05:35.340000',NULL,17,NULL,426),(621,'2024-04-03 04:05:35.427000','2024-04-03 04:05:35.427000',NULL,18,NULL,426),(622,'2024-04-03 04:05:35.440000','2024-04-03 04:05:35.440000',NULL,20,NULL,426),(623,'2024-04-03 11:16:42.782000','2024-04-03 11:16:42.782000',NULL,3,NULL,427),(624,'2024-04-03 11:16:42.806000','2024-04-03 11:16:42.806000',NULL,8,NULL,428),(625,'2024-04-03 11:16:42.808000','2024-04-03 11:16:42.808000',NULL,9,NULL,429),(626,'2024-04-03 11:16:48.257000','2024-04-03 11:16:48.257000',NULL,1,NULL,430),(627,'2024-04-03 11:16:48.259000','2024-04-03 11:16:48.259000',NULL,8,NULL,431),(628,'2024-04-03 11:16:48.260000','2024-04-03 11:16:48.260000',NULL,9,NULL,432),(629,'2024-04-03 11:16:48.261000','2024-04-03 11:16:48.261000',NULL,13,NULL,433),(630,'2024-04-03 11:16:48.264000','2024-04-03 11:16:48.264000',NULL,17,NULL,434),(631,'2024-04-03 11:16:48.265000','2024-04-03 11:16:48.265000',NULL,18,NULL,434),(632,'2024-04-03 11:16:48.267000','2024-04-03 11:16:48.267000',NULL,20,NULL,434),(633,'2024-04-08 14:45:35.809000','2024-04-08 14:45:35.809000',NULL,1,NULL,435),(634,'2024-04-08 14:45:35.829000','2024-04-08 14:45:35.829000',NULL,5,NULL,436),(635,'2024-04-08 14:45:35.832000','2024-04-08 14:45:35.832000',NULL,9,NULL,437),(636,'2024-04-08 14:45:35.836000','2024-04-08 14:45:35.836000',NULL,13,NULL,438),(637,'2024-04-08 14:45:35.839000','2024-04-08 14:45:35.839000',NULL,17,NULL,439),(638,'2024-04-08 14:45:35.842000','2024-04-08 14:45:35.842000',NULL,20,NULL,439),(639,'2024-04-08 17:15:12.657000','2024-04-08 17:15:12.657000',NULL,3,NULL,440),(640,'2024-04-08 17:15:12.662000','2024-04-08 17:15:12.662000',NULL,5,NULL,441),(641,'2024-04-08 17:15:12.663000','2024-04-08 17:15:12.663000',NULL,12,NULL,442),(642,'2024-04-08 17:15:12.664000','2024-04-08 17:15:12.664000',NULL,13,NULL,443),(643,'2024-04-08 17:15:12.666000','2024-04-08 17:15:12.666000',NULL,17,NULL,444),(644,'2024-04-08 17:15:12.666000','2024-04-08 17:15:12.666000',NULL,18,NULL,444),(645,'2024-04-08 17:15:12.667000','2024-04-08 17:15:12.667000',NULL,20,NULL,444),(646,'2024-04-08 17:15:16.157000','2024-04-08 17:15:16.157000',NULL,2,NULL,445),(647,'2024-04-08 17:15:16.160000','2024-04-08 17:15:16.160000',NULL,7,NULL,446),(648,'2024-04-08 17:15:16.162000','2024-04-08 17:15:16.162000',NULL,9,NULL,447),(649,'2024-04-08 17:15:16.163000','2024-04-08 17:15:16.163000',NULL,13,NULL,448),(650,'2024-04-08 17:15:16.166000','2024-04-08 17:15:16.166000',NULL,17,NULL,449),(651,'2024-04-08 17:15:16.167000','2024-04-08 17:15:16.167000',NULL,18,NULL,449),(652,'2024-04-08 17:15:16.167000','2024-04-08 17:15:16.167000',NULL,19,NULL,449),(653,'2024-04-08 22:36:55.930000','2024-04-08 22:36:55.930000',NULL,3,NULL,450),(654,'2024-04-08 22:36:55.941000','2024-04-08 22:36:55.941000',NULL,6,NULL,451),(655,'2024-04-08 22:36:55.942000','2024-04-08 22:36:55.942000',NULL,9,NULL,452),(656,'2024-04-08 22:36:55.944000','2024-04-08 22:36:55.944000',NULL,13,NULL,453),(657,'2024-04-08 22:36:55.945000','2024-04-08 22:36:55.945000',NULL,17,NULL,454),(658,'2024-04-08 22:36:55.946000','2024-04-08 22:36:55.946000',NULL,18,NULL,454),(659,'2024-04-08 22:36:58.452000','2024-04-08 22:36:58.452000',NULL,2,NULL,455),(660,'2024-04-08 22:36:58.458000','2024-04-08 22:36:58.458000',NULL,6,NULL,456),(661,'2024-04-08 22:36:58.463000','2024-04-08 22:36:58.463000',NULL,12,NULL,457),(662,'2024-04-08 22:36:58.469000','2024-04-08 22:36:58.469000',NULL,13,NULL,458),(663,'2024-04-08 22:36:58.473000','2024-04-08 22:36:58.473000',NULL,17,NULL,459),(664,'2024-04-08 22:36:58.476000','2024-04-08 22:36:58.476000',NULL,18,NULL,459),(665,'2024-04-08 22:36:58.478000','2024-04-08 22:36:58.478000',NULL,20,NULL,459),(666,'2024-04-09 10:04:14.723000','2024-04-09 10:04:14.723000',NULL,3,NULL,460),(667,'2024-04-09 10:04:14.731000','2024-04-09 10:04:14.731000',NULL,8,NULL,461),(668,'2024-04-09 10:04:14.733000','2024-04-09 10:04:14.733000',NULL,12,NULL,462),(669,'2024-04-09 10:04:14.734000','2024-04-09 10:04:14.734000',NULL,13,NULL,463),(670,'2024-04-09 10:04:14.736000','2024-04-09 10:04:14.736000',NULL,17,NULL,464),(671,'2024-04-09 10:04:14.737000','2024-04-09 10:04:14.737000',NULL,18,NULL,464),(672,'2024-04-09 10:04:14.739000','2024-04-09 10:04:14.739000',NULL,20,NULL,464),(673,'2024-04-09 11:19:33.413000','2024-04-09 11:19:33.413000',NULL,3,NULL,465),(674,'2024-04-09 11:19:33.419000','2024-04-09 11:19:33.419000',NULL,8,NULL,466),(675,'2024-04-09 11:19:33.420000','2024-04-09 11:19:33.420000',NULL,9,NULL,467),(676,'2024-04-09 11:19:33.421000','2024-04-09 11:19:33.421000',NULL,13,NULL,468),(677,'2024-04-09 11:19:33.423000','2024-04-09 11:19:33.423000',NULL,17,NULL,469),(678,'2024-04-09 11:19:33.424000','2024-04-09 11:19:33.424000',NULL,18,NULL,469),(679,'2024-04-09 11:19:33.425000','2024-04-09 11:19:33.425000',NULL,20,NULL,469),(680,'2024-04-09 11:26:49.286000','2024-04-09 11:26:49.286000',NULL,3,NULL,470),(681,'2024-04-09 11:26:49.291000','2024-04-09 11:26:49.291000',NULL,8,NULL,471),(682,'2024-04-09 11:26:49.293000','2024-04-09 11:26:49.293000',NULL,12,NULL,472),(683,'2024-04-09 11:26:49.295000','2024-04-09 11:26:49.295000',NULL,13,NULL,473),(684,'2024-04-09 11:26:49.297000','2024-04-09 11:26:49.297000',NULL,17,NULL,474),(685,'2024-04-09 11:26:49.298000','2024-04-09 11:26:49.298000',NULL,18,NULL,474),(686,'2024-04-09 11:26:49.299000','2024-04-09 11:26:49.299000',NULL,20,NULL,474),(687,'2024-04-09 11:26:53.779000','2024-04-09 11:26:53.779000',NULL,13,NULL,475),(688,'2024-04-09 11:26:53.789000','2024-04-09 11:26:53.789000',NULL,17,NULL,476),(689,'2024-04-09 11:26:53.791000','2024-04-09 11:26:53.791000',NULL,18,NULL,476),(690,'2024-04-09 11:26:53.793000','2024-04-09 11:26:53.793000',NULL,20,NULL,476),(691,'2024-04-09 11:43:46.505000','2024-04-09 11:43:46.505000',NULL,3,NULL,477),(692,'2024-04-09 11:43:46.507000','2024-04-09 11:43:46.507000',NULL,8,NULL,478),(693,'2024-04-09 11:43:46.509000','2024-04-09 11:43:46.509000',NULL,12,NULL,479),(694,'2024-04-09 11:43:46.510000','2024-04-09 11:43:46.510000',NULL,13,NULL,480),(695,'2024-04-09 11:43:46.512000','2024-04-09 11:43:46.512000',NULL,17,NULL,481),(696,'2024-04-09 11:43:46.512000','2024-04-09 11:43:46.512000',NULL,20,NULL,481),(697,'2024-04-09 11:43:46.513000','2024-04-09 11:43:46.513000',NULL,18,NULL,481),(698,'2024-04-09 11:43:50.953000','2024-04-09 11:43:50.953000',NULL,17,NULL,482),(699,'2024-04-09 11:43:50.955000','2024-04-09 11:43:50.955000',NULL,18,NULL,482),(700,'2024-04-09 11:43:50.957000','2024-04-09 11:43:50.957000',NULL,20,NULL,482),(701,'2024-04-09 11:49:42.804000','2024-04-09 11:49:42.804000',NULL,3,NULL,483),(702,'2024-04-09 11:49:42.811000','2024-04-09 11:49:42.811000',NULL,8,NULL,484),(703,'2024-04-09 11:49:42.813000','2024-04-09 11:49:42.813000',NULL,9,NULL,485),(704,'2024-04-09 11:49:42.814000','2024-04-09 11:49:42.814000',NULL,13,NULL,486),(705,'2024-04-09 11:49:42.815000','2024-04-09 11:49:42.815000',NULL,17,NULL,487),(706,'2024-04-09 11:49:42.817000','2024-04-09 11:49:42.817000',NULL,18,NULL,487),(707,'2024-04-09 11:49:42.818000','2024-04-09 11:49:42.818000',NULL,20,NULL,487),(708,'2024-04-09 11:58:46.471000','2024-04-09 11:58:46.471000',NULL,3,NULL,488),(709,'2024-04-09 11:58:46.474000','2024-04-09 11:58:46.474000',NULL,8,NULL,489),(710,'2024-04-09 11:58:46.478000','2024-04-09 11:58:46.478000',NULL,12,NULL,490),(711,'2024-04-09 11:58:46.480000','2024-04-09 11:58:46.480000',NULL,13,NULL,491),(712,'2024-04-09 11:58:46.482000','2024-04-09 11:58:46.482000',NULL,17,NULL,492),(713,'2024-04-09 11:58:46.483000','2024-04-09 11:58:46.483000',NULL,18,NULL,492),(714,'2024-04-09 11:58:46.484000','2024-04-09 11:58:46.484000',NULL,20,NULL,492),(715,'2024-04-09 11:58:46.487000','2024-04-09 11:58:46.487000',NULL,70,NULL,493),(716,'2024-04-09 12:09:05.583000','2024-04-09 12:09:05.583000',NULL,3,NULL,494),(717,'2024-04-09 12:09:05.587000','2024-04-09 12:09:05.587000',NULL,8,NULL,495),(718,'2024-04-09 12:09:05.589000','2024-04-09 12:09:05.589000',NULL,9,NULL,496),(719,'2024-04-09 12:09:05.591000','2024-04-09 12:09:05.591000',NULL,13,NULL,497),(720,'2024-04-09 12:09:05.597000','2024-04-09 12:09:05.597000',NULL,17,NULL,498),(721,'2024-04-09 12:09:05.598000','2024-04-09 12:09:05.598000',NULL,18,NULL,498),(722,'2024-04-09 12:09:05.605000','2024-04-09 12:09:05.605000',NULL,20,NULL,498),(723,'2024-04-09 12:09:05.608000','2024-04-09 12:09:05.608000',NULL,70,NULL,499),(724,'2024-04-09 12:09:05.612000','2024-04-09 12:09:05.612000',NULL,72,NULL,500),(725,'2024-04-09 12:09:05.627000','2024-04-09 12:09:05.627000',NULL,57,NULL,501),(726,'2024-04-09 12:11:34.449000','2024-04-09 12:11:34.449000',NULL,3,NULL,502),(727,'2024-04-09 12:11:34.451000','2024-04-09 12:11:34.451000',NULL,8,NULL,503),(728,'2024-04-09 12:11:34.452000','2024-04-09 12:11:34.452000',NULL,11,NULL,504),(729,'2024-04-09 12:11:34.453000','2024-04-09 12:11:34.453000',NULL,13,NULL,505),(730,'2024-04-09 12:11:34.454000','2024-04-09 12:11:34.454000',NULL,17,NULL,506),(731,'2024-04-09 12:11:34.455000','2024-04-09 12:11:34.455000',NULL,18,NULL,506),(732,'2024-04-09 12:11:34.455000','2024-04-09 12:11:34.455000',NULL,20,NULL,506),(733,'2024-04-09 12:11:34.456000','2024-04-09 12:11:34.456000',NULL,70,NULL,507),(734,'2024-04-09 12:11:34.458000','2024-04-09 12:11:34.458000',NULL,72,NULL,508),(735,'2024-04-09 12:11:34.460000','2024-04-09 12:11:34.460000',NULL,57,NULL,509),(736,'2024-04-09 12:12:27.460000','2024-04-09 12:12:27.460000',NULL,3,NULL,510),(737,'2024-04-09 12:12:27.465000','2024-04-09 12:12:27.465000',NULL,8,NULL,511),(738,'2024-04-09 12:12:27.470000','2024-04-09 12:12:27.470000',NULL,12,NULL,512),(739,'2024-04-09 12:12:27.473000','2024-04-09 12:12:27.473000',NULL,13,NULL,513),(740,'2024-04-09 12:12:27.483000','2024-04-09 12:12:27.483000',NULL,17,NULL,514),(741,'2024-04-09 12:12:27.485000','2024-04-09 12:12:27.485000',NULL,18,NULL,514),(742,'2024-04-09 12:12:27.486000','2024-04-09 12:12:27.486000',NULL,20,NULL,514),(743,'2024-04-09 12:12:27.488000','2024-04-09 12:12:27.488000',NULL,70,NULL,515),(744,'2024-04-09 12:12:27.490000','2024-04-09 12:12:27.490000',NULL,72,NULL,516),(745,'2024-04-09 12:12:27.491000','2024-04-09 12:12:27.491000',NULL,57,NULL,517),(746,'2024-04-09 12:14:56.922000','2024-04-09 12:14:56.922000',NULL,3,NULL,518),(747,'2024-04-09 12:14:56.933000','2024-04-09 12:14:56.933000',NULL,8,NULL,519),(748,'2024-04-09 12:14:56.941000','2024-04-09 12:14:56.941000',NULL,9,NULL,520),(749,'2024-04-09 12:14:56.959000','2024-04-09 12:14:56.959000',NULL,13,NULL,521),(750,'2024-04-09 12:14:56.963000','2024-04-09 12:14:56.963000',NULL,17,NULL,522),(751,'2024-04-09 12:14:56.964000','2024-04-09 12:14:56.964000',NULL,18,NULL,522),(752,'2024-04-09 12:14:56.966000','2024-04-09 12:14:56.966000',NULL,20,NULL,522),(753,'2024-04-09 12:14:56.968000','2024-04-09 12:14:56.968000',NULL,70,NULL,523),(754,'2024-04-09 12:14:56.971000','2024-04-09 12:14:56.971000',NULL,72,NULL,524),(755,'2024-04-09 12:14:56.972000','2024-04-09 12:14:56.973000',NULL,57,NULL,525),(756,'2024-04-09 12:15:00.401000','2024-04-09 12:15:00.401000',NULL,3,NULL,526),(757,'2024-04-09 12:15:00.424000','2024-04-09 12:15:00.424000',NULL,6,NULL,527),(758,'2024-04-09 12:15:00.425000','2024-04-09 12:15:00.425000',NULL,9,NULL,528),(759,'2024-04-09 12:15:00.426000','2024-04-09 12:15:00.426000',NULL,13,NULL,529),(760,'2024-04-09 12:15:00.427000','2024-04-09 12:15:00.427000',NULL,17,NULL,530),(761,'2024-04-09 12:15:00.427000','2024-04-09 12:15:00.427000',NULL,18,NULL,530),(762,'2024-04-09 12:15:00.428000','2024-04-09 12:15:00.428000',NULL,20,NULL,530),(763,'2024-04-09 12:15:00.428000','2024-04-09 12:15:00.428000',NULL,70,NULL,531),(764,'2024-04-09 12:15:00.429000','2024-04-09 12:15:00.429000',NULL,72,NULL,532),(765,'2024-04-09 12:15:00.430000','2024-04-09 12:15:00.430000',NULL,57,NULL,533),(766,'2024-04-09 12:15:51.829000','2024-04-09 12:15:51.829000',NULL,3,NULL,534),(767,'2024-04-09 12:15:51.835000','2024-04-09 12:15:51.835000',NULL,8,NULL,535),(768,'2024-04-09 12:15:51.841000','2024-04-09 12:15:51.841000',NULL,9,NULL,536),(769,'2024-04-09 12:15:51.854000','2024-04-09 12:15:51.854000',NULL,13,NULL,537),(770,'2024-04-09 12:15:51.860000','2024-04-09 12:15:51.860000',NULL,17,NULL,538),(771,'2024-04-09 12:15:51.862000','2024-04-09 12:15:51.862000',NULL,18,NULL,538),(772,'2024-04-09 12:15:51.864000','2024-04-09 12:15:51.864000',NULL,20,NULL,538),(773,'2024-04-09 12:28:29.876000','2024-04-09 12:28:29.876000',NULL,3,NULL,539),(774,'2024-04-09 12:28:29.885000','2024-04-09 12:28:29.885000',NULL,8,NULL,540),(775,'2024-04-09 12:28:29.892000','2024-04-09 12:28:29.892000',NULL,9,NULL,541),(776,'2024-04-09 12:28:29.898000','2024-04-09 12:28:29.898000',NULL,13,NULL,542),(777,'2024-04-09 12:28:29.901000','2024-04-09 12:28:29.901000',NULL,17,NULL,543),(778,'2024-04-09 12:28:29.903000','2024-04-09 12:28:29.903000',NULL,18,NULL,543),(779,'2024-04-09 12:28:29.907000','2024-04-09 12:28:29.907000',NULL,20,NULL,543),(780,'2024-04-09 12:28:29.918000','2024-04-09 12:28:29.918000',NULL,70,NULL,544),(781,'2024-04-09 12:28:29.925000','2024-04-09 12:28:29.925000',NULL,72,NULL,545),(782,'2024-04-09 12:28:29.926000','2024-04-09 12:28:29.926000',NULL,57,NULL,546),(783,'2024-04-09 12:28:29.928000','2024-04-09 12:28:29.928000',NULL,78,NULL,547),(784,'2024-04-09 13:49:06.725000','2024-04-09 13:49:06.725000',NULL,3,NULL,548),(785,'2024-04-09 13:49:06.732000','2024-04-09 13:49:06.732000',NULL,8,NULL,549),(786,'2024-04-09 13:49:06.737000','2024-04-09 13:49:06.737000',NULL,9,NULL,550),(787,'2024-04-09 13:49:06.739000','2024-04-09 13:49:06.739000',NULL,13,NULL,551),(788,'2024-04-09 13:49:06.742000','2024-04-09 13:49:06.742000',NULL,17,NULL,552),(789,'2024-04-09 13:49:06.746000','2024-04-09 13:49:06.746000',NULL,18,NULL,552),(790,'2024-04-09 13:49:06.747000','2024-04-09 13:49:06.747000',NULL,20,NULL,552),(791,'2024-04-09 13:49:06.748000','2024-04-09 13:49:06.748000',NULL,70,NULL,553),(792,'2024-04-09 13:49:06.749000','2024-04-09 13:49:06.749000',NULL,72,NULL,554),(793,'2024-04-09 13:49:06.751000','2024-04-09 13:49:06.751000',NULL,57,NULL,555),(794,'2024-04-09 13:49:08.708000','2024-04-09 13:49:08.708000',NULL,9,NULL,556),(795,'2024-04-09 13:49:08.712000','2024-04-09 13:49:08.712000',NULL,13,NULL,557),(796,'2024-04-09 13:49:08.721000','2024-04-09 13:49:08.721000',NULL,17,NULL,558),(797,'2024-04-09 13:49:08.723000','2024-04-09 13:49:08.723000',NULL,18,NULL,558),(798,'2024-04-09 13:49:08.725000','2024-04-09 13:49:08.725000',NULL,20,NULL,558),(799,'2024-04-09 21:39:53.560565','2024-04-09 21:39:53.560570',NULL,3,NULL,559),(800,'2024-04-09 21:39:53.613013','2024-04-09 21:39:53.613020',NULL,9,NULL,560),(801,'2024-04-09 21:39:53.615126','2024-04-09 21:39:53.615131',NULL,13,NULL,561),(802,'2024-04-09 21:39:53.617143','2024-04-09 21:39:53.617150',NULL,17,NULL,562),(803,'2024-04-09 21:39:53.617825','2024-04-09 21:39:53.617829',NULL,18,NULL,562),(804,'2024-04-09 21:39:53.618464','2024-04-09 21:39:53.618476',NULL,20,NULL,562),(805,'2024-04-09 21:39:53.623610','2024-04-09 21:39:53.623616',NULL,70,NULL,563),(806,'2024-04-09 21:39:53.625361','2024-04-09 21:39:53.625364',NULL,72,NULL,564),(807,'2024-04-09 21:39:53.626892','2024-04-09 21:39:53.626897',NULL,97,NULL,565),(808,'2024-04-09 21:39:53.628550','2024-04-09 21:39:53.628554',NULL,78,NULL,566),(809,'2024-04-09 21:39:53.630505','2024-04-09 21:39:53.630510',NULL,350,NULL,567),(810,'2024-04-09 21:49:28.252255','2024-04-09 21:49:28.252264',NULL,3,NULL,568),(811,'2024-04-09 21:49:28.256172','2024-04-09 21:49:28.256175',NULL,8,NULL,569),(812,'2024-04-09 21:49:28.257705','2024-04-09 21:49:28.257707',NULL,12,NULL,570),(813,'2024-04-09 21:49:28.258976','2024-04-09 21:49:28.258979',NULL,13,NULL,571),(814,'2024-04-09 21:49:28.260740','2024-04-09 21:49:28.260743',NULL,17,NULL,572),(815,'2024-04-09 21:49:28.261634','2024-04-09 21:49:28.261637',NULL,18,NULL,572),(816,'2024-04-09 21:49:28.262250','2024-04-09 21:49:28.262253',NULL,20,NULL,572),(817,'2024-04-09 23:21:25.094818','2024-04-09 23:21:25.094828',NULL,13,NULL,573),(818,'2024-04-09 23:21:25.100049','2024-04-09 23:21:25.100053',NULL,17,NULL,574),(819,'2024-04-09 23:21:25.100932','2024-04-09 23:21:25.100936',NULL,18,NULL,574),(820,'2024-04-09 23:21:25.101960','2024-04-09 23:21:25.101964',NULL,20,NULL,574),(821,'2024-04-09 23:21:25.104180','2024-04-09 23:21:25.104185',NULL,350,NULL,575),(822,'2024-04-09 23:21:25.107898','2024-04-09 23:21:25.107904',NULL,358,NULL,576),(823,'2024-04-09 23:22:33.636481','2024-04-09 23:22:33.636486',NULL,3,NULL,577),(824,'2024-04-09 23:22:33.644234','2024-04-09 23:22:33.644242',NULL,12,NULL,578),(825,'2024-04-09 23:22:33.647409','2024-04-09 23:22:33.647415',NULL,13,NULL,579),(826,'2024-04-09 23:22:33.650127','2024-04-09 23:22:33.650133',NULL,17,NULL,580),(827,'2024-04-09 23:22:33.651305','2024-04-09 23:22:33.651311',NULL,18,NULL,580),(828,'2024-04-09 23:22:33.654202','2024-04-09 23:22:33.654208',NULL,20,NULL,580),(829,'2024-04-09 23:22:33.664685','2024-04-09 23:22:33.664690',NULL,70,NULL,581),(830,'2024-04-09 23:22:33.666529','2024-04-09 23:22:33.666534',NULL,72,NULL,582),(831,'2024-04-09 23:22:33.668823','2024-04-09 23:22:33.668829',NULL,97,NULL,583),(832,'2024-04-09 23:22:33.672321','2024-04-09 23:22:33.672328',NULL,78,NULL,584),(833,'2024-04-09 23:22:33.685638','2024-04-09 23:22:33.685644',NULL,350,NULL,585),(834,'2024-04-10 00:15:30.485427','2024-04-10 00:15:30.485434',NULL,8,NULL,586),(835,'2024-04-10 00:15:30.488049','2024-04-10 00:15:30.488052',NULL,12,NULL,587),(836,'2024-04-10 00:15:30.488432','2024-04-10 00:15:30.488434',NULL,3,NULL,588),(837,'2024-04-10 00:15:30.489497','2024-04-10 00:15:30.489500',NULL,13,NULL,589),(838,'2024-04-10 00:15:30.490191','2024-04-10 00:15:30.490196',NULL,8,NULL,590),(839,'2024-04-10 00:15:30.490592','2024-04-10 00:15:30.490595',NULL,17,NULL,591),(840,'2024-04-10 00:15:30.491061','2024-04-10 00:15:30.491064',NULL,18,NULL,591),(841,'2024-04-10 00:15:30.491484','2024-04-10 00:15:30.491489',NULL,9,NULL,592),(842,'2024-04-10 00:15:30.491601','2024-04-10 00:15:30.491604',NULL,20,NULL,591),(843,'2024-04-10 00:15:30.492632','2024-04-10 00:15:30.492635',NULL,13,NULL,593),(844,'2024-04-10 00:15:30.493922','2024-04-10 00:15:30.493924',NULL,17,NULL,594),(845,'2024-04-10 00:15:30.494517','2024-04-10 00:15:30.494521',NULL,18,NULL,594),(846,'2024-04-10 00:15:30.495058','2024-04-10 00:15:30.495061',NULL,20,NULL,594),(847,'2024-04-10 00:15:30.496076','2024-04-10 00:15:30.496079',NULL,70,NULL,595),(848,'2024-04-10 00:25:53.678846','2024-04-10 00:25:53.678853',NULL,13,NULL,596),(849,'2024-04-10 00:25:53.689145','2024-04-10 00:25:53.689149',NULL,17,NULL,597),(850,'2024-04-10 00:25:53.689998','2024-04-10 00:25:53.690002',NULL,18,NULL,597),(851,'2024-04-10 00:25:53.690767','2024-04-10 00:25:53.690772',NULL,20,NULL,597),(852,'2024-04-10 00:25:53.702305','2024-04-10 00:25:53.702310',NULL,3,NULL,598),(853,'2024-04-10 00:25:53.704420','2024-04-10 00:25:53.704424',NULL,8,NULL,599),(854,'2024-04-10 00:25:53.705638','2024-04-10 00:25:53.705642',NULL,9,NULL,600),(855,'2024-04-10 00:25:53.706721','2024-04-10 00:25:53.706725',NULL,13,NULL,601),(856,'2024-04-10 00:25:53.707982','2024-04-10 00:25:53.707987',NULL,17,NULL,602),(857,'2024-04-10 00:25:53.708762','2024-04-10 00:25:53.708766',NULL,18,NULL,602),(858,'2024-04-10 00:25:53.709335','2024-04-10 00:25:53.709338',NULL,20,NULL,602),(859,'2024-04-10 00:25:53.710508','2024-04-10 00:25:53.710511',NULL,70,NULL,603),(860,'2024-04-10 00:25:53.711748','2024-04-10 00:25:53.711751',NULL,72,NULL,604),(861,'2024-04-10 00:25:53.712771','2024-04-10 00:25:53.712776',NULL,97,NULL,605),(862,'2024-04-10 12:09:57.896350','2024-04-10 12:09:57.896362',NULL,12,NULL,606),(863,'2024-04-10 12:09:57.945684','2024-04-10 12:09:57.945701',NULL,13,NULL,607),(864,'2024-04-10 12:09:57.949361','2024-04-10 12:09:57.949366',NULL,17,NULL,608),(865,'2024-04-10 12:09:57.950133','2024-04-10 12:09:57.950140',NULL,18,NULL,608),(866,'2024-04-10 12:09:57.950898','2024-04-10 12:09:57.950903',NULL,20,NULL,608),(867,'2024-04-10 12:09:57.979471','2024-04-10 12:09:57.979476',NULL,17,NULL,609),(868,'2024-04-10 12:09:57.985484','2024-04-10 12:09:57.985507',NULL,18,NULL,609),(869,'2024-04-10 12:09:57.986239','2024-04-10 12:09:57.986243',NULL,20,NULL,609),(870,'2024-04-10 12:09:57.987668','2024-04-10 12:09:57.987672',NULL,97,NULL,610),(871,'2024-04-10 12:09:57.989544','2024-04-10 12:09:57.989549',NULL,78,NULL,611),(872,'2024-04-10 13:34:50.843292','2024-04-10 13:34:50.843305',NULL,3,NULL,612),(873,'2024-04-10 13:34:50.853834','2024-04-10 13:34:50.853839',NULL,13,NULL,613),(874,'2024-04-10 13:34:50.861581','2024-04-10 13:34:50.861587',NULL,17,NULL,614),(875,'2024-04-10 13:34:50.863163','2024-04-10 13:34:50.863168',NULL,18,NULL,614),(876,'2024-04-10 13:34:50.864387','2024-04-10 13:34:50.864394',NULL,20,NULL,614),(877,'2024-04-10 13:34:50.866712','2024-04-10 13:34:50.866716',NULL,70,NULL,615),(878,'2024-04-10 13:34:50.869606','2024-04-10 13:34:50.869610',NULL,72,NULL,616),(879,'2024-05-05 14:37:50.836930','2024-05-05 14:37:50.836937',NULL,1,NULL,617),(880,'2024-05-05 14:37:50.846530','2024-05-05 14:37:50.846535',NULL,7,NULL,618),(881,'2024-05-05 14:37:50.848570','2024-05-05 14:37:50.848575',NULL,9,NULL,619),(882,'2024-05-05 14:37:50.852278','2024-05-05 14:37:50.852283',NULL,13,NULL,620),(883,'2024-05-05 14:37:50.854306','2024-05-05 14:37:50.854311',NULL,17,NULL,621),(884,'2024-05-05 14:37:50.855726','2024-05-05 14:37:50.855732',NULL,18,NULL,621),(885,'2024-05-05 14:37:50.856999','2024-05-05 14:37:50.857004',NULL,20,NULL,621),(886,'2024-05-05 14:40:21.401396','2024-05-05 14:40:21.401404',NULL,3,NULL,622),(887,'2024-05-05 14:40:21.404182','2024-05-05 14:40:21.404188',NULL,8,NULL,623),(888,'2024-05-05 14:40:21.407011','2024-05-05 14:40:21.407016',NULL,9,NULL,624),(889,'2024-05-05 14:40:21.410407','2024-05-05 14:40:21.410414',NULL,13,NULL,625),(890,'2024-05-05 14:40:21.414551','2024-05-05 14:40:21.414557',NULL,17,NULL,626),(891,'2024-05-05 14:40:21.415774','2024-05-05 14:40:21.415779',NULL,18,NULL,626),(892,'2024-05-05 14:40:21.417240','2024-05-05 14:40:21.417246',NULL,20,NULL,626),(893,'2024-05-05 14:40:21.420436','2024-05-05 14:40:21.420440',NULL,70,NULL,627),(894,'2024-05-05 14:40:21.423076','2024-05-05 14:40:21.423081',NULL,72,NULL,628),(895,'2024-05-05 14:40:21.424797','2024-05-05 14:40:21.424804',NULL,96,NULL,629),(896,'2024-05-05 14:40:21.426829','2024-05-05 14:40:21.426834',NULL,78,NULL,630),(897,'2024-05-05 14:40:21.430014','2024-05-05 14:40:21.430027',NULL,346,NULL,631),(898,'2024-05-07 00:51:10.318977','2024-05-07 00:51:10.318997',NULL,1,NULL,632),(899,'2024-05-07 00:51:10.326209','2024-05-07 00:51:10.326218',NULL,8,NULL,633),(900,'2024-05-07 00:51:10.328773','2024-05-07 00:51:10.328783',NULL,9,NULL,634),(901,'2024-05-07 00:51:10.331658','2024-05-07 00:51:10.331668',NULL,13,NULL,635),(902,'2024-05-07 00:51:10.345434','2024-05-07 00:51:10.345445',NULL,17,NULL,636),(903,'2024-05-07 00:51:10.346764','2024-05-07 00:51:10.346776',NULL,18,NULL,636),(904,'2024-05-07 00:51:10.348001','2024-05-07 00:51:10.348008',NULL,20,NULL,636),(905,'2024-05-11 22:31:52.659363','2024-05-11 22:31:52.659383',NULL,361,NULL,637),(906,'2024-05-11 22:31:52.669253','2024-05-11 22:31:52.669267',NULL,364,NULL,638),(907,'2024-05-11 22:31:52.674881','2024-05-11 22:31:52.674890',NULL,369,NULL,639),(908,'2024-05-11 22:31:52.680091','2024-05-11 22:31:52.680101',NULL,374,NULL,640),(909,'2024-05-11 22:31:52.686623','2024-05-11 22:31:52.686632',NULL,378,NULL,641),(910,'2024-05-11 22:31:52.693027','2024-05-11 22:31:52.693039',NULL,381,NULL,642),(911,'2024-05-11 22:31:52.700567','2024-05-11 22:31:52.700580',NULL,385,NULL,643),(912,'2024-05-11 22:31:52.707748','2024-05-11 22:31:52.707759',NULL,390,NULL,644),(913,'2024-05-11 22:31:52.714305','2024-05-11 22:31:52.714315',NULL,392,NULL,645),(914,'2024-05-11 22:31:52.721064','2024-05-11 22:31:52.721073',NULL,397,NULL,646),(915,'2024-05-11 22:31:52.726876','2024-05-11 22:31:52.726885',NULL,402,NULL,647),(916,'2024-05-11 22:31:52.732115','2024-05-11 22:31:52.732125',NULL,406,NULL,648),(917,'2024-05-11 22:31:52.736999','2024-05-11 22:31:52.737007',NULL,412,NULL,649),(918,'2024-05-11 22:31:52.742260','2024-05-11 22:31:52.742269',NULL,416,NULL,650),(919,'2024-05-12 00:26:44.944774','2024-05-12 00:26:44.944795',NULL,361,NULL,651),(920,'2024-05-12 00:26:44.954955','2024-05-12 00:26:44.954969',NULL,365,NULL,652),(921,'2024-05-12 00:26:44.960212','2024-05-12 00:26:44.960224',NULL,369,NULL,653),(922,'2024-05-12 00:26:44.964920','2024-05-12 00:26:44.964928',NULL,374,NULL,654),(923,'2024-05-12 00:26:44.970175','2024-05-12 00:26:44.970189',NULL,378,NULL,655),(924,'2024-05-12 00:26:44.975277','2024-05-12 00:26:44.975285',NULL,381,NULL,656),(925,'2024-05-12 00:26:44.980535','2024-05-12 00:26:44.980548',NULL,385,NULL,657),(926,'2024-05-12 00:26:44.990577','2024-05-12 00:26:44.990593',NULL,390,NULL,658),(927,'2024-05-12 00:26:44.996266','2024-05-12 00:26:44.996277',NULL,392,NULL,659),(928,'2024-05-12 00:26:45.001716','2024-05-12 00:26:45.001729',NULL,397,NULL,660),(929,'2024-05-12 00:26:45.007708','2024-05-12 00:26:45.007719',NULL,402,NULL,661),(930,'2024-05-12 00:26:45.016254','2024-05-12 00:26:45.016266',NULL,406,NULL,662),(931,'2024-05-12 00:26:45.023931','2024-05-12 00:26:45.023948',NULL,408,NULL,663),(932,'2024-05-12 00:26:45.026760','2024-05-12 00:26:45.026776',NULL,409,NULL,663),(933,'2024-05-12 00:26:45.030088','2024-05-12 00:26:45.030100',NULL,410,NULL,663),(934,'2024-05-12 00:26:45.032785','2024-05-12 00:26:45.032796',NULL,411,NULL,663),(935,'2024-05-12 00:26:45.043498','2024-05-12 00:26:45.043510',NULL,412,NULL,664),(936,'2024-05-12 00:26:45.046476','2024-05-12 00:26:45.046489',NULL,414,NULL,664),(937,'2024-05-12 00:26:45.053471','2024-05-12 00:26:45.053481',NULL,416,NULL,665),(938,'2024-05-12 00:26:45.055923','2024-05-12 00:26:45.055936',NULL,417,NULL,665),(939,'2024-05-12 00:26:45.058328','2024-05-12 00:26:45.058337',NULL,420,NULL,665),(940,'2024-05-12 00:26:45.060938','2024-05-12 00:26:45.060947',NULL,418,NULL,665),(941,'2024-05-12 01:11:23.787363','2024-05-12 01:11:23.787381',NULL,421,NULL,666),(942,'2024-05-12 01:11:23.790717','2024-05-12 01:11:23.790731',NULL,422,NULL,666),(943,'2024-05-12 01:11:23.793202','2024-05-12 01:11:23.793214',NULL,423,NULL,666),(944,'2024-05-12 01:11:23.800374','2024-05-12 01:11:23.800389',NULL,425,NULL,667),(945,'2024-05-12 01:11:23.802916','2024-05-12 01:11:23.802929',NULL,426,NULL,667),(946,'2024-05-12 01:11:23.805198','2024-05-12 01:11:23.805209',NULL,428,NULL,667),(947,'2024-05-12 01:11:23.809769','2024-05-12 01:11:23.809777',NULL,430,NULL,668),(948,'2024-05-12 01:11:23.815635','2024-05-12 01:11:23.815816',NULL,436,NULL,669),(949,'2024-05-12 01:11:23.820895','2024-05-12 01:11:23.820901',NULL,437,NULL,670),(950,'2024-05-12 01:11:23.825360','2024-05-12 01:11:23.825369',NULL,441,NULL,671),(951,'2024-05-12 01:11:23.827800','2024-05-12 01:11:23.827807',NULL,442,NULL,671),(952,'2024-05-12 01:11:23.834902','2024-05-12 01:11:23.834916',NULL,443,NULL,671),(953,'2024-05-12 01:11:23.838165','2024-05-12 01:11:23.838178',NULL,444,NULL,671),(954,'2024-05-12 01:11:23.843598','2024-05-12 01:11:23.843611',NULL,445,NULL,672),(955,'2024-05-12 01:11:23.846388','2024-05-12 01:11:23.846398',NULL,446,NULL,672),(956,'2024-05-12 01:11:23.849839','2024-05-12 01:11:23.849848',NULL,447,NULL,672),(957,'2024-05-12 01:11:23.854956','2024-05-12 01:11:23.854966',NULL,452,NULL,673),(958,'2024-05-12 01:11:23.860121','2024-05-12 01:11:23.860133',NULL,453,NULL,674),(959,'2024-05-12 01:11:23.862371','2024-05-12 01:11:23.862378',NULL,454,NULL,674),(960,'2024-05-12 01:11:23.867515','2024-05-12 01:11:23.867524',NULL,458,NULL,675),(961,'2024-05-12 01:16:51.670703','2024-05-12 01:16:51.670713',NULL,3,NULL,676),(962,'2024-05-12 01:16:51.675285','2024-05-12 01:16:51.675297',NULL,8,NULL,677),(963,'2024-05-12 01:16:51.679380','2024-05-12 01:16:51.679387',NULL,9,NULL,678),(964,'2024-05-12 01:16:51.684382','2024-05-12 01:16:51.684395',NULL,13,NULL,679),(965,'2024-05-12 01:16:51.688927','2024-05-12 01:16:51.688934',NULL,17,NULL,680),(966,'2024-05-12 01:16:51.691222','2024-05-12 01:16:51.691229',NULL,18,NULL,680),(967,'2024-05-12 01:16:51.693142','2024-05-12 01:16:51.693150',NULL,20,NULL,680),(968,'2024-05-12 01:30:45.366273','2024-05-12 01:30:45.366283',NULL,3,NULL,681),(969,'2024-05-12 01:30:45.372830','2024-05-12 01:30:45.372844',NULL,8,NULL,682),(970,'2024-05-12 01:30:45.381444','2024-05-12 01:30:45.381455',NULL,9,NULL,683),(971,'2024-05-12 01:30:45.386759','2024-05-12 01:30:45.386768',NULL,13,NULL,684),(972,'2024-05-12 01:30:45.391852','2024-05-12 01:30:45.391864',NULL,17,NULL,685),(973,'2024-05-12 01:30:45.394517','2024-05-12 01:30:45.394529',NULL,18,NULL,685),(974,'2024-05-12 01:30:45.396737','2024-05-12 01:30:45.396744',NULL,20,NULL,685),(975,'2024-05-12 01:30:45.400898','2024-05-12 01:30:45.400904',NULL,70,NULL,686),(976,'2024-05-12 01:30:45.405004','2024-05-12 01:30:45.405012',NULL,72,NULL,687),(977,'2024-05-12 01:30:45.410070','2024-05-12 01:30:45.410075',NULL,97,NULL,688),(978,'2024-05-12 01:30:45.420880','2024-05-12 01:30:45.420890',NULL,78,NULL,689),(979,'2024-05-12 01:30:45.428674','2024-05-12 01:30:45.428689',NULL,346,NULL,690),(980,'2024-05-12 16:28:22.324696','2024-05-12 16:28:22.324721',NULL,421,NULL,691),(981,'2024-05-12 16:28:22.331702','2024-05-12 16:28:22.331716',NULL,422,NULL,691),(982,'2024-05-12 16:28:22.334577','2024-05-12 16:28:22.334589',NULL,423,NULL,691),(983,'2024-05-12 16:28:22.341843','2024-05-12 16:28:22.341857',NULL,425,NULL,692),(984,'2024-05-12 16:28:22.344879','2024-05-12 16:28:22.344891',NULL,426,NULL,692),(985,'2024-05-12 16:28:22.348361','2024-05-12 16:28:22.348374',NULL,428,NULL,692),(986,'2024-05-12 16:28:22.355060','2024-05-12 16:28:22.355078',NULL,430,NULL,693),(987,'2024-05-12 16:28:22.362246','2024-05-12 16:28:22.362259',NULL,435,NULL,694),(988,'2024-05-12 16:28:22.370063','2024-05-12 16:28:22.370083',NULL,437,NULL,695),(989,'2024-05-12 16:28:22.377373','2024-05-12 16:28:22.377386',NULL,441,NULL,696),(990,'2024-05-12 16:28:22.380443','2024-05-12 16:28:22.380466',NULL,442,NULL,696),(991,'2024-05-12 16:28:22.383058','2024-05-12 16:28:22.383071',NULL,443,NULL,696),(992,'2024-05-12 16:28:22.385515','2024-05-12 16:28:22.385529',NULL,444,NULL,696),(993,'2024-05-12 16:28:22.390432','2024-05-12 16:28:22.390441',NULL,445,NULL,697),(994,'2024-05-12 16:28:22.392860','2024-05-12 16:28:22.392869',NULL,446,NULL,697),(995,'2024-05-12 16:28:22.395386','2024-05-12 16:28:22.395400',NULL,447,NULL,697),(996,'2024-05-12 16:28:22.400876','2024-05-12 16:28:22.400889',NULL,452,NULL,698),(997,'2024-05-12 16:28:22.406214','2024-05-12 16:28:22.406228',NULL,456,NULL,699),(998,'2024-05-13 09:44:34.652537','2024-05-13 09:44:34.652555',NULL,361,NULL,700),(999,'2024-05-13 09:44:34.662467','2024-05-13 09:44:34.662478',NULL,365,NULL,701),(1000,'2024-05-13 09:44:34.669337','2024-05-13 09:44:34.669346',NULL,369,NULL,702),(1001,'2024-05-13 09:44:34.674300','2024-05-13 09:44:34.674307',NULL,374,NULL,703),(1002,'2024-05-13 09:44:34.678552','2024-05-13 09:44:34.678559',NULL,378,NULL,704),(1003,'2024-05-13 09:44:34.682839','2024-05-13 09:44:34.682848',NULL,381,NULL,705),(1004,'2024-05-13 09:44:34.688487','2024-05-13 09:44:34.688496',NULL,385,NULL,706),(1005,'2024-05-13 09:44:34.693543','2024-05-13 09:44:34.693562',NULL,390,NULL,707),(1006,'2024-05-13 09:44:34.699226','2024-05-13 09:44:34.699234',NULL,392,NULL,708),(1007,'2024-05-13 09:44:34.710037','2024-05-13 09:44:34.710049',NULL,397,NULL,709),(1008,'2024-05-13 09:44:34.716189','2024-05-13 09:44:34.716197',NULL,402,NULL,710),(1009,'2024-05-13 09:44:34.720522','2024-05-13 09:44:34.720530',NULL,406,NULL,711),(1010,'2024-05-13 09:44:34.724661','2024-05-13 09:44:34.724669',NULL,408,NULL,712),(1011,'2024-05-13 09:44:34.726691','2024-05-13 09:44:34.726699',NULL,409,NULL,712),(1012,'2024-05-13 09:44:34.728851','2024-05-13 09:44:34.728857',NULL,411,NULL,712),(1013,'2024-05-13 09:44:34.730854','2024-05-13 09:44:34.730860',NULL,410,NULL,712),(1014,'2024-05-13 09:44:34.735906','2024-05-13 09:44:34.735914',NULL,412,NULL,713),(1015,'2024-05-13 09:44:34.740636','2024-05-13 09:44:34.740645',NULL,416,NULL,714),(1016,'2024-05-13 09:44:34.742658','2024-05-13 09:44:34.742665',NULL,417,NULL,714),(1017,'2024-05-13 09:44:34.745165','2024-05-13 09:44:34.745172',NULL,418,NULL,714),(1018,'2024-05-13 09:44:34.747424','2024-05-13 09:44:34.747434',NULL,420,NULL,714),(1019,'2024-05-13 09:52:14.383099','2024-05-13 09:52:14.383186',NULL,3,NULL,715),(1020,'2024-05-13 09:52:14.388353','2024-05-13 09:52:14.388361',NULL,8,NULL,716),(1021,'2024-05-13 09:52:14.392896','2024-05-13 09:52:14.392907',NULL,9,NULL,717),(1022,'2024-05-13 09:52:14.397424','2024-05-13 09:52:14.397433',NULL,13,NULL,718),(1023,'2024-05-13 09:52:14.402434','2024-05-13 09:52:14.402444',NULL,17,NULL,719),(1024,'2024-05-13 09:52:14.404714','2024-05-13 09:52:14.404721',NULL,18,NULL,719),(1025,'2024-05-13 09:52:14.406805','2024-05-13 09:52:14.406812',NULL,20,NULL,719),(1026,'2024-05-13 09:52:14.410903','2024-05-13 09:52:14.410910',NULL,70,NULL,720),(1027,'2024-05-13 15:52:53.547950','2024-05-13 15:52:53.547976',NULL,3,NULL,721),(1028,'2024-05-13 15:52:53.561350','2024-05-13 15:52:53.561368',NULL,8,NULL,722),(1029,'2024-05-13 15:52:53.568020','2024-05-13 15:52:53.568033',NULL,9,NULL,723),(1030,'2024-05-13 15:52:53.573606','2024-05-13 15:52:53.573620',NULL,17,NULL,724),(1031,'2024-05-13 15:52:53.600770','2024-05-13 15:52:53.600815',NULL,18,NULL,724),(1032,'2024-05-13 15:52:53.605127','2024-05-13 15:52:53.605140',NULL,20,NULL,724),(1033,'2024-05-13 15:55:25.169122','2024-05-13 15:55:25.169134',NULL,17,NULL,725),(1034,'2024-05-13 15:55:25.171492','2024-05-13 15:55:25.171503',NULL,18,NULL,725),(1035,'2024-05-13 15:55:25.174095','2024-05-13 15:55:25.174107',NULL,20,NULL,725),(1036,'2024-05-14 01:34:39.953956','2024-05-14 01:34:39.953974',NULL,8,NULL,726),(1037,'2024-05-14 01:34:39.960261','2024-05-14 01:34:39.960271',NULL,9,NULL,727),(1038,'2024-05-14 01:34:39.965007','2024-05-14 01:34:39.965022',NULL,13,NULL,728),(1039,'2024-05-14 01:34:39.969630','2024-05-14 01:34:39.969639',NULL,17,NULL,729),(1040,'2024-05-14 01:34:39.971902','2024-05-14 01:34:39.971914',NULL,18,NULL,729),(1041,'2024-05-14 01:34:39.974256','2024-05-14 01:34:39.974268',NULL,20,NULL,729),(1042,'2024-05-14 01:34:40.516142','2024-05-14 01:34:40.516154',NULL,13,NULL,730),(1043,'2024-05-14 01:34:40.524547','2024-05-14 01:34:40.524591',NULL,17,NULL,731),(1044,'2024-05-14 01:34:40.526778','2024-05-14 01:34:40.526790',NULL,18,NULL,731),(1045,'2024-05-14 01:34:40.529124','2024-05-14 01:34:40.529136',NULL,20,NULL,731),(1046,'2024-05-14 12:44:46.425332','2024-05-14 12:44:46.425357',NULL,3,NULL,732),(1047,'2024-05-14 12:44:46.436814','2024-05-14 12:44:46.436832',NULL,8,NULL,733),(1048,'2024-05-14 12:44:46.447582','2024-05-14 12:44:46.447599',NULL,17,NULL,734),(1049,'2024-05-14 12:44:46.450701','2024-05-14 12:44:46.450714',NULL,18,NULL,734),(1050,'2024-05-14 12:44:46.453523','2024-05-14 12:44:46.453535',NULL,20,NULL,734),(1051,'2024-05-14 18:22:20.729520','2024-05-14 18:22:20.729543',NULL,3,NULL,735),(1052,'2024-05-14 18:22:20.738567','2024-05-14 18:22:20.738581',NULL,8,NULL,736),(1053,'2024-05-14 18:22:20.743355','2024-05-14 18:22:20.743367',NULL,9,NULL,737),(1054,'2024-05-14 18:22:20.754850','2024-05-14 18:22:20.754863',NULL,13,NULL,738),(1055,'2024-05-14 18:22:20.760107','2024-05-14 18:22:20.760126',NULL,17,NULL,739),(1056,'2024-05-14 18:22:20.762939','2024-05-14 18:22:20.762956',NULL,18,NULL,739),(1057,'2024-05-14 18:22:20.767379','2024-05-14 18:22:20.767393',NULL,20,NULL,739),(1058,'2024-05-14 18:28:17.249294','2024-05-14 18:28:17.249313',NULL,9,NULL,740),(1059,'2024-05-14 18:28:17.254933','2024-05-14 18:28:17.254946',NULL,17,NULL,741),(1060,'2024-05-14 18:28:17.257510','2024-05-14 18:28:17.257519',NULL,18,NULL,741),(1061,'2024-05-14 18:28:17.259931','2024-05-14 18:28:17.259941',NULL,20,NULL,741),(1062,'2024-05-14 18:28:17.923518','2024-05-14 18:28:17.923528',NULL,8,NULL,742),(1063,'2024-05-14 18:28:17.928626','2024-05-14 18:28:17.928635',NULL,9,NULL,743),(1064,'2024-05-14 18:28:17.936851','2024-05-14 18:28:17.936864',NULL,15,NULL,744),(1065,'2024-05-14 18:28:17.942489','2024-05-14 18:28:17.942504',NULL,17,NULL,745),(1066,'2024-05-14 18:28:17.945157','2024-05-14 18:28:17.945170',NULL,18,NULL,745),(1067,'2024-05-14 18:28:17.952764','2024-05-14 18:28:17.952780',NULL,20,NULL,745),(1068,'2024-05-14 18:28:18.329485','2024-05-14 18:28:18.329499',NULL,17,NULL,746),(1069,'2024-05-14 18:28:18.331866','2024-05-14 18:28:18.331874',NULL,18,NULL,746),(1070,'2024-05-14 18:28:18.333274','2024-05-14 18:28:18.333281',NULL,3,NULL,747),(1071,'2024-05-14 18:28:18.337775','2024-05-14 18:28:18.337782',NULL,8,NULL,748),(1072,'2024-05-14 18:28:18.341905','2024-05-14 18:28:18.341911',NULL,9,NULL,749),(1073,'2024-05-14 18:28:18.346109','2024-05-14 18:28:18.346116',NULL,13,NULL,750),(1074,'2024-05-14 18:28:18.351344','2024-05-14 18:28:18.351354',NULL,17,NULL,751),(1075,'2024-05-14 18:28:18.355688','2024-05-14 18:28:18.355701',NULL,18,NULL,751),(1076,'2024-05-14 18:28:18.358115','2024-05-14 18:28:18.358125',NULL,20,NULL,751),(1077,'2024-05-14 19:08:24.254874','2024-05-14 19:08:24.254889',NULL,3,NULL,752),(1078,'2024-05-14 19:08:24.261985','2024-05-14 19:08:24.261997',NULL,8,NULL,753),(1079,'2024-05-14 19:08:24.275016','2024-05-14 19:08:24.275027',NULL,9,NULL,754),(1080,'2024-05-14 19:08:24.285086','2024-05-14 19:08:24.285098',NULL,13,NULL,755),(1081,'2024-05-14 19:08:24.298847','2024-05-14 19:08:24.298864',NULL,17,NULL,756),(1082,'2024-05-14 19:08:24.302483','2024-05-14 19:08:24.302494',NULL,18,NULL,756),(1083,'2024-05-14 19:08:24.306708','2024-05-14 19:08:24.306720',NULL,20,NULL,756),(1084,'2024-05-15 20:00:58.609833','2024-05-15 20:00:58.609850',NULL,3,NULL,757),(1085,'2024-05-15 20:00:58.617701','2024-05-15 20:00:58.617753',NULL,6,NULL,758),(1086,'2024-05-15 20:00:58.640452','2024-05-15 20:00:58.640463',NULL,17,NULL,759),(1087,'2024-05-15 20:00:58.643279','2024-05-15 20:00:58.643288',NULL,18,NULL,759),(1088,'2024-05-15 20:00:58.646961','2024-05-15 20:00:58.647000',NULL,20,NULL,759),(1089,'2024-05-15 20:05:03.912539','2024-05-15 20:05:03.912548',NULL,3,NULL,760),(1090,'2024-05-15 20:05:03.917138','2024-05-15 20:05:03.917147',NULL,8,NULL,761),(1091,'2024-05-15 20:05:03.923609','2024-05-15 20:05:03.923618',NULL,9,NULL,762),(1092,'2024-05-15 20:05:03.929064','2024-05-15 20:05:03.929075',NULL,16,NULL,763),(1093,'2024-05-15 20:05:03.933703','2024-05-15 20:05:03.933712',NULL,17,NULL,764),(1094,'2024-05-15 20:05:03.935955','2024-05-15 20:05:03.935967',NULL,18,NULL,764),(1095,'2024-05-15 20:05:03.938443','2024-05-15 20:05:03.938451',NULL,20,NULL,764),(1096,'2024-05-15 20:05:03.942653','2024-05-15 20:05:03.942661',NULL,70,NULL,765),(1097,'2024-05-15 20:05:03.946736','2024-05-15 20:05:03.946749',NULL,72,NULL,766),(1098,'2024-05-15 20:05:03.950769','2024-05-15 20:05:03.950776',NULL,96,NULL,767),(1099,'2024-05-15 20:06:55.208834','2024-05-15 20:06:55.208851',NULL,3,NULL,768),(1100,'2024-05-15 20:06:55.214116','2024-05-15 20:06:55.214127',NULL,8,NULL,769),(1101,'2024-05-15 20:06:55.218464','2024-05-15 20:06:55.218475',NULL,9,NULL,770),(1102,'2024-05-15 20:06:55.222728','2024-05-15 20:06:55.222736',NULL,13,NULL,771),(1103,'2024-05-15 20:06:55.228260','2024-05-15 20:06:55.228270',NULL,17,NULL,772),(1104,'2024-05-15 20:06:55.230373','2024-05-15 20:06:55.230380',NULL,18,NULL,772),(1105,'2024-05-15 20:06:55.232927','2024-05-15 20:06:55.232935',NULL,20,NULL,772),(1106,'2024-05-15 20:06:56.209691','2024-05-15 20:06:56.209709',NULL,13,NULL,773),(1107,'2024-05-15 20:06:56.215790','2024-05-15 20:06:56.215800',NULL,17,NULL,774),(1108,'2024-05-15 20:06:56.217992','2024-05-15 20:06:56.218001',NULL,18,NULL,774),(1109,'2024-05-15 20:16:45.041088','2024-05-15 20:16:45.041097',NULL,421,NULL,775),(1110,'2024-05-15 20:16:45.043270','2024-05-15 20:16:45.043278',NULL,423,NULL,775),(1111,'2024-05-15 20:16:45.045865','2024-05-15 20:16:45.045877',NULL,422,NULL,775),(1112,'2024-05-15 20:16:45.055373','2024-05-15 20:16:45.055384',NULL,428,NULL,776),(1113,'2024-05-15 20:16:45.058139','2024-05-15 20:16:45.058151',NULL,426,NULL,776),(1114,'2024-05-15 20:16:45.060772','2024-05-15 20:16:45.060782',NULL,425,NULL,776),(1115,'2024-05-15 21:43:10.294328','2024-05-15 21:43:10.294346',NULL,421,NULL,777),(1116,'2024-05-15 21:43:10.300546','2024-05-15 21:43:10.300560',NULL,422,NULL,777),(1117,'2024-05-15 21:43:10.302947','2024-05-15 21:43:10.302957',NULL,423,NULL,777),(1118,'2024-05-15 21:43:10.307155','2024-05-15 21:43:10.307164',NULL,425,NULL,778),(1119,'2024-05-15 21:43:10.309131','2024-05-15 21:43:10.309139',NULL,426,NULL,778),(1120,'2024-05-15 21:43:10.312772','2024-05-15 21:43:10.312781',NULL,428,NULL,778),(1121,'2024-05-15 21:50:39.743044','2024-05-15 21:50:39.743103',NULL,3,NULL,779),(1122,'2024-05-15 21:50:39.748846','2024-05-15 21:50:39.748850',NULL,5,NULL,780),(1123,'2024-05-15 21:50:39.752996','2024-05-15 21:50:39.752999',NULL,9,NULL,781),(1124,'2024-05-15 21:50:39.758185','2024-05-15 21:50:39.758211',NULL,13,NULL,782),(1125,'2024-05-15 21:50:39.762984','2024-05-15 21:50:39.762987',NULL,17,NULL,783),(1126,'2024-05-15 21:50:39.764917','2024-05-15 21:50:39.764919',NULL,18,NULL,783),(1127,'2024-05-15 21:50:39.766973','2024-05-15 21:50:39.766976',NULL,20,NULL,783),(1128,'2024-05-15 21:50:39.771385','2024-05-15 21:50:39.771388',NULL,71,NULL,784),(1129,'2024-05-15 21:50:39.861060','2024-05-15 21:50:39.861064',NULL,3,NULL,785),(1130,'2024-05-15 21:50:39.865468','2024-05-15 21:50:39.865471',NULL,8,NULL,786),(1131,'2024-05-15 21:50:39.869874','2024-05-15 21:50:39.869876',NULL,9,NULL,787),(1132,'2024-05-15 21:50:39.874824','2024-05-15 21:50:39.874827',NULL,13,NULL,788),(1133,'2024-05-15 21:50:39.879017','2024-05-15 21:50:39.879021',NULL,17,NULL,789),(1134,'2024-05-15 21:50:39.880835','2024-05-15 21:50:39.880838',NULL,18,NULL,789),(1135,'2024-05-15 21:50:39.882804','2024-05-15 21:50:39.882807',NULL,20,NULL,789),(1136,'2024-05-15 21:50:39.888053','2024-05-15 21:50:39.888056',NULL,70,NULL,790),(1137,'2024-05-15 21:50:39.917528','2024-05-15 21:50:39.917533',NULL,3,NULL,791),(1138,'2024-05-15 21:50:39.922736','2024-05-15 21:50:39.922739',NULL,7,NULL,792),(1139,'2024-05-15 21:50:39.926926','2024-05-15 21:50:39.926928',NULL,9,NULL,793),(1140,'2024-05-15 21:50:39.953957','2024-05-15 21:50:39.953995',NULL,13,NULL,794),(1141,'2024-05-15 21:50:39.962359','2024-05-15 21:50:39.962366',NULL,18,NULL,795),(1142,'2024-05-15 21:50:39.967100','2024-05-15 21:50:39.967107',NULL,17,NULL,795),(1143,'2024-05-15 21:50:39.971774','2024-05-15 21:50:39.971778',NULL,70,NULL,796),(1144,'2024-05-15 21:50:39.976131','2024-05-15 21:50:39.976135',NULL,72,NULL,797);
/*!40000 ALTER TABLE `user_multiple_choice_challenge_answers` ENABLE KEYS */;
UNLOCK TABLES;

--
-- Table structure for table `user_multiple_choice_challenge_question_response`
--

DROP TABLE IF EXISTS `user_multiple_choice_challenge_question_response`;
/*!40101 SET @saved_cs_client     = @@character_set_client */;
/*!50503 SET character_set_client = utf8mb4 */;
CREATE TABLE `user_multiple_choice_challenge_question_response` (
  `id` bigint NOT NULL AUTO_INCREMENT,
  `created_at` datetime(6) NOT NULL,
  `updated_at` datetime(6) NOT NULL,
  `is_correct` bit(1) NOT NULL,
  `challenge_submission_id` bigint DEFAULT NULL,
  `question_id` bigint DEFAULT NULL,
  PRIMARY KEY (`id`),
  KEY `FKkjjj12intisuytkbamj2wo6ix` (`challenge_submission_id`),
  KEY `FKagvnfdlr901cudlmnnuvb2u51` (`question_id`),
  CONSTRAINT `FKagvnfdlr901cudlmnnuvb2u51` FOREIGN KEY (`question_id`) REFERENCES `questions` (`id`),
  CONSTRAINT `FKkjjj12intisuytkbamj2wo6ix` FOREIGN KEY (`challenge_submission_id`) REFERENCES `challenge_submissions` (`id`)
) ENGINE=InnoDB AUTO_INCREMENT=798 DEFAULT CHARSET=utf8mb3;
/*!40101 SET character_set_client = @saved_cs_client */;

--
-- Dumping data for table `user_multiple_choice_challenge_question_response`
--

LOCK TABLES `user_multiple_choice_challenge_question_response` WRITE;
/*!40000 ALTER TABLE `user_multiple_choice_challenge_question_response` DISABLE KEYS */;
INSERT INTO `user_multiple_choice_challenge_question_response` VALUES (1,'2024-03-30 15:32:05.272000','2024-03-30 15:32:05.272000',_binary '\0',114,1),(2,'2024-03-30 15:32:05.285000','2024-03-30 15:32:05.285000',_binary '\0',114,2),(3,'2024-03-30 15:35:06.728000','2024-03-30 15:35:06.728000',_binary '\0',115,1),(5,'2024-03-30 15:37:42.953000','2024-03-30 15:37:42.953000',_binary '\0',116,1),(7,'2024-03-30 15:47:48.465000','2024-03-30 15:47:48.465000',_binary '\0',117,1),(9,'2024-03-30 15:48:15.798000','2024-03-30 15:48:15.798000',_binary '\0',118,1),(11,'2024-03-30 15:48:55.371000','2024-03-30 15:48:55.371000',_binary '\0',119,1),(13,'2024-03-30 16:07:34.776000','2024-03-30 16:07:34.776000',_binary '\0',120,1),(15,'2024-04-02 16:54:59.143000','2024-04-02 16:54:59.143000',_binary '\0',158,1),(17,'2024-04-02 16:55:06.733000','2024-04-02 16:55:06.733000',_binary '\0',159,1),(19,'2024-04-02 16:55:14.650000','2024-04-02 16:55:14.650000',_binary '\0',160,1),(21,'2024-04-02 16:55:22.530000','2024-04-02 16:55:22.530000',_binary '\0',161,1),(23,'2024-04-02 16:55:30.583000','2024-04-02 16:55:30.583000',_binary '\0',162,1),(25,'2024-04-02 16:55:38.818000','2024-04-02 16:55:38.818000',_binary '\0',163,1),(27,'2024-04-02 16:55:46.624000','2024-04-02 16:55:46.624000',_binary '\0',164,1),(29,'2024-04-02 16:55:54.559000','2024-04-02 16:55:54.559000',_binary '\0',165,1),(31,'2024-04-02 16:56:02.608000','2024-04-02 16:56:02.608000',_binary '\0',166,1),(33,'2024-04-02 16:56:11.859000','2024-04-02 16:56:11.859000',_binary '\0',167,1),(35,'2024-04-02 16:57:11.633000','2024-04-02 16:57:11.633000',_binary '\0',168,1),(37,'2024-04-02 16:58:12.104000','2024-04-02 16:58:12.104000',_binary '\0',169,1),(39,'2024-04-02 16:59:12.167000','2024-04-02 16:59:12.167000',_binary '\0',170,1),(41,'2024-04-02 16:59:51.764000','2024-04-02 16:59:51.764000',_binary '\0',171,1),(43,'2024-04-02 16:59:59.700000','2024-04-02 16:59:59.700000',_binary '\0',172,1),(45,'2024-04-02 17:00:07.592000','2024-04-02 17:00:07.592000',_binary '\0',173,1),(47,'2024-04-02 17:00:15.642000','2024-04-02 17:00:15.642000',_binary '\0',174,1),(49,'2024-04-02 17:00:23.538000','2024-04-02 17:00:23.538000',_binary '\0',175,1),(51,'2024-04-02 17:00:31.735000','2024-04-02 17:00:31.735000',_binary '\0',176,1),(53,'2024-04-02 17:00:39.548000','2024-04-02 17:00:39.548000',_binary '\0',177,1),(55,'2024-04-02 17:00:47.577000','2024-04-02 17:00:47.577000',_binary '\0',178,1),(57,'2024-04-02 17:01:11.596000','2024-04-02 17:01:11.596000',_binary '\0',179,1),(59,'2024-04-02 17:02:11.570000','2024-04-02 17:02:11.570000',_binary '\0',180,1),(61,'2024-04-02 17:04:01.886000','2024-04-02 17:04:01.886000',_binary '\0',181,1),(63,'2024-04-02 17:04:46.864000','2024-04-02 17:04:46.864000',_binary '\0',182,1),(65,'2024-04-02 17:05:44.622000','2024-04-02 17:05:44.622000',_binary '\0',183,1),(67,'2024-04-02 17:06:44.666000','2024-04-02 17:06:44.666000',_binary '\0',184,1),(69,'2024-04-02 17:07:44.595000','2024-04-02 17:07:44.595000',_binary '\0',185,1),(71,'2024-04-02 17:08:44.621000','2024-04-02 17:08:44.621000',_binary '\0',186,1),(73,'2024-04-02 17:09:44.621000','2024-04-02 17:09:44.621000',_binary '\0',187,1),(75,'2024-04-02 17:10:13.576000','2024-04-02 17:10:13.576000',_binary '\0',188,1),(76,'2024-04-02 17:10:13.591000','2024-04-02 17:10:13.591000',_binary '\0',188,2),(77,'2024-04-02 17:10:13.601000','2024-04-02 17:10:13.601000',_binary '',188,3),(78,'2024-04-02 17:10:21.618000','2024-04-02 17:10:21.618000',_binary '\0',189,1),(79,'2024-04-02 17:10:21.639000','2024-04-02 17:10:21.639000',_binary '\0',189,2),(80,'2024-04-02 17:10:21.656000','2024-04-02 17:10:21.656000',_binary '',189,3),(81,'2024-04-02 17:10:29.592000','2024-04-02 17:10:29.592000',_binary '\0',190,1),(82,'2024-04-02 17:10:29.611000','2024-04-02 17:10:29.611000',_binary '\0',190,2),(83,'2024-04-02 17:10:29.616000','2024-04-02 17:10:29.616000',_binary '',190,3),(84,'2024-04-02 17:10:37.625000','2024-04-02 17:10:37.625000',_binary '\0',191,1),(85,'2024-04-02 17:10:37.630000','2024-04-02 17:10:37.630000',_binary '\0',191,2),(86,'2024-04-02 17:10:37.635000','2024-04-02 17:10:37.635000',_binary '',191,3),(87,'2024-04-02 17:10:45.608000','2024-04-02 17:10:45.608000',_binary '\0',192,1),(88,'2024-04-02 17:10:45.614000','2024-04-02 17:10:45.614000',_binary '\0',192,2),(89,'2024-04-02 17:10:45.617000','2024-04-02 17:10:45.617000',_binary '',192,3),(90,'2024-04-02 17:10:53.552000','2024-04-02 17:10:53.552000',_binary '\0',193,1),(91,'2024-04-02 17:10:53.557000','2024-04-02 17:10:53.557000',_binary '\0',193,2),(92,'2024-04-02 17:10:53.562000','2024-04-02 17:10:53.562000',_binary '',193,3),(93,'2024-04-02 17:11:02.595000','2024-04-02 17:11:02.595000',_binary '\0',194,1),(94,'2024-04-02 17:11:02.611000','2024-04-02 17:11:02.611000',_binary '\0',194,2),(95,'2024-04-02 17:11:02.621000','2024-04-02 17:11:02.621000',_binary '',194,3),(96,'2024-04-02 17:11:10.666000','2024-04-02 17:11:10.666000',_binary '\0',195,1),(97,'2024-04-02 17:11:10.671000','2024-04-02 17:11:10.671000',_binary '\0',195,2),(98,'2024-04-02 17:11:10.678000','2024-04-02 17:11:10.678000',_binary '',195,3),(99,'2024-04-02 17:11:18.694000','2024-04-02 17:11:18.694000',_binary '\0',196,1),(100,'2024-04-02 17:11:18.705000','2024-04-02 17:11:18.705000',_binary '\0',196,2),(101,'2024-04-02 17:11:18.713000','2024-04-02 17:11:18.713000',_binary '',196,3),(102,'2024-04-02 17:11:45.324000','2024-04-02 17:11:45.324000',_binary '\0',197,1),(103,'2024-04-02 17:11:45.347000','2024-04-02 17:11:45.347000',_binary '\0',197,2),(104,'2024-04-02 17:11:45.361000','2024-04-02 17:11:45.361000',_binary '',197,3),(105,'2024-04-02 17:11:45.369000','2024-04-02 17:11:45.369000',_binary '',197,4),(106,'2024-04-02 17:11:53.610000','2024-04-02 17:11:53.610000',_binary '\0',198,1),(107,'2024-04-02 17:11:53.617000','2024-04-02 17:11:53.617000',_binary '\0',198,2),(108,'2024-04-02 17:11:53.622000','2024-04-02 17:11:53.622000',_binary '',198,3),(109,'2024-04-02 17:11:53.626000','2024-04-02 17:11:53.626000',_binary '',198,4),(110,'2024-04-02 17:12:01.584000','2024-04-02 17:12:01.584000',_binary '\0',199,1),(111,'2024-04-02 17:12:01.590000','2024-04-02 17:12:01.590000',_binary '\0',199,2),(112,'2024-04-02 17:12:01.597000','2024-04-02 17:12:01.597000',_binary '',199,3),(113,'2024-04-02 17:12:01.598000','2024-04-02 17:12:01.598000',_binary '',199,4),(114,'2024-04-02 17:12:17.791000','2024-04-02 17:12:17.791000',_binary '\0',200,1),(115,'2024-04-02 17:12:17.805000','2024-04-02 17:12:17.805000',_binary '\0',200,2),(116,'2024-04-02 17:12:17.836000','2024-04-02 17:12:17.836000',_binary '',200,3),(117,'2024-04-02 17:12:17.854000','2024-04-02 17:12:17.854000',_binary '',200,4),(118,'2024-04-02 17:12:25.605000','2024-04-02 17:12:25.605000',_binary '\0',201,1),(119,'2024-04-02 17:12:25.611000','2024-04-02 17:12:25.611000',_binary '\0',201,2),(120,'2024-04-02 17:12:25.617000','2024-04-02 17:12:25.617000',_binary '',201,3),(121,'2024-04-02 17:12:25.619000','2024-04-02 17:12:25.619000',_binary '',201,4),(122,'2024-04-02 17:12:33.642000','2024-04-02 17:12:33.642000',_binary '\0',202,1),(123,'2024-04-02 17:12:33.647000','2024-04-02 17:12:33.647000',_binary '\0',202,2),(124,'2024-04-02 17:12:33.652000','2024-04-02 17:12:33.652000',_binary '',202,3),(125,'2024-04-02 17:12:33.653000','2024-04-02 17:12:33.653000',_binary '',202,4),(126,'2024-04-02 17:12:41.599000','2024-04-02 17:12:41.599000',_binary '\0',203,1),(127,'2024-04-02 17:12:41.607000','2024-04-02 17:12:41.607000',_binary '\0',203,2),(128,'2024-04-02 17:12:41.616000','2024-04-02 17:12:41.616000',_binary '',203,3),(129,'2024-04-02 17:12:41.623000','2024-04-02 17:12:41.623000',_binary '',203,4),(130,'2024-04-02 17:12:49.611000','2024-04-02 17:12:49.611000',_binary '\0',204,1),(131,'2024-04-02 17:12:49.617000','2024-04-02 17:12:49.617000',_binary '\0',204,2),(132,'2024-04-02 17:12:49.621000','2024-04-02 17:12:49.621000',_binary '',204,3),(133,'2024-04-02 17:12:49.623000','2024-04-02 17:12:49.623000',_binary '',204,4),(134,'2024-04-02 17:12:57.585000','2024-04-02 17:12:57.585000',_binary '\0',205,1),(135,'2024-04-02 17:12:57.590000','2024-04-02 17:12:57.590000',_binary '\0',205,2),(136,'2024-04-02 17:12:57.595000','2024-04-02 17:12:57.595000',_binary '',205,3),(137,'2024-04-02 17:12:57.596000','2024-04-02 17:12:57.596000',_binary '',205,4),(138,'2024-04-02 17:13:05.597000','2024-04-02 17:13:05.597000',_binary '\0',206,1),(139,'2024-04-02 17:13:05.625000','2024-04-02 17:13:05.625000',_binary '\0',206,2),(140,'2024-04-02 17:13:05.631000','2024-04-02 17:13:05.631000',_binary '',206,3),(141,'2024-04-02 17:13:05.633000','2024-04-02 17:13:05.633000',_binary '',206,4),(142,'2024-04-02 17:13:13.570000','2024-04-02 17:13:13.570000',_binary '\0',207,1),(143,'2024-04-02 17:13:13.575000','2024-04-02 17:13:13.575000',_binary '\0',207,2),(144,'2024-04-02 17:13:13.579000','2024-04-02 17:13:13.579000',_binary '',207,3),(145,'2024-04-02 17:13:13.580000','2024-04-02 17:13:13.580000',_binary '',207,4),(146,'2024-04-02 17:13:22.435000','2024-04-02 17:13:22.435000',_binary '\0',208,1),(147,'2024-04-02 17:13:22.471000','2024-04-02 17:13:22.471000',_binary '\0',208,2),(148,'2024-04-02 17:13:22.485000','2024-04-02 17:13:22.485000',_binary '',208,3),(149,'2024-04-02 17:13:22.489000','2024-04-02 17:13:22.489000',_binary '',208,4),(150,'2024-04-02 17:13:30.603000','2024-04-02 17:13:30.603000',_binary '\0',209,1),(151,'2024-04-02 17:13:30.608000','2024-04-02 17:13:30.608000',_binary '\0',209,2),(152,'2024-04-02 17:13:30.613000','2024-04-02 17:13:30.613000',_binary '',209,3),(153,'2024-04-02 17:13:30.616000','2024-04-02 17:13:30.616000',_binary '',209,4),(154,'2024-04-02 17:13:44.708000','2024-04-02 17:13:44.708000',_binary '\0',210,1),(155,'2024-04-02 17:13:44.717000','2024-04-02 17:13:44.717000',_binary '\0',210,2),(156,'2024-04-02 17:13:44.734000','2024-04-02 17:13:44.734000',_binary '',210,3),(157,'2024-04-02 17:13:44.740000','2024-04-02 17:13:44.740000',_binary '',210,4),(158,'2024-04-02 17:14:44.624000','2024-04-02 17:14:44.624000',_binary '\0',211,1),(159,'2024-04-02 17:14:44.642000','2024-04-02 17:14:44.642000',_binary '\0',211,2),(160,'2024-04-02 17:14:44.653000','2024-04-02 17:14:44.653000',_binary '',211,3),(161,'2024-04-02 17:14:44.654000','2024-04-02 17:14:44.654000',_binary '',211,4),(162,'2024-04-02 17:15:44.603000','2024-04-02 17:15:44.603000',_binary '\0',212,1),(163,'2024-04-02 17:15:44.607000','2024-04-02 17:15:44.607000',_binary '\0',212,2),(164,'2024-04-02 17:15:44.612000','2024-04-02 17:15:44.612000',_binary '',212,3),(165,'2024-04-02 17:15:44.614000','2024-04-02 17:15:44.614000',_binary '',212,4),(166,'2024-04-02 17:16:44.650000','2024-04-02 17:16:44.650000',_binary '\0',213,1),(167,'2024-04-02 17:16:44.661000','2024-04-02 17:16:44.661000',_binary '\0',213,2),(168,'2024-04-02 17:16:44.672000','2024-04-02 17:16:44.672000',_binary '',213,3),(169,'2024-04-02 17:16:44.674000','2024-04-02 17:16:44.674000',_binary '',213,4),(170,'2024-04-02 17:17:44.615000','2024-04-02 17:17:44.615000',_binary '\0',214,1),(171,'2024-04-02 17:17:44.620000','2024-04-02 17:17:44.620000',_binary '\0',214,2),(172,'2024-04-02 17:17:44.623000','2024-04-02 17:17:44.623000',_binary '',214,3),(173,'2024-04-02 17:17:44.625000','2024-04-02 17:17:44.625000',_binary '',214,4),(174,'2024-04-02 17:18:44.618000','2024-04-02 17:18:44.618000',_binary '\0',215,1),(175,'2024-04-02 17:18:44.622000','2024-04-02 17:18:44.622000',_binary '\0',215,2),(176,'2024-04-02 17:18:44.624000','2024-04-02 17:18:44.624000',_binary '',215,3),(177,'2024-04-02 17:18:44.627000','2024-04-02 17:18:44.627000',_binary '',215,4),(178,'2024-04-02 17:19:09.873000','2024-04-02 17:19:09.873000',_binary '\0',216,1),(179,'2024-04-02 17:19:09.878000','2024-04-02 17:19:09.878000',_binary '\0',216,2),(180,'2024-04-02 17:19:09.883000','2024-04-02 17:19:09.883000',_binary '',216,3),(181,'2024-04-02 17:19:09.886000','2024-04-02 17:19:09.886000',_binary '',216,4),(182,'2024-04-02 17:19:17.590000','2024-04-02 17:19:17.590000',_binary '\0',217,1),(183,'2024-04-02 17:19:17.604000','2024-04-02 17:19:17.604000',_binary '\0',217,2),(184,'2024-04-02 17:19:17.609000','2024-04-02 17:19:17.609000',_binary '',217,3),(185,'2024-04-02 17:19:17.611000','2024-04-02 17:19:17.611000',_binary '',217,4),(186,'2024-04-02 17:19:25.636000','2024-04-02 17:19:25.636000',_binary '\0',218,1),(187,'2024-04-02 17:19:25.641000','2024-04-02 17:19:25.641000',_binary '\0',218,2),(188,'2024-04-02 17:19:25.645000','2024-04-02 17:19:25.645000',_binary '',218,3),(189,'2024-04-02 17:19:25.646000','2024-04-02 17:19:25.646000',_binary '',218,4),(190,'2024-04-02 17:19:33.627000','2024-04-02 17:19:33.627000',_binary '\0',219,1),(191,'2024-04-02 17:19:33.634000','2024-04-02 17:19:33.634000',_binary '\0',219,2),(192,'2024-04-02 17:19:33.638000','2024-04-02 17:19:33.638000',_binary '',219,3),(193,'2024-04-02 17:19:33.639000','2024-04-02 17:19:33.639000',_binary '',219,4),(194,'2024-04-02 17:19:41.609000','2024-04-02 17:19:41.609000',_binary '\0',220,1),(195,'2024-04-02 17:19:41.616000','2024-04-02 17:19:41.616000',_binary '\0',220,2),(196,'2024-04-02 17:19:41.622000','2024-04-02 17:19:41.622000',_binary '',220,3),(197,'2024-04-02 17:19:41.623000','2024-04-02 17:19:41.623000',_binary '',220,4),(198,'2024-04-02 17:19:49.590000','2024-04-02 17:19:49.590000',_binary '\0',221,1),(199,'2024-04-02 17:19:49.599000','2024-04-02 17:19:49.599000',_binary '\0',221,2),(200,'2024-04-02 17:19:49.604000','2024-04-02 17:19:49.604000',_binary '',221,3),(201,'2024-04-02 17:19:49.605000','2024-04-02 17:19:49.605000',_binary '',221,4),(202,'2024-04-02 17:19:57.619000','2024-04-02 17:19:57.619000',_binary '\0',222,1),(203,'2024-04-02 17:19:57.625000','2024-04-02 17:19:57.625000',_binary '\0',222,2),(204,'2024-04-02 17:19:57.631000','2024-04-02 17:19:57.631000',_binary '',222,3),(205,'2024-04-02 17:19:57.634000','2024-04-02 17:19:57.634000',_binary '',222,4),(206,'2024-04-02 17:20:05.608000','2024-04-02 17:20:05.608000',_binary '\0',223,1),(207,'2024-04-02 17:20:05.619000','2024-04-02 17:20:05.619000',_binary '\0',223,2),(208,'2024-04-02 17:20:05.626000','2024-04-02 17:20:05.626000',_binary '',223,3),(209,'2024-04-02 17:20:05.631000','2024-04-02 17:20:05.631000',_binary '',223,4),(210,'2024-04-02 17:20:44.624000','2024-04-02 17:20:44.624000',_binary '\0',224,1),(211,'2024-04-02 17:20:44.631000','2024-04-02 17:20:44.631000',_binary '\0',224,2),(212,'2024-04-02 17:20:44.636000','2024-04-02 17:20:44.636000',_binary '',224,3),(213,'2024-04-02 17:20:44.637000','2024-04-02 17:20:44.637000',_binary '',224,4),(214,'2024-04-02 17:21:44.599000','2024-04-02 17:21:44.599000',_binary '\0',225,1),(215,'2024-04-02 17:21:44.609000','2024-04-02 17:21:44.609000',_binary '\0',225,2),(216,'2024-04-02 17:21:44.615000','2024-04-02 17:21:44.615000',_binary '',225,3),(217,'2024-04-02 17:21:44.617000','2024-04-02 17:21:44.617000',_binary '',225,4),(218,'2024-04-02 17:22:44.589000','2024-04-02 17:22:44.589000',_binary '\0',226,1),(219,'2024-04-02 17:22:44.595000','2024-04-02 17:22:44.595000',_binary '\0',226,2),(220,'2024-04-02 17:22:44.599000','2024-04-02 17:22:44.599000',_binary '',226,3),(221,'2024-04-02 17:22:44.600000','2024-04-02 17:22:44.600000',_binary '',226,4),(222,'2024-04-02 17:23:44.602000','2024-04-02 17:23:44.602000',_binary '\0',227,1),(223,'2024-04-02 17:23:44.606000','2024-04-02 17:23:44.606000',_binary '\0',227,2),(224,'2024-04-02 17:23:44.621000','2024-04-02 17:23:44.621000',_binary '',227,3),(225,'2024-04-02 17:23:44.624000','2024-04-02 17:23:44.624000',_binary '',227,4),(226,'2024-04-02 17:24:44.604000','2024-04-02 17:24:44.604000',_binary '\0',228,1),(227,'2024-04-02 17:24:44.610000','2024-04-02 17:24:44.610000',_binary '\0',228,2),(228,'2024-04-02 17:24:44.621000','2024-04-02 17:24:44.621000',_binary '',228,3),(229,'2024-04-02 17:24:44.625000','2024-04-02 17:24:44.625000',_binary '',228,4),(230,'2024-04-02 17:25:44.597000','2024-04-02 17:25:44.597000',_binary '\0',229,1),(231,'2024-04-02 17:25:44.603000','2024-04-02 17:25:44.603000',_binary '\0',229,2),(232,'2024-04-02 17:25:44.606000','2024-04-02 17:25:44.606000',_binary '',229,3),(233,'2024-04-02 17:25:44.607000','2024-04-02 17:25:44.607000',_binary '',229,4),(234,'2024-04-02 17:26:44.570000','2024-04-02 17:26:44.570000',_binary '\0',230,1),(235,'2024-04-02 17:26:44.572000','2024-04-02 17:26:44.572000',_binary '\0',230,2),(236,'2024-04-02 17:26:44.576000','2024-04-02 17:26:44.576000',_binary '',230,3),(237,'2024-04-02 17:26:44.577000','2024-04-02 17:26:44.577000',_binary '',230,4),(238,'2024-04-02 17:27:44.614000','2024-04-02 17:27:44.614000',_binary '\0',231,1),(239,'2024-04-02 17:27:44.618000','2024-04-02 17:27:44.618000',_binary '\0',231,2),(240,'2024-04-02 17:27:44.622000','2024-04-02 17:27:44.622000',_binary '',231,3),(241,'2024-04-02 17:27:44.623000','2024-04-02 17:27:44.623000',_binary '',231,4),(242,'2024-04-02 17:28:44.652000','2024-04-02 17:28:44.652000',_binary '\0',232,1),(243,'2024-04-02 17:28:44.656000','2024-04-02 17:28:44.656000',_binary '\0',232,2),(244,'2024-04-02 17:28:44.659000','2024-04-02 17:28:44.659000',_binary '',232,3),(245,'2024-04-02 17:28:44.661000','2024-04-02 17:28:44.661000',_binary '',232,4),(246,'2024-04-02 17:29:44.608000','2024-04-02 17:29:44.608000',_binary '\0',233,1),(247,'2024-04-02 17:29:44.616000','2024-04-02 17:29:44.616000',_binary '\0',233,2),(248,'2024-04-02 17:29:44.623000','2024-04-02 17:29:44.623000',_binary '',233,3),(249,'2024-04-02 17:29:44.626000','2024-04-02 17:29:44.626000',_binary '',233,4),(250,'2024-04-02 17:30:44.610000','2024-04-02 17:30:44.610000',_binary '\0',234,1),(251,'2024-04-02 17:30:44.613000','2024-04-02 17:30:44.613000',_binary '\0',234,2),(252,'2024-04-02 17:30:44.616000','2024-04-02 17:30:44.616000',_binary '',234,3),(253,'2024-04-02 17:30:44.617000','2024-04-02 17:30:44.617000',_binary '',234,4),(254,'2024-04-02 17:31:44.604000','2024-04-02 17:31:44.604000',_binary '\0',235,1),(255,'2024-04-02 17:31:44.609000','2024-04-02 17:31:44.609000',_binary '\0',235,2),(256,'2024-04-02 17:31:44.622000','2024-04-02 17:31:44.622000',_binary '',235,3),(257,'2024-04-02 17:31:44.625000','2024-04-02 17:31:44.625000',_binary '',235,4),(258,'2024-04-02 17:32:44.667000','2024-04-02 17:32:44.667000',_binary '\0',236,1),(259,'2024-04-02 17:32:44.672000','2024-04-02 17:32:44.672000',_binary '\0',236,2),(260,'2024-04-02 17:32:44.676000','2024-04-02 17:32:44.676000',_binary '',236,3),(261,'2024-04-02 17:32:44.678000','2024-04-02 17:32:44.678000',_binary '',236,4),(262,'2024-04-02 17:33:45.494000','2024-04-02 17:33:45.494000',_binary '\0',237,1),(263,'2024-04-02 17:33:45.504000','2024-04-02 17:33:45.504000',_binary '\0',237,2),(264,'2024-04-02 17:33:45.513000','2024-04-02 17:33:45.513000',_binary '',237,3),(265,'2024-04-02 17:33:45.518000','2024-04-02 17:33:45.518000',_binary '',237,4),(266,'2024-04-02 17:33:53.601000','2024-04-02 17:33:53.601000',_binary '\0',238,1),(267,'2024-04-02 17:33:53.609000','2024-04-02 17:33:53.609000',_binary '\0',238,2),(268,'2024-04-02 17:33:53.614000','2024-04-02 17:33:53.614000',_binary '',238,3),(269,'2024-04-02 17:33:53.616000','2024-04-02 17:33:53.616000',_binary '',238,4),(270,'2024-04-02 17:34:44.671000','2024-04-02 17:34:44.671000',_binary '\0',239,1),(271,'2024-04-02 17:34:44.677000','2024-04-02 17:34:44.677000',_binary '\0',239,2),(272,'2024-04-02 17:34:44.683000','2024-04-02 17:34:44.683000',_binary '',239,3),(273,'2024-04-02 17:34:44.684000','2024-04-02 17:34:44.684000',_binary '',239,4),(274,'2024-04-02 17:35:44.606000','2024-04-02 17:35:44.606000',_binary '\0',240,1),(275,'2024-04-02 17:35:44.611000','2024-04-02 17:35:44.611000',_binary '\0',240,2),(276,'2024-04-02 17:35:44.615000','2024-04-02 17:35:44.615000',_binary '',240,3),(277,'2024-04-02 17:35:44.616000','2024-04-02 17:35:44.616000',_binary '',240,4),(278,'2024-04-02 17:36:44.592000','2024-04-02 17:36:44.592000',_binary '\0',241,1),(279,'2024-04-02 17:36:44.598000','2024-04-02 17:36:44.598000',_binary '\0',241,2),(280,'2024-04-02 17:36:44.604000','2024-04-02 17:36:44.604000',_binary '',241,3),(281,'2024-04-02 17:36:44.606000','2024-04-02 17:36:44.606000',_binary '',241,4),(282,'2024-04-02 17:37:44.606000','2024-04-02 17:37:44.606000',_binary '\0',242,1),(283,'2024-04-02 17:37:44.612000','2024-04-02 17:37:44.612000',_binary '\0',242,2),(284,'2024-04-02 17:37:44.617000','2024-04-02 17:37:44.617000',_binary '',242,3),(285,'2024-04-02 17:37:44.619000','2024-04-02 17:37:44.619000',_binary '',242,4),(286,'2024-04-02 17:42:06.829000','2024-04-02 17:42:06.829000',_binary '\0',243,1),(287,'2024-04-02 17:42:06.838000','2024-04-02 17:42:06.838000',_binary '\0',243,2),(288,'2024-04-02 17:42:06.845000','2024-04-02 17:42:06.845000',_binary '',243,3),(289,'2024-04-02 17:42:06.857000','2024-04-02 17:42:06.857000',_binary '',243,4),(290,'2024-04-02 17:43:06.822000','2024-04-02 17:43:06.822000',_binary '\0',244,1),(291,'2024-04-02 17:43:06.828000','2024-04-02 17:43:06.828000',_binary '\0',244,2),(292,'2024-04-02 17:43:06.834000','2024-04-02 17:43:06.834000',_binary '',244,3),(293,'2024-04-02 17:43:06.836000','2024-04-02 17:43:06.836000',_binary '',244,4),(294,'2024-04-02 17:44:06.802000','2024-04-02 17:44:06.802000',_binary '\0',245,1),(295,'2024-04-02 17:44:06.809000','2024-04-02 17:44:06.809000',_binary '\0',245,2),(296,'2024-04-02 17:44:06.816000','2024-04-02 17:44:06.816000',_binary '',245,3),(297,'2024-04-02 17:44:06.817000','2024-04-02 17:44:06.817000',_binary '',245,4),(298,'2024-04-02 17:45:06.969000','2024-04-02 17:45:06.969000',_binary '\0',246,1),(299,'2024-04-02 17:45:06.978000','2024-04-02 17:45:06.978000',_binary '\0',246,2),(300,'2024-04-02 17:45:06.987000','2024-04-02 17:45:06.987000',_binary '',246,3),(301,'2024-04-02 17:45:06.989000','2024-04-02 17:45:06.989000',_binary '',246,4),(302,'2024-04-02 17:46:08.686000','2024-04-02 17:46:08.686000',_binary '\0',247,1),(303,'2024-04-02 17:46:08.791000','2024-04-02 17:46:08.791000',_binary '\0',247,2),(304,'2024-04-02 17:46:08.796000','2024-04-02 17:46:08.796000',_binary '',247,3),(305,'2024-04-02 17:46:08.797000','2024-04-02 17:46:08.797000',_binary '',247,4),(306,'2024-04-02 17:47:06.825000','2024-04-02 17:47:06.825000',_binary '\0',248,1),(307,'2024-04-02 17:47:06.832000','2024-04-02 17:47:06.832000',_binary '\0',248,2),(308,'2024-04-02 17:47:06.837000','2024-04-02 17:47:06.837000',_binary '',248,3),(309,'2024-04-02 17:47:06.838000','2024-04-02 17:47:06.838000',_binary '',248,4),(310,'2024-04-02 17:48:06.805000','2024-04-02 17:48:06.805000',_binary '\0',249,1),(311,'2024-04-02 17:48:06.810000','2024-04-02 17:48:06.810000',_binary '\0',249,2),(312,'2024-04-02 17:48:06.817000','2024-04-02 17:48:06.817000',_binary '',249,3),(313,'2024-04-02 17:48:06.818000','2024-04-02 17:48:06.818000',_binary '',249,4),(314,'2024-04-02 17:49:07.053000','2024-04-02 17:49:07.053000',_binary '\0',250,1),(315,'2024-04-02 17:49:07.072000','2024-04-02 17:49:07.072000',_binary '\0',250,2),(316,'2024-04-02 17:49:07.076000','2024-04-02 17:49:07.076000',_binary '',250,3),(317,'2024-04-02 17:49:07.077000','2024-04-02 17:49:07.077000',_binary '',250,4),(318,'2024-04-02 17:50:06.820000','2024-04-02 17:50:06.820000',_binary '\0',251,1),(319,'2024-04-02 17:50:06.823000','2024-04-02 17:50:06.823000',_binary '\0',251,2),(320,'2024-04-02 17:50:06.825000','2024-04-02 17:50:06.825000',_binary '',251,3),(321,'2024-04-02 17:50:06.826000','2024-04-02 17:50:06.826000',_binary '',251,4),(322,'2024-04-02 17:53:27.459000','2024-04-02 17:53:27.459000',_binary '\0',252,1),(323,'2024-04-02 17:53:27.465000','2024-04-02 17:53:27.465000',_binary '\0',252,2),(324,'2024-04-02 17:53:27.466000','2024-04-02 17:53:27.466000',_binary '',252,3),(325,'2024-04-02 17:53:27.468000','2024-04-02 17:53:27.468000',_binary '',252,4),(326,'2024-04-02 18:09:12.535000','2024-04-02 18:09:12.535000',_binary '\0',254,1),(327,'2024-04-02 18:09:12.542000','2024-04-02 18:09:12.542000',_binary '\0',254,2),(328,'2024-04-02 18:09:12.543000','2024-04-02 18:09:12.543000',_binary '',254,3),(329,'2024-04-02 18:09:21.024000','2024-04-02 18:09:21.024000',_binary '\0',255,1),(330,'2024-04-02 18:09:21.029000','2024-04-02 18:09:21.029000',_binary '\0',255,2),(331,'2024-04-02 18:09:21.030000','2024-04-02 18:09:21.030000',_binary '',255,3),(332,'2024-04-02 18:09:29.344000','2024-04-02 18:09:29.344000',_binary '\0',256,1),(333,'2024-04-02 18:09:29.359000','2024-04-02 18:09:29.359000',_binary '\0',256,2),(334,'2024-04-02 18:09:29.363000','2024-04-02 18:09:29.363000',_binary '',256,3),(335,'2024-04-02 18:09:37.060000','2024-04-02 18:09:37.060000',_binary '\0',257,1),(336,'2024-04-02 18:09:37.091000','2024-04-02 18:09:37.091000',_binary '\0',257,2),(337,'2024-04-02 18:09:37.094000','2024-04-02 18:09:37.094000',_binary '',257,3),(338,'2024-04-02 18:09:45.015000','2024-04-02 18:09:45.015000',_binary '\0',258,1),(339,'2024-04-02 18:09:45.017000','2024-04-02 18:09:45.017000',_binary '\0',258,2),(340,'2024-04-02 18:09:45.019000','2024-04-02 18:09:45.019000',_binary '',258,3),(341,'2024-04-02 18:09:52.984000','2024-04-02 18:09:52.984000',_binary '\0',259,1),(342,'2024-04-02 18:09:52.985000','2024-04-02 18:09:52.985000',_binary '\0',259,2),(343,'2024-04-02 18:09:52.986000','2024-04-02 18:09:52.986000',_binary '',259,3),(344,'2024-04-02 18:10:01.044000','2024-04-02 18:10:01.044000',_binary '\0',260,1),(345,'2024-04-02 18:10:01.062000','2024-04-02 18:10:01.062000',_binary '\0',260,2),(346,'2024-04-02 18:10:01.068000','2024-04-02 18:10:01.068000',_binary '',260,3),(347,'2024-04-02 18:10:08.998000','2024-04-02 18:10:08.998000',_binary '\0',261,1),(348,'2024-04-02 18:10:09.001000','2024-04-02 18:10:09.001000',_binary '\0',261,2),(349,'2024-04-02 18:10:09.002000','2024-04-02 18:10:09.002000',_binary '',261,3),(350,'2024-04-02 18:10:17.063000','2024-04-02 18:10:17.063000',_binary '\0',262,1),(351,'2024-04-02 18:10:17.078000','2024-04-02 18:10:17.078000',_binary '\0',262,2),(352,'2024-04-02 18:10:17.081000','2024-04-02 18:10:17.081000',_binary '',262,3),(353,'2024-04-02 18:10:40.107000','2024-04-02 18:10:40.107000',_binary '\0',263,1),(354,'2024-04-02 18:10:40.109000','2024-04-02 18:10:40.109000',_binary '\0',263,2),(355,'2024-04-02 18:10:40.110000','2024-04-02 18:10:40.110000',_binary '',263,3),(356,'2024-04-02 18:11:04.696000','2024-04-02 18:11:04.696000',_binary '\0',264,1),(357,'2024-04-02 18:11:04.708000','2024-04-02 18:11:04.708000',_binary '\0',264,2),(358,'2024-04-02 18:11:04.710000','2024-04-02 18:11:04.710000',_binary '',264,3),(359,'2024-04-02 18:11:13.029000','2024-04-02 18:11:13.029000',_binary '\0',265,1),(360,'2024-04-02 18:11:13.032000','2024-04-02 18:11:13.032000',_binary '\0',265,2),(361,'2024-04-02 18:11:13.034000','2024-04-02 18:11:13.034000',_binary '',265,3),(362,'2024-04-02 18:11:20.981000','2024-04-02 18:11:20.981000',_binary '\0',266,1),(363,'2024-04-02 18:11:20.983000','2024-04-02 18:11:20.983000',_binary '\0',266,2),(364,'2024-04-02 18:11:20.988000','2024-04-02 18:11:20.988000',_binary '',266,3),(365,'2024-04-02 18:11:29.032000','2024-04-02 18:11:29.032000',_binary '\0',267,1),(366,'2024-04-02 18:11:29.037000','2024-04-02 18:11:29.037000',_binary '\0',267,2),(367,'2024-04-02 18:11:29.039000','2024-04-02 18:11:29.039000',_binary '',267,3),(368,'2024-04-02 18:11:37.021000','2024-04-02 18:11:37.021000',_binary '\0',268,1),(369,'2024-04-02 18:11:37.023000','2024-04-02 18:11:37.023000',_binary '\0',268,2),(370,'2024-04-02 18:11:37.025000','2024-04-02 18:11:37.025000',_binary '',268,3),(371,'2024-04-02 18:11:44.979000','2024-04-02 18:11:44.979000',_binary '\0',269,1),(372,'2024-04-02 18:11:44.980000','2024-04-02 18:11:44.980000',_binary '\0',269,2),(373,'2024-04-02 18:11:44.981000','2024-04-02 18:11:44.981000',_binary '',269,3),(374,'2024-04-02 18:11:53.010000','2024-04-02 18:11:53.010000',_binary '\0',270,1),(375,'2024-04-02 18:11:53.012000','2024-04-02 18:11:53.012000',_binary '\0',270,2),(376,'2024-04-02 18:11:53.025000','2024-04-02 18:11:53.025000',_binary '',270,3),(377,'2024-04-02 18:12:00.984000','2024-04-02 18:12:00.984000',_binary '\0',271,1),(378,'2024-04-02 18:12:00.986000','2024-04-02 18:12:00.986000',_binary '\0',271,2),(379,'2024-04-02 18:12:00.987000','2024-04-02 18:12:00.987000',_binary '',271,3),(380,'2024-04-02 18:12:40.279000','2024-04-02 18:12:40.279000',_binary '\0',272,1),(381,'2024-04-02 18:12:40.301000','2024-04-02 18:12:40.301000',_binary '\0',272,2),(382,'2024-04-02 18:12:40.305000','2024-04-02 18:12:40.305000',_binary '',272,3),(383,'2024-04-02 18:13:40.263000','2024-04-02 18:13:40.263000',_binary '\0',273,1),(384,'2024-04-02 18:13:40.269000','2024-04-02 18:13:40.269000',_binary '\0',273,2),(385,'2024-04-02 18:13:40.270000','2024-04-02 18:13:40.270000',_binary '',273,3),(386,'2024-04-02 18:59:00.584000','2024-04-02 18:59:00.584000',_binary '\0',274,1),(387,'2024-04-02 18:59:00.594000','2024-04-02 18:59:00.594000',_binary '\0',274,2),(388,'2024-04-02 18:59:00.596000','2024-04-02 18:59:00.596000',_binary '',274,3),(389,'2024-04-02 18:59:00.602000','2024-04-02 18:59:00.602000',_binary '',274,4),(390,'2024-04-02 18:59:00.604000','2024-04-02 18:59:00.604000',_binary '\0',274,6),(391,'2024-04-03 01:07:09.698000','2024-04-03 01:07:09.698000',_binary '',275,1),(392,'2024-04-03 01:07:09.714000','2024-04-03 01:07:09.714000',_binary '\0',275,2),(393,'2024-04-03 01:07:09.717000','2024-04-03 01:07:09.717000',_binary '',275,3),(394,'2024-04-03 01:07:09.719000','2024-04-03 01:07:09.719000',_binary '',275,4),(395,'2024-04-03 01:07:09.720000','2024-04-03 01:07:09.720000',_binary '\0',275,6),(396,'2024-04-03 01:10:30.666000','2024-04-03 01:10:30.666000',_binary '\0',276,1),(397,'2024-04-03 01:10:30.674000','2024-04-03 01:10:30.674000',_binary '\0',276,2),(398,'2024-04-03 01:10:30.676000','2024-04-03 01:10:30.676000',_binary '',276,3),(399,'2024-04-03 01:10:30.678000','2024-04-03 01:10:30.678000',_binary '',276,4),(400,'2024-04-03 01:10:30.678000','2024-04-03 01:10:30.678000',_binary '',276,6),(401,'2024-04-03 03:05:31.612000','2024-04-03 03:05:31.612000',_binary '',283,1),(402,'2024-04-03 03:29:36.190000','2024-04-03 03:29:36.190000',_binary '\0',286,1),(403,'2024-04-03 03:29:36.200000','2024-04-03 03:29:36.200000',_binary '',286,2),(404,'2024-04-03 03:29:36.204000','2024-04-03 03:29:36.204000',_binary '',286,3),(405,'2024-04-03 03:29:36.208000','2024-04-03 03:29:36.208000',_binary '',286,4),(406,'2024-04-03 03:29:36.213000','2024-04-03 03:29:36.213000',_binary '',286,6),(407,'2024-04-03 03:34:04.948000','2024-04-03 03:34:04.948000',_binary '',287,1),(408,'2024-04-03 03:34:04.956000','2024-04-03 03:34:04.956000',_binary '',287,2),(409,'2024-04-03 03:34:04.958000','2024-04-03 03:34:04.958000',_binary '',287,3),(410,'2024-04-03 03:34:04.961000','2024-04-03 03:34:04.961000',_binary '\0',287,4),(411,'2024-04-03 03:34:04.964000','2024-04-03 03:34:04.964000',_binary '',287,6),(412,'2024-04-03 03:35:40.269000','2024-04-03 03:35:40.269000',_binary '\0',288,1),(413,'2024-04-03 03:35:40.274000','2024-04-03 03:35:40.274000',_binary '\0',288,2),(414,'2024-04-03 03:35:40.285000','2024-04-03 03:35:40.285000',_binary '',288,3),(415,'2024-04-03 03:35:40.287000','2024-04-03 03:35:40.287000',_binary '\0',288,4),(416,'2024-04-03 03:59:09.850000','2024-04-03 03:59:09.850000',_binary '',289,1),(417,'2024-04-03 03:59:09.869000','2024-04-03 03:59:09.869000',_binary '',289,2),(418,'2024-04-03 04:00:54.483000','2024-04-03 04:00:54.483000',_binary '',290,1),(419,'2024-04-03 04:00:54.491000','2024-04-03 04:00:54.491000',_binary '',290,2),(420,'2024-04-03 04:00:54.495000','2024-04-03 04:00:54.495000',_binary '',290,3),(421,'2024-04-03 04:00:54.497000','2024-04-03 04:00:54.497000',_binary '',290,4),(422,'2024-04-03 04:05:35.125000','2024-04-03 04:05:35.125000',_binary '',291,1),(423,'2024-04-03 04:05:35.316000','2024-04-03 04:05:35.316000',_binary '',291,2),(424,'2024-04-03 04:05:35.320000','2024-04-03 04:05:35.320000',_binary '',291,3),(425,'2024-04-03 04:05:35.324000','2024-04-03 04:05:35.324000',_binary '',291,4),(426,'2024-04-03 04:05:35.337000','2024-04-03 04:05:35.337000',_binary '',291,6),(427,'2024-04-03 11:16:42.774000','2024-04-03 11:16:42.774000',_binary '',299,1),(428,'2024-04-03 11:16:42.805000','2024-04-03 11:16:42.805000',_binary '',299,2),(429,'2024-04-03 11:16:42.807000','2024-04-03 11:16:42.807000',_binary '',299,3),(430,'2024-04-03 11:16:48.256000','2024-04-03 11:16:48.256000',_binary '\0',300,1),(431,'2024-04-03 11:16:48.258000','2024-04-03 11:16:48.258000',_binary '',300,2),(432,'2024-04-03 11:16:48.259000','2024-04-03 11:16:48.259000',_binary '',300,3),(433,'2024-04-03 11:16:48.261000','2024-04-03 11:16:48.261000',_binary '',300,4),(434,'2024-04-03 11:16:48.263000','2024-04-03 11:16:48.263000',_binary '',300,6),(435,'2024-04-08 14:45:35.590000','2024-04-08 14:45:35.590000',_binary '\0',307,1),(436,'2024-04-08 14:45:35.827000','2024-04-08 14:45:35.827000',_binary '\0',307,2),(437,'2024-04-08 14:45:35.831000','2024-04-08 14:45:35.831000',_binary '',307,3),(438,'2024-04-08 14:45:35.834000','2024-04-08 14:45:35.834000',_binary '',307,4),(439,'2024-04-08 14:45:35.837000','2024-04-08 14:45:35.837000',_binary '\0',307,6),(440,'2024-04-08 17:15:12.651000','2024-04-08 17:15:12.651000',_binary '',309,1),(441,'2024-04-08 17:15:12.661000','2024-04-08 17:15:12.661000',_binary '\0',309,2),(442,'2024-04-08 17:15:12.662000','2024-04-08 17:15:12.662000',_binary '\0',309,3),(443,'2024-04-08 17:15:12.664000','2024-04-08 17:15:12.664000',_binary '',309,4),(444,'2024-04-08 17:15:12.665000','2024-04-08 17:15:12.665000',_binary '',309,6),(445,'2024-04-08 17:15:16.153000','2024-04-08 17:15:16.153000',_binary '\0',310,1),(446,'2024-04-08 17:15:16.159000','2024-04-08 17:15:16.159000',_binary '\0',310,2),(447,'2024-04-08 17:15:16.161000','2024-04-08 17:15:16.161000',_binary '',310,3),(448,'2024-04-08 17:15:16.162000','2024-04-08 17:15:16.162000',_binary '',310,4),(449,'2024-04-08 17:15:16.164000','2024-04-08 17:15:16.164000',_binary '\0',310,6),(450,'2024-04-08 22:36:55.926000','2024-04-08 22:36:55.926000',_binary '',317,1),(451,'2024-04-08 22:36:55.940000','2024-04-08 22:36:55.940000',_binary '\0',317,2),(452,'2024-04-08 22:36:55.942000','2024-04-08 22:36:55.942000',_binary '',317,3),(453,'2024-04-08 22:36:55.943000','2024-04-08 22:36:55.943000',_binary '',317,4),(454,'2024-04-08 22:36:55.944000','2024-04-08 22:36:55.944000',_binary '\0',317,6),(455,'2024-04-08 22:36:58.447000','2024-04-08 22:36:58.447000',_binary '\0',318,1),(456,'2024-04-08 22:36:58.456000','2024-04-08 22:36:58.456000',_binary '\0',318,2),(457,'2024-04-08 22:36:58.461000','2024-04-08 22:36:58.461000',_binary '\0',318,3),(458,'2024-04-08 22:36:58.466000','2024-04-08 22:36:58.466000',_binary '',318,4),(459,'2024-04-08 22:36:58.471000','2024-04-08 22:36:58.471000',_binary '',318,6),(460,'2024-04-09 10:04:14.718000','2024-04-09 10:04:14.718000',_binary '',319,1),(461,'2024-04-09 10:04:14.730000','2024-04-09 10:04:14.730000',_binary '',319,2),(462,'2024-04-09 10:04:14.732000','2024-04-09 10:04:14.732000',_binary '\0',319,3),(463,'2024-04-09 10:04:14.734000','2024-04-09 10:04:14.734000',_binary '',319,4),(464,'2024-04-09 10:04:14.735000','2024-04-09 10:04:14.735000',_binary '',319,6),(465,'2024-04-09 11:19:33.408000','2024-04-09 11:19:33.408000',_binary '',320,1),(466,'2024-04-09 11:19:33.418000','2024-04-09 11:19:33.418000',_binary '',320,2),(467,'2024-04-09 11:19:33.420000','2024-04-09 11:19:33.420000',_binary '',320,3),(468,'2024-04-09 11:19:33.421000','2024-04-09 11:19:33.421000',_binary '',320,4),(469,'2024-04-09 11:19:33.422000','2024-04-09 11:19:33.422000',_binary '',320,6),(470,'2024-04-09 11:26:49.281000','2024-04-09 11:26:49.281000',_binary '',321,1),(471,'2024-04-09 11:26:49.290000','2024-04-09 11:26:49.290000',_binary '',321,2),(472,'2024-04-09 11:26:49.292000','2024-04-09 11:26:49.292000',_binary '\0',321,3),(473,'2024-04-09 11:26:49.294000','2024-04-09 11:26:49.294000',_binary '',321,4),(474,'2024-04-09 11:26:49.296000','2024-04-09 11:26:49.296000',_binary '',321,6),(475,'2024-04-09 11:26:53.773000','2024-04-09 11:26:53.773000',_binary '',322,4),(476,'2024-04-09 11:26:53.783000','2024-04-09 11:26:53.783000',_binary '',322,6),(477,'2024-04-09 11:43:46.504000','2024-04-09 11:43:46.504000',_binary '',323,1),(478,'2024-04-09 11:43:46.507000','2024-04-09 11:43:46.507000',_binary '',323,2),(479,'2024-04-09 11:43:46.509000','2024-04-09 11:43:46.509000',_binary '\0',323,3),(480,'2024-04-09 11:43:46.510000','2024-04-09 11:43:46.510000',_binary '',323,4),(481,'2024-04-09 11:43:46.511000','2024-04-09 11:43:46.511000',_binary '',323,6),(482,'2024-04-09 11:43:50.949000','2024-04-09 11:43:50.949000',_binary '',324,6),(483,'2024-04-09 11:49:42.799000','2024-04-09 11:49:42.799000',_binary '',325,1),(484,'2024-04-09 11:49:42.807000','2024-04-09 11:49:42.807000',_binary '',325,2),(485,'2024-04-09 11:49:42.812000','2024-04-09 11:49:42.812000',_binary '',325,3),(486,'2024-04-09 11:49:42.813000','2024-04-09 11:49:42.813000',_binary '',325,4),(487,'2024-04-09 11:49:42.815000','2024-04-09 11:49:42.815000',_binary '',325,6),(488,'2024-04-09 11:58:46.468000','2024-04-09 11:58:46.468000',_binary '',327,1),(489,'2024-04-09 11:58:46.473000','2024-04-09 11:58:46.473000',_binary '',327,2),(490,'2024-04-09 11:58:46.476000','2024-04-09 11:58:46.476000',_binary '\0',327,3),(491,'2024-04-09 11:58:46.479000','2024-04-09 11:58:46.479000',_binary '',327,4),(492,'2024-04-09 11:58:46.481000','2024-04-09 11:58:46.481000',_binary '',327,6),(493,'2024-04-09 11:58:46.486000','2024-04-09 11:58:46.486000',_binary '',327,19),(494,'2024-04-09 12:09:05.579000','2024-04-09 12:09:05.579000',_binary '',329,1),(495,'2024-04-09 12:09:05.586000','2024-04-09 12:09:05.586000',_binary '',329,2),(496,'2024-04-09 12:09:05.588000','2024-04-09 12:09:05.588000',_binary '',329,3),(497,'2024-04-09 12:09:05.591000','2024-04-09 12:09:05.591000',_binary '',329,4),(498,'2024-04-09 12:09:05.592000','2024-04-09 12:09:05.592000',_binary '',329,6),(499,'2024-04-09 12:09:05.607000','2024-04-09 12:09:05.607000',_binary '',329,19),(500,'2024-04-09 12:09:05.609000','2024-04-09 12:09:05.609000',_binary '',329,21),(501,'2024-04-09 12:09:05.626000','2024-04-09 12:09:05.626000',_binary '',329,32),(502,'2024-04-09 12:11:34.446000','2024-04-09 12:11:34.446000',_binary '',330,1),(503,'2024-04-09 12:11:34.451000','2024-04-09 12:11:34.451000',_binary '',330,2),(504,'2024-04-09 12:11:34.452000','2024-04-09 12:11:34.452000',_binary '\0',330,3),(505,'2024-04-09 12:11:34.453000','2024-04-09 12:11:34.453000',_binary '',330,4),(506,'2024-04-09 12:11:34.454000','2024-04-09 12:11:34.454000',_binary '',330,6),(507,'2024-04-09 12:11:34.455000','2024-04-09 12:11:34.455000',_binary '',330,19),(508,'2024-04-09 12:11:34.457000','2024-04-09 12:11:34.457000',_binary '',330,21),(509,'2024-04-09 12:11:34.459000','2024-04-09 12:11:34.459000',_binary '',330,32),(510,'2024-04-09 12:12:27.456000','2024-04-09 12:12:27.456000',_binary '',331,1),(511,'2024-04-09 12:12:27.463000','2024-04-09 12:12:27.463000',_binary '',331,2),(512,'2024-04-09 12:12:27.467000','2024-04-09 12:12:27.467000',_binary '\0',331,3),(513,'2024-04-09 12:12:27.471000','2024-04-09 12:12:27.471000',_binary '',331,4),(514,'2024-04-09 12:12:27.481000','2024-04-09 12:12:27.481000',_binary '',331,6),(515,'2024-04-09 12:12:27.487000','2024-04-09 12:12:27.487000',_binary '',331,19),(516,'2024-04-09 12:12:27.489000','2024-04-09 12:12:27.489000',_binary '',331,21),(517,'2024-04-09 12:12:27.491000','2024-04-09 12:12:27.491000',_binary '',331,32),(518,'2024-04-09 12:14:56.911000','2024-04-09 12:14:56.911000',_binary '',332,1),(519,'2024-04-09 12:14:56.927000','2024-04-09 12:14:56.927000',_binary '',332,2),(520,'2024-04-09 12:14:56.935000','2024-04-09 12:14:56.935000',_binary '',332,3),(521,'2024-04-09 12:14:56.943000','2024-04-09 12:14:56.943000',_binary '',332,4),(522,'2024-04-09 12:14:56.961000','2024-04-09 12:14:56.961000',_binary '',332,6),(523,'2024-04-09 12:14:56.967000','2024-04-09 12:14:56.967000',_binary '',332,19),(524,'2024-04-09 12:14:56.970000','2024-04-09 12:14:56.970000',_binary '',332,21),(525,'2024-04-09 12:14:56.972000','2024-04-09 12:14:56.972000',_binary '',332,32),(526,'2024-04-09 12:15:00.396000','2024-04-09 12:15:00.396000',_binary '',333,1),(527,'2024-04-09 12:15:00.423000','2024-04-09 12:15:00.423000',_binary '\0',333,2),(528,'2024-04-09 12:15:00.425000','2024-04-09 12:15:00.425000',_binary '',333,3),(529,'2024-04-09 12:15:00.426000','2024-04-09 12:15:00.426000',_binary '',333,4),(530,'2024-04-09 12:15:00.426000','2024-04-09 12:15:00.426000',_binary '',333,6),(531,'2024-04-09 12:15:00.428000','2024-04-09 12:15:00.428000',_binary '',333,19),(532,'2024-04-09 12:15:00.429000','2024-04-09 12:15:00.429000',_binary '',333,21),(533,'2024-04-09 12:15:00.430000','2024-04-09 12:15:00.430000',_binary '',333,32),(534,'2024-04-09 12:15:51.823000','2024-04-09 12:15:51.823000',_binary '',334,1),(535,'2024-04-09 12:15:51.833000','2024-04-09 12:15:51.833000',_binary '',334,2),(536,'2024-04-09 12:15:51.839000','2024-04-09 12:15:51.839000',_binary '',334,3),(537,'2024-04-09 12:15:51.847000','2024-04-09 12:15:51.847000',_binary '',334,4),(538,'2024-04-09 12:15:51.856000','2024-04-09 12:15:51.856000',_binary '',334,6),(539,'2024-04-09 12:28:29.872000','2024-04-09 12:28:29.872000',_binary '',340,1),(540,'2024-04-09 12:28:29.880000','2024-04-09 12:28:29.881000',_binary '',340,2),(541,'2024-04-09 12:28:29.887000','2024-04-09 12:28:29.887000',_binary '',340,3),(542,'2024-04-09 12:28:29.894000','2024-04-09 12:28:29.894000',_binary '',340,4),(543,'2024-04-09 12:28:29.899000','2024-04-09 12:28:29.899000',_binary '',340,6),(544,'2024-04-09 12:28:29.914000','2024-04-09 12:28:29.914000',_binary '',340,19),(545,'2024-04-09 12:28:29.923000','2024-04-09 12:28:29.923000',_binary '',340,21),(546,'2024-04-09 12:28:29.926000','2024-04-09 12:28:29.926000',_binary '',340,32),(547,'2024-04-09 12:28:29.927000','2024-04-09 12:28:29.927000',_binary '',340,48),(548,'2024-04-09 13:49:06.719000','2024-04-09 13:49:06.719000',_binary '',342,1),(549,'2024-04-09 13:49:06.730000','2024-04-09 13:49:06.730000',_binary '',342,2),(550,'2024-04-09 13:49:06.733000','2024-04-09 13:49:06.733000',_binary '',342,3),(551,'2024-04-09 13:49:06.738000','2024-04-09 13:49:06.738000',_binary '',342,4),(552,'2024-04-09 13:49:06.740000','2024-04-09 13:49:06.740000',_binary '',342,6),(553,'2024-04-09 13:49:06.747000','2024-04-09 13:49:06.747000',_binary '',342,19),(554,'2024-04-09 13:49:06.748000','2024-04-09 13:49:06.748000',_binary '',342,21),(555,'2024-04-09 13:49:06.750000','2024-04-09 13:49:06.750000',_binary '',342,32),(556,'2024-04-09 13:49:08.702000','2024-04-09 13:49:08.702000',_binary '',343,3),(557,'2024-04-09 13:49:08.710000','2024-04-09 13:49:08.710000',_binary '',343,4),(558,'2024-04-09 13:49:08.719000','2024-04-09 13:49:08.719000',_binary '',343,6),(559,'2024-04-09 21:39:53.554872','2024-04-09 21:39:53.554881',_binary '',419,1),(560,'2024-04-09 21:39:53.611780','2024-04-09 21:39:53.611789',_binary '',419,3),(561,'2024-04-09 21:39:53.614166','2024-04-09 21:39:53.614171',_binary '',419,4),(562,'2024-04-09 21:39:53.616193','2024-04-09 21:39:53.616198',_binary '',419,6),(563,'2024-04-09 21:39:53.619314','2024-04-09 21:39:53.619324',_binary '',419,19),(564,'2024-04-09 21:39:53.624522','2024-04-09 21:39:53.624526',_binary '',419,21),(565,'2024-04-09 21:39:53.626032','2024-04-09 21:39:53.626035',_binary '\0',419,32),(566,'2024-04-09 21:39:53.627709','2024-04-09 21:39:53.627713',_binary '',419,48),(567,'2024-04-09 21:39:53.629647','2024-04-09 21:39:53.629652',_binary '',419,60),(568,'2024-04-09 21:49:28.248576','2024-04-09 21:49:28.248586',_binary '',420,1),(569,'2024-04-09 21:49:28.255215','2024-04-09 21:49:28.255220',_binary '',420,2),(570,'2024-04-09 21:49:28.256852','2024-04-09 21:49:28.256854',_binary '\0',420,3),(571,'2024-04-09 21:49:28.258328','2024-04-09 21:49:28.258331',_binary '',420,4),(572,'2024-04-09 21:49:28.259561','2024-04-09 21:49:28.259564',_binary '',420,6),(573,'2024-04-09 23:21:25.087497','2024-04-09 23:21:25.087519',_binary '',423,4),(574,'2024-04-09 23:21:25.098840','2024-04-09 23:21:25.098847',_binary '',423,6),(575,'2024-04-09 23:21:25.102885','2024-04-09 23:21:25.102890',_binary '',423,60),(576,'2024-04-09 23:21:25.106182','2024-04-09 23:21:25.106231',_binary '',423,62),(577,'2024-04-09 23:22:33.633598','2024-04-09 23:22:33.633614',_binary '',424,1),(578,'2024-04-09 23:22:33.641921','2024-04-09 23:22:33.641926',_binary '\0',424,3),(579,'2024-04-09 23:22:33.646098','2024-04-09 23:22:33.646106',_binary '',424,4),(580,'2024-04-09 23:22:33.649087','2024-04-09 23:22:33.649094',_binary '',424,6),(581,'2024-04-09 23:22:33.663516','2024-04-09 23:22:33.663524',_binary '',424,19),(582,'2024-04-09 23:22:33.665683','2024-04-09 23:22:33.665688',_binary '',424,21),(583,'2024-04-09 23:22:33.667706','2024-04-09 23:22:33.667712',_binary '\0',424,32),(584,'2024-04-09 23:22:33.670106','2024-04-09 23:22:33.670113',_binary '',424,48),(585,'2024-04-09 23:22:33.673797','2024-04-09 23:22:33.673804',_binary '',424,60),(586,'2024-04-10 00:15:30.482602','2024-04-10 00:15:30.482611',_binary '',443,2),(587,'2024-04-10 00:15:30.487500','2024-04-10 00:15:30.487504',_binary '\0',443,3),(588,'2024-04-10 00:15:30.487319','2024-04-10 00:15:30.487324',_binary '',442,1),(589,'2024-04-10 00:15:30.488847','2024-04-10 00:15:30.488850',_binary '',443,4),(590,'2024-04-10 00:15:30.489593','2024-04-10 00:15:30.489596',_binary '',442,2),(591,'2024-04-10 00:15:30.490090','2024-04-10 00:15:30.490093',_binary '',443,6),(592,'2024-04-10 00:15:30.490807','2024-04-10 00:15:30.490809',_binary '',442,3),(593,'2024-04-10 00:15:30.492088','2024-04-10 00:15:30.492091',_binary '',442,4),(594,'2024-04-10 00:15:30.493282','2024-04-10 00:15:30.493285',_binary '',442,6),(595,'2024-04-10 00:15:30.495599','2024-04-10 00:15:30.495601',_binary '',442,19),(596,'2024-04-10 00:25:53.675077','2024-04-10 00:25:53.675088',_binary '',444,4),(597,'2024-04-10 00:25:53.688308','2024-04-10 00:25:53.688314',_binary '',444,6),(598,'2024-04-10 00:25:53.700155','2024-04-10 00:25:53.700160',_binary '',445,1),(599,'2024-04-10 00:25:53.703036','2024-04-10 00:25:53.703040',_binary '',445,2),(600,'2024-04-10 00:25:53.705125','2024-04-10 00:25:53.705129',_binary '',445,3),(601,'2024-04-10 00:25:53.706179','2024-04-10 00:25:53.706182',_binary '',445,4),(602,'2024-04-10 00:25:53.707250','2024-04-10 00:25:53.707254',_binary '',445,6),(603,'2024-04-10 00:25:53.709925','2024-04-10 00:25:53.709929',_binary '',445,19),(604,'2024-04-10 00:25:53.711183','2024-04-10 00:25:53.711187',_binary '',445,21),(605,'2024-04-10 00:25:53.712255','2024-04-10 00:25:53.712258',_binary '\0',445,32),(606,'2024-04-10 12:09:57.887307','2024-04-10 12:09:57.887329',_binary '\0',446,3),(607,'2024-04-10 12:09:57.944573','2024-04-10 12:09:57.944587',_binary '',446,4),(608,'2024-04-10 12:09:57.947704','2024-04-10 12:09:57.947707',_binary '',446,6),(609,'2024-04-10 12:09:57.978105','2024-04-10 12:09:57.978115',_binary '',447,6),(610,'2024-04-10 12:09:57.986961','2024-04-10 12:09:57.986964',_binary '\0',447,32),(611,'2024-04-10 12:09:57.988635','2024-04-10 12:09:57.988640',_binary '',447,48),(612,'2024-04-10 13:34:50.829788','2024-04-10 13:34:50.829807',_binary '',450,1),(613,'2024-04-10 13:34:50.848810','2024-04-10 13:34:50.848822',_binary '',450,4),(614,'2024-04-10 13:34:50.857170','2024-04-10 13:34:50.857175',_binary '',450,6),(615,'2024-04-10 13:34:50.865841','2024-04-10 13:34:50.865846',_binary '',450,19),(616,'2024-04-10 13:34:50.868391','2024-04-10 13:34:50.868396',_binary '',450,21),(617,'2024-05-05 14:37:50.831630','2024-05-05 14:37:50.831642',_binary '\0',451,1),(618,'2024-05-05 14:37:50.845291','2024-05-05 14:37:50.845298',_binary '\0',451,2),(619,'2024-05-05 14:37:50.847613','2024-05-05 14:37:50.847618',_binary '',451,3),(620,'2024-05-05 14:37:50.851136','2024-05-05 14:37:50.851141',_binary '',451,4),(621,'2024-05-05 14:37:50.853393','2024-05-05 14:37:50.853398',_binary '',451,6),(622,'2024-05-05 14:40:21.398178','2024-05-05 14:40:21.398193',_binary '',452,1),(623,'2024-05-05 14:40:21.403166','2024-05-05 14:40:21.403172',_binary '',452,2),(624,'2024-05-05 14:40:21.405983','2024-05-05 14:40:21.405988',_binary '',452,3),(625,'2024-05-05 14:40:21.408605','2024-05-05 14:40:21.408616',_binary '',452,4),(626,'2024-05-05 14:40:21.413225','2024-05-05 14:40:21.413231',_binary '',452,6),(627,'2024-05-05 14:40:21.418820','2024-05-05 14:40:21.418825',_binary '',452,19),(628,'2024-05-05 14:40:21.421498','2024-05-05 14:40:21.421502',_binary '',452,21),(629,'2024-05-05 14:40:21.423992','2024-05-05 14:40:21.423997',_binary '\0',452,32),(630,'2024-05-05 14:40:21.425806','2024-05-05 14:40:21.425812',_binary '',452,48),(631,'2024-05-05 14:40:21.428591','2024-05-05 14:40:21.428596',_binary '\0',452,59),(632,'2024-05-07 00:51:10.313896','2024-05-07 00:51:10.313916',_binary '\0',453,1),(633,'2024-05-07 00:51:10.324715','2024-05-07 00:51:10.324726',_binary '',453,2),(634,'2024-05-07 00:51:10.327590','2024-05-07 00:51:10.327601',_binary '',453,3),(635,'2024-05-07 00:51:10.330199','2024-05-07 00:51:10.330209',_binary '',453,4),(636,'2024-05-07 00:51:10.343636','2024-05-07 00:51:10.343653',_binary '',453,6),(637,'2024-05-11 22:31:52.647941','2024-05-11 22:31:52.647962',_binary '',454,63),(638,'2024-05-11 22:31:52.665711','2024-05-11 22:31:52.665859',_binary '\0',454,64),(639,'2024-05-11 22:31:52.672009','2024-05-11 22:31:52.672018',_binary '',454,65),(640,'2024-05-11 22:31:52.677506','2024-05-11 22:31:52.677517',_binary '',454,66),(641,'2024-05-11 22:31:52.683534','2024-05-11 22:31:52.683544',_binary '',454,67),(642,'2024-05-11 22:31:52.690320','2024-05-11 22:31:52.690333',_binary '',454,68),(643,'2024-05-11 22:31:52.697033','2024-05-11 22:31:52.697045',_binary '',454,69),(644,'2024-05-11 22:31:52.704202','2024-05-11 22:31:52.704214',_binary '',454,70),(645,'2024-05-11 22:31:52.710594','2024-05-11 22:31:52.710601',_binary '',454,71),(646,'2024-05-11 22:31:52.718283','2024-05-11 22:31:52.718293',_binary '',454,72),(647,'2024-05-11 22:31:52.723929','2024-05-11 22:31:52.723941',_binary '',454,73),(648,'2024-05-11 22:31:52.729677','2024-05-11 22:31:52.729687',_binary '',454,74),(649,'2024-05-11 22:31:52.734647','2024-05-11 22:31:52.734656',_binary '\0',454,76),(650,'2024-05-11 22:31:52.739459','2024-05-11 22:31:52.739469',_binary '\0',454,77),(651,'2024-05-12 00:26:44.938625','2024-05-12 00:26:44.938649',_binary '',455,63),(652,'2024-05-12 00:26:44.950989','2024-05-12 00:26:44.951256',_binary '',455,64),(653,'2024-05-12 00:26:44.957676','2024-05-12 00:26:44.957686',_binary '',455,65),(654,'2024-05-12 00:26:44.962574','2024-05-12 00:26:44.962583',_binary '',455,66),(655,'2024-05-12 00:26:44.967358','2024-05-12 00:26:44.967366',_binary '',455,67),(656,'2024-05-12 00:26:44.972798','2024-05-12 00:26:44.972810',_binary '',455,68),(657,'2024-05-12 00:26:44.977867','2024-05-12 00:26:44.977876',_binary '',455,69),(658,'2024-05-12 00:26:44.987288','2024-05-12 00:26:44.987306',_binary '',455,70),(659,'2024-05-12 00:26:44.993645','2024-05-12 00:26:44.993664',_binary '',455,71),(660,'2024-05-12 00:26:44.999188','2024-05-12 00:26:44.999200',_binary '',455,72),(661,'2024-05-12 00:26:45.004490','2024-05-12 00:26:45.004501',_binary '',455,73),(662,'2024-05-12 00:26:45.010440','2024-05-12 00:26:45.010453',_binary '',455,74),(663,'2024-05-12 00:26:45.019246','2024-05-12 00:26:45.019260',_binary '',455,75),(664,'2024-05-12 00:26:45.035987','2024-05-12 00:26:45.036003',_binary '',455,76),(665,'2024-05-12 00:26:45.050489','2024-05-12 00:26:45.050538',_binary '',455,77),(666,'2024-05-12 01:11:23.780903','2024-05-12 01:11:23.780921',_binary '',456,78),(667,'2024-05-12 01:11:23.795975','2024-05-12 01:11:23.795985',_binary '',456,79),(668,'2024-05-12 01:11:23.807613','2024-05-12 01:11:23.807624',_binary '',456,80),(669,'2024-05-12 01:11:23.812459','2024-05-12 01:11:23.812468',_binary '',456,81),(670,'2024-05-12 01:11:23.818508','2024-05-12 01:11:23.818515',_binary '',456,82),(671,'2024-05-12 01:11:23.823156','2024-05-12 01:11:23.823163',_binary '',456,83),(672,'2024-05-12 01:11:23.841183','2024-05-12 01:11:23.841193',_binary '',456,84),(673,'2024-05-12 01:11:23.852120','2024-05-12 01:11:23.852128',_binary '',456,85),(674,'2024-05-12 01:11:23.857849','2024-05-12 01:11:23.857861',_binary '\0',456,86),(675,'2024-05-12 01:11:23.864720','2024-05-12 01:11:23.864727',_binary '',456,87),(676,'2024-05-12 01:16:51.668092','2024-05-12 01:16:51.668103',_binary '',457,1),(677,'2024-05-12 01:16:51.673121','2024-05-12 01:16:51.673130',_binary '',457,2),(678,'2024-05-12 01:16:51.677327','2024-05-12 01:16:51.677335',_binary '',457,3),(679,'2024-05-12 01:16:51.682195','2024-05-12 01:16:51.682204',_binary '',457,4),(680,'2024-05-12 01:16:51.686850','2024-05-12 01:16:51.686858',_binary '',457,6),(681,'2024-05-12 01:30:45.363304','2024-05-12 01:30:45.363315',_binary '',458,1),(682,'2024-05-12 01:30:45.370245','2024-05-12 01:30:45.370257',_binary '',458,2),(683,'2024-05-12 01:30:45.377840','2024-05-12 01:30:45.377855',_binary '',458,3),(684,'2024-05-12 01:30:45.384614','2024-05-12 01:30:45.384623',_binary '',458,4),(685,'2024-05-12 01:30:45.388998','2024-05-12 01:30:45.389006',_binary '',458,6),(686,'2024-05-12 01:30:45.398887','2024-05-12 01:30:45.398895',_binary '',458,19),(687,'2024-05-12 01:30:45.402990','2024-05-12 01:30:45.402997',_binary '',458,21),(688,'2024-05-12 01:30:45.407809','2024-05-12 01:30:45.407817',_binary '\0',458,32),(689,'2024-05-12 01:30:45.418516','2024-05-12 01:30:45.418529',_binary '',458,48),(690,'2024-05-12 01:30:45.425695','2024-05-12 01:30:45.425719',_binary '\0',458,59),(691,'2024-05-12 16:28:22.317925','2024-05-12 16:28:22.317948',_binary '',459,78),(692,'2024-05-12 16:28:22.338695','2024-05-12 16:28:22.338713',_binary '',459,79),(693,'2024-05-12 16:28:22.351507','2024-05-12 16:28:22.351519',_binary '',459,80),(694,'2024-05-12 16:28:22.359317','2024-05-12 16:28:22.359333',_binary '\0',459,81),(695,'2024-05-12 16:28:22.364910','2024-05-12 16:28:22.364975',_binary '',459,82),(696,'2024-05-12 16:28:22.374047','2024-05-12 16:28:22.374229',_binary '',459,83),(697,'2024-05-12 16:28:22.388090','2024-05-12 16:28:22.388104',_binary '',459,84),(698,'2024-05-12 16:28:22.398355','2024-05-12 16:28:22.398367',_binary '',459,85),(699,'2024-05-12 16:28:22.403401','2024-05-12 16:28:22.403411',_binary '\0',459,86),(700,'2024-05-13 09:44:34.647514','2024-05-13 09:44:34.647535',_binary '',460,63),(701,'2024-05-13 09:44:34.659983','2024-05-13 09:44:34.659995',_binary '',460,64),(702,'2024-05-13 09:44:34.666845','2024-05-13 09:44:34.666856',_binary '',460,65),(703,'2024-05-13 09:44:34.671905','2024-05-13 09:44:34.671913',_binary '',460,66),(704,'2024-05-13 09:44:34.676565','2024-05-13 09:44:34.676572',_binary '',460,67),(705,'2024-05-13 09:44:34.680712','2024-05-13 09:44:34.680722',_binary '',460,68),(706,'2024-05-13 09:44:34.685469','2024-05-13 09:44:34.685479',_binary '',460,69),(707,'2024-05-13 09:44:34.691083','2024-05-13 09:44:34.691093',_binary '',460,70),(708,'2024-05-13 09:44:34.695878','2024-05-13 09:44:34.695886',_binary '',460,71),(709,'2024-05-13 09:44:34.705680','2024-05-13 09:44:34.705693',_binary '',460,72),(710,'2024-05-13 09:44:34.714089','2024-05-13 09:44:34.714099',_binary '',460,73),(711,'2024-05-13 09:44:34.718432','2024-05-13 09:44:34.718440',_binary '',460,74),(712,'2024-05-13 09:44:34.722692','2024-05-13 09:44:34.722702',_binary '',460,75),(713,'2024-05-13 09:44:34.733128','2024-05-13 09:44:34.733135',_binary '\0',460,76),(714,'2024-05-13 09:44:34.738435','2024-05-13 09:44:34.738444',_binary '',460,77),(715,'2024-05-13 09:52:14.377028','2024-05-13 09:52:14.377052',_binary '',461,1),(716,'2024-05-13 09:52:14.385970','2024-05-13 09:52:14.385980',_binary '',461,2),(717,'2024-05-13 09:52:14.390686','2024-05-13 09:52:14.390694',_binary '',461,3),(718,'2024-05-13 09:52:14.395241','2024-05-13 09:52:14.395252',_binary '',461,4),(719,'2024-05-13 09:52:14.399914','2024-05-13 09:52:14.399924',_binary '',461,6),(720,'2024-05-13 09:52:14.409058','2024-05-13 09:52:14.409066',_binary '',461,19),(721,'2024-05-13 15:52:53.539112','2024-05-13 15:52:53.539136',_binary '',474,1),(722,'2024-05-13 15:52:53.558203','2024-05-13 15:52:53.558217',_binary '',474,2),(723,'2024-05-13 15:52:53.564862','2024-05-13 15:52:53.564879',_binary '',474,3),(724,'2024-05-13 15:52:53.570769','2024-05-13 15:52:53.570782',_binary '',474,6),(725,'2024-05-13 15:55:25.166388','2024-05-13 15:55:25.166403',_binary '',475,6),(726,'2024-05-14 01:34:39.948627','2024-05-14 01:34:39.948649',_binary '',477,2),(727,'2024-05-14 01:34:39.957732','2024-05-14 01:34:39.957743',_binary '',477,3),(728,'2024-05-14 01:34:39.962596','2024-05-14 01:34:39.962606',_binary '',477,4),(729,'2024-05-14 01:34:39.967297','2024-05-14 01:34:39.967305',_binary '',477,6),(730,'2024-05-14 01:34:40.513346','2024-05-14 01:34:40.513357',_binary '',478,4),(731,'2024-05-14 01:34:40.521716','2024-05-14 01:34:40.521728',_binary '',478,6),(732,'2024-05-14 12:44:46.418171','2024-05-14 12:44:46.418196',_binary '',479,1),(733,'2024-05-14 12:44:46.433208','2024-05-14 12:44:46.433222',_binary '',479,2),(734,'2024-05-14 12:44:46.439791','2024-05-14 12:44:46.439807',_binary '',479,6),(735,'2024-05-14 18:22:20.722602','2024-05-14 18:22:20.722628',_binary '',484,1),(736,'2024-05-14 18:22:20.735634','2024-05-14 18:22:20.735672',_binary '',484,2),(737,'2024-05-14 18:22:20.741085','2024-05-14 18:22:20.741098',_binary '',484,3),(738,'2024-05-14 18:22:20.746019','2024-05-14 18:22:20.746035',_binary '',484,4),(739,'2024-05-14 18:22:20.757474','2024-05-14 18:22:20.757491',_binary '',484,6),(740,'2024-05-14 18:28:17.243575','2024-05-14 18:28:17.243630',_binary '',485,3),(741,'2024-05-14 18:28:17.252348','2024-05-14 18:28:17.252359',_binary '',485,6),(742,'2024-05-14 18:28:17.921081','2024-05-14 18:28:17.921092',_binary '',486,2),(743,'2024-05-14 18:28:17.925948','2024-05-14 18:28:17.925957',_binary '',486,3),(744,'2024-05-14 18:28:17.933308','2024-05-14 18:28:17.933319',_binary '\0',486,4),(745,'2024-05-14 18:28:17.939457','2024-05-14 18:28:17.939470',_binary '',486,6),(746,'2024-05-14 18:28:18.327144','2024-05-14 18:28:18.327155',_binary '\0',488,6),(747,'2024-05-14 18:28:18.331095','2024-05-14 18:28:18.331104',_binary '',487,1),(748,'2024-05-14 18:28:18.335759','2024-05-14 18:28:18.335769',_binary '',487,2),(749,'2024-05-14 18:28:18.339944','2024-05-14 18:28:18.339952',_binary '',487,3),(750,'2024-05-14 18:28:18.344204','2024-05-14 18:28:18.344211',_binary '',487,4),(751,'2024-05-14 18:28:18.348540','2024-05-14 18:28:18.348549',_binary '',487,6),(752,'2024-05-14 19:08:24.250647','2024-05-14 19:08:24.250666',_binary '',492,1),(753,'2024-05-14 19:08:24.257632','2024-05-14 19:08:24.257642',_binary '',492,2),(754,'2024-05-14 19:08:24.270990','2024-05-14 19:08:24.271005',_binary '',492,3),(755,'2024-05-14 19:08:24.280919','2024-05-14 19:08:24.280930',_binary '',492,4),(756,'2024-05-14 19:08:24.289610','2024-05-14 19:08:24.289624',_binary '',492,6),(757,'2024-05-15 20:00:58.605420','2024-05-15 20:00:58.605438',_binary '',494,1),(758,'2024-05-15 20:00:58.614989','2024-05-15 20:00:58.615000',_binary '\0',494,2),(759,'2024-05-15 20:00:58.620286','2024-05-15 20:00:58.620295',_binary '',494,6),(760,'2024-05-15 20:05:03.909781','2024-05-15 20:05:03.909794',_binary '',495,1),(761,'2024-05-15 20:05:03.914933','2024-05-15 20:05:03.914942',_binary '',495,2),(762,'2024-05-15 20:05:03.921327','2024-05-15 20:05:03.921336',_binary '',495,3),(763,'2024-05-15 20:05:03.925932','2024-05-15 20:05:03.926037',_binary '\0',495,4),(764,'2024-05-15 20:05:03.931612','2024-05-15 20:05:03.931620',_binary '',495,6),(765,'2024-05-15 20:05:03.940549','2024-05-15 20:05:03.940563',_binary '',495,19),(766,'2024-05-15 20:05:03.944599','2024-05-15 20:05:03.944627',_binary '',495,21),(767,'2024-05-15 20:05:03.948671','2024-05-15 20:05:03.948677',_binary '\0',495,32),(768,'2024-05-15 20:06:55.205003','2024-05-15 20:06:55.205020',_binary '',496,1),(769,'2024-05-15 20:06:55.211369','2024-05-15 20:06:55.211378',_binary '',496,2),(770,'2024-05-15 20:06:55.216189','2024-05-15 20:06:55.216197',_binary '',496,3),(771,'2024-05-15 20:06:55.220657','2024-05-15 20:06:55.220666',_binary '',496,4),(772,'2024-05-15 20:06:55.225240','2024-05-15 20:06:55.225253',_binary '',496,6),(773,'2024-05-15 20:06:56.206010','2024-05-15 20:06:56.206022',_binary '',497,4),(774,'2024-05-15 20:06:56.213249','2024-05-15 20:06:56.213259',_binary '\0',497,6),(775,'2024-05-15 20:16:45.038827','2024-05-15 20:16:45.038838',_binary '',498,78),(776,'2024-05-15 20:16:45.049040','2024-05-15 20:16:45.049053',_binary '',498,79),(777,'2024-05-15 21:43:10.290630','2024-05-15 21:43:10.290645',_binary '',499,78),(778,'2024-05-15 21:43:10.305120','2024-05-15 21:43:10.305129',_binary '',499,79),(779,'2024-05-15 21:50:39.739449','2024-05-15 21:50:39.739470',_binary '',500,1),(780,'2024-05-15 21:50:39.746143','2024-05-15 21:50:39.746147',_binary '\0',500,2),(781,'2024-05-15 21:50:39.750867','2024-05-15 21:50:39.750870',_binary '',500,3),(782,'2024-05-15 21:50:39.756062','2024-05-15 21:50:39.756066',_binary '',500,4),(783,'2024-05-15 21:50:39.760728','2024-05-15 21:50:39.760732',_binary '',500,6),(784,'2024-05-15 21:50:39.769474','2024-05-15 21:50:39.769478',_binary '\0',500,19),(785,'2024-05-15 21:50:39.858262','2024-05-15 21:50:39.858265',_binary '',501,1),(786,'2024-05-15 21:50:39.863269','2024-05-15 21:50:39.863271',_binary '',501,2),(787,'2024-05-15 21:50:39.867890','2024-05-15 21:50:39.867892',_binary '',501,3),(788,'2024-05-15 21:50:39.872339','2024-05-15 21:50:39.872342',_binary '',501,4),(789,'2024-05-15 21:50:39.876707','2024-05-15 21:50:39.876709',_binary '',501,6),(790,'2024-05-15 21:50:39.885563','2024-05-15 21:50:39.885568',_binary '',501,19),(791,'2024-05-15 21:50:39.914850','2024-05-15 21:50:39.914855',_binary '',502,1),(792,'2024-05-15 21:50:39.920484','2024-05-15 21:50:39.920488',_binary '\0',502,2),(793,'2024-05-15 21:50:39.924927','2024-05-15 21:50:39.924930',_binary '',502,3),(794,'2024-05-15 21:50:39.948353','2024-05-15 21:50:39.948362',_binary '',502,4),(795,'2024-05-15 21:50:39.959636','2024-05-15 21:50:39.959642',_binary '\0',502,6),(796,'2024-05-15 21:50:39.969495','2024-05-15 21:50:39.969498',_binary '',502,19),(797,'2024-05-15 21:50:39.973971','2024-05-15 21:50:39.973973',_binary '',502,21);
/*!40000 ALTER TABLE `user_multiple_choice_challenge_question_response` ENABLE KEYS */;
UNLOCK TABLES;

--
-- Table structure for table `user_social_profile`
--

DROP TABLE IF EXISTS `user_social_profile`;
/*!40101 SET @saved_cs_client     = @@character_set_client */;
/*!50503 SET character_set_client = utf8mb4 */;
CREATE TABLE `user_social_profile` (
  `id` bigint NOT NULL AUTO_INCREMENT,
  `created_at` datetime(6) NOT NULL,
  `updated_at` datetime(6) NOT NULL,
  `discord_url` varchar(255) DEFAULT NULL,
  `github_url` varchar(255) DEFAULT NULL,
  `linked_in_url` varchar(255) DEFAULT NULL,
  `twitter_url` varchar(255) DEFAULT NULL,
  `student_user_id` bigint DEFAULT NULL,
  PRIMARY KEY (`id`),
  UNIQUE KEY `UK_7wy8anoowcfvwpcivgrs0v1fd` (`student_user_id`),
  CONSTRAINT `FKnr4mba15782rmkt7weew52uc3` FOREIGN KEY (`student_user_id`) REFERENCES `student_users` (`id`)
) ENGINE=InnoDB AUTO_INCREMENT=5 DEFAULT CHARSET=utf8mb3;
/*!40101 SET character_set_client = @saved_cs_client */;

--
-- Dumping data for table `user_social_profile`
--

LOCK TABLES `user_social_profile` WRITE;
/*!40000 ALTER TABLE `user_social_profile` DISABLE KEYS */;
INSERT INTO `user_social_profile` VALUES (3,'2024-03-30 17:38:41.982000','2024-03-30 17:47:45.332000',NULL,'https://github.com/josiaholatunde','https://www.linkedin.com/in/ogunboyejo-olatunde/','https://twitter.com/josiaholatunde1',13),(4,'2024-03-30 22:33:26.622000','2024-03-30 22:33:26.622000',NULL,NULL,'https://www.linkedin.com/in/ogunboyejo-olatunde/',NULL,1);
/*!40000 ALTER TABLE `user_social_profile` ENABLE KEYS */;
UNLOCK TABLES;

--
-- Table structure for table `users`
--

DROP TABLE IF EXISTS `users`;
/*!40101 SET @saved_cs_client     = @@character_set_client */;
/*!50503 SET character_set_client = utf8mb4 */;
CREATE TABLE `users` (
  `id` bigint NOT NULL AUTO_INCREMENT,
  `created_at` datetime(6) NOT NULL,
  `updated_at` datetime(6) NOT NULL,
  `is_active` bit(1) NOT NULL,
  `password` varchar(255) DEFAULT NULL,
  `role_type` enum('STUDENT_USER','ADMIN') DEFAULT NULL,
  `username` varchar(255) DEFAULT NULL,
  `student_user_id` bigint DEFAULT NULL,
  `auth_provider` varchar(255) DEFAULT NULL,
  PRIMARY KEY (`id`),
  UNIQUE KEY `UK_34x08ws2sl0qssrj1omdefudr` (`student_user_id`),
  CONSTRAINT `FKn6wxg5o7penk08w4yxf8bchpf` FOREIGN KEY (`student_user_id`) REFERENCES `student_users` (`id`)
) ENGINE=InnoDB AUTO_INCREMENT=29 DEFAULT CHARSET=utf8mb3;
/*!40101 SET character_set_client = @saved_cs_client */;

--
-- Dumping data for table `users`
--

LOCK TABLES `users` WRITE;
/*!40000 ALTER TABLE `users` DISABLE KEYS */;
INSERT INTO `users` VALUES (1,'2024-03-14 17:00:27.596000','2024-03-14 17:00:27.597000',_binary '','$2a$10$bcz6mIISLsxhvKxYs0W0AeQN27mwpaUwr1IgM4IHZbMu4ZUh1mBFO','ADMIN','admin@edulearn.ng',NULL,NULL),(2,'2024-03-14 17:02:12.636000','2024-03-14 17:02:12.636000',_binary '','$2a$10$1egsN1Zl.OX8b.l5C.vv6.itdeJVHlLe5/hNnvwqWtQMMPR.EjP6y','STUDENT_USER','ojo9@student.le.ac.uk',1,NULL),(3,'2024-03-14 18:06:07.687000','2024-03-14 18:06:07.687000',_binary '','$2a$10$Jb4i.XwMVxw9njAH9r.0uOt2xNYCcj6B4HOgI/Mgv2qviWyekCdhW','STUDENT_USER','darryb@student.le.ac.uk',2,NULL),(4,'2024-03-14 19:30:30.924000','2024-03-14 19:30:30.924000',_binary '','$2a$10$pNWI8Fb70rtkrCyTuo6grOLPrVqP4PDFY9O34iTgP8Z1f0j0IHt/q','STUDENT_USER','oreoluwa@student.le.ac.uk',3,NULL),(5,'2024-03-14 19:30:41.955000','2024-03-14 19:30:41.955000',_binary '','$2a$10$D6QmNUzTpx0TVLO6UB1rCepwZsXfkf344deqKUIrETgjOQYFOfUWK','STUDENT_USER','amanda@student.le.ac.uk',4,NULL),(6,'2024-03-14 19:30:56.175000','2024-03-14 19:30:56.175000',_binary '','$2a$10$.FbT/XbeWLMkuyTlGUa.n.QQtMxXMy5t6mr1AKDY1QVC9pRE6j.TO','STUDENT_USER','fife@student.le.ac.uk',5,NULL),(7,'2024-03-14 19:31:10.500000','2024-03-14 19:31:10.500000',_binary '','$2a$10$fLxtso6t3Vnh8vr3VoL/lOZyz3ujv30lAya/dRLmX//5Xe1bTVfQa','STUDENT_USER','jmande@student.le.ac.uk',6,NULL),(8,'2024-03-14 19:31:23.536000','2024-03-14 19:31:23.536000',_binary '','$2a$10$XZ6/2mwj8i/NW0ysa1wb7.ETfesUu0qsYCk/zMeBFMH.JPTbqlQbK','STUDENT_USER','frman@student.le.ac.uk',7,NULL),(9,'2024-03-14 19:31:43.230000','2024-03-14 19:31:43.230000',_binary '','$2a$10$tzsVejDeDGI0Fb5EnXnkZe.TnmutDodIqWUkre4/L.hw.FQi8NVLy','STUDENT_USER','pearl@student.le.ac.uk',8,NULL),(10,'2024-03-14 19:31:57.377000','2024-03-14 19:31:57.377000',_binary '','$2a$10$.pg0.8zZANHB8HKTIncAReiud0Pl/E1Tv./zB0Jzbo4Yj3bPCilkW','STUDENT_USER','loks@student.le.ac.uk',9,NULL),(11,'2024-03-14 19:32:14.058000','2024-03-14 19:32:14.058000',_binary '','$2a$10$aloblk.N.GiNXOBNOexEFO2Rb0ZsqeFmskSovVquDu9Sl5BRkfykS','STUDENT_USER','ceecee@student.le.ac.uk',10,NULL),(12,'2024-03-14 19:32:27.933000','2024-03-14 19:32:27.933000',_binary '','$2a$10$JVPpGuuEA8l/BuZxdt2RvuQYdP3CAxnv4xSbK7YoFiv8b7el6mlka','STUDENT_USER','tbajluxe@student.le.ac.uk',11,NULL),(13,'2024-03-19 07:06:29.206000','2024-03-19 07:06:29.206000',_binary '','$2a$10$pEwR2zBrpuQdKiKKbGm7TOaDGnOPjVtSLQKrzW8WehmBEjAegtK6W','STUDENT_USER','ifeayo@student.le.ac.uk',12,NULL),(14,'2024-03-19 11:05:06.590000','2024-03-19 11:05:06.590000',_binary '','$2a$10$Yoi2vKK8k/GybcilY1kchOKW5Tq7JG89qz28brbXvIyfod2QCv5xi','STUDENT_USER','olakunle@student.le.ac.uk',13,NULL),(15,'2024-03-21 05:35:02.420000','2024-03-21 05:35:02.421000',_binary '',NULL,'STUDENT_USER','olatundeoguns17@gmail.com',14,'GOOGLE'),(16,'2024-03-21 14:56:30.536000','2024-03-21 14:56:30.536000',_binary '',NULL,'STUDENT_USER','josiaholatunde17@gmail.com',15,'GOOGLE'),(17,'2024-04-08 16:54:38.586000','2024-04-08 16:54:38.586000',_binary '','$2a$10$0icL5DGc4zs/qXBPBUDareAfOvTzarh8dx2ZzeMIIpC7CV.6QGl3.','STUDENT_USER','mariam@student.le.ac.uk',16,NULL),(18,'2024-04-09 09:58:01.738000','2024-04-09 09:58:01.738000',_binary '','$2a$10$09fuIYZ8PAJU/A66Nxfv2Ox3tuKyWE/FrvCdd9V2we/33Wo4OM98u','STUDENT_USER','ifedolapo@student.le.ac.uk',17,NULL),(19,'2024-04-09 13:44:31.189000','2024-04-09 13:44:31.189000',_binary '','$2a$10$6FTxSrXeI/hKcITvFXd3sO64poVCPFpVr8F0RMivp.QZzqXO7XabK','STUDENT_USER','made@student.le.ac.uk',18,NULL),(20,'2024-05-12 01:15:04.526148','2024-05-12 01:15:04.526166',_binary '','$2a$10$kEAGfVXRgEeydyS3IE.WvO91iaQS3IDm4Xqkg5agQpygWTtendBgC','STUDENT_USER','anna@le.ac.uk',19,NULL),(21,'2024-05-13 09:42:05.846521','2024-05-13 09:42:05.846543',_binary '','$2a$10$l8kjSGv3o7ft8UYPrbzZKedWywYBkPOEXfnLCnl.vWg.GdTT3/guy','STUDENT_USER','fripona@student.le.ac.uk',20,NULL),(22,'2024-05-14 18:25:25.516502','2024-05-14 18:25:25.516519',_binary '','$2a$10$BeaJu367nHdJQyRC9xRNI.H1aGwVbb3blWNXJqWB8dfPQJIf.EI1u','STUDENT_USER','je188@student.le.ac.uk',21,NULL),(23,'2024-05-14 18:25:44.884402','2024-05-14 18:25:44.884417',_binary '','$2a$10$zKs5q3vbIrwLxLTZckaP5u6wMuHbtjybNnaPj6e5HNPciczEnIXE2','STUDENT_USER','pearlotoneks@gmail.com',22,NULL),(24,'2024-05-14 18:25:57.568989','2024-05-14 18:25:57.569003',_binary '','$2a$10$I9iW//5Re4vSMbWm7m5zxOqNVDdenuUoXFEDf7J8G4srJbKG9axVG','STUDENT_USER','elizabethemiola216@gmail.com',23,NULL),(25,'2024-05-15 20:03:14.398823','2024-05-15 20:03:14.398839',_binary '',NULL,'STUDENT_USER','bunmi.farinu@gmail.com',24,'GOOGLE'),(26,'2024-05-15 20:04:22.916055','2024-05-15 20:04:22.916068',_binary '','$2a$10$nySbOYokadpRCg0bV7cQC.0iS8RVsieVW9KZG2klXgBfgSnS9NUPe','STUDENT_USER','peruorogun@gmail.com',25,NULL),(27,'2024-05-15 21:44:40.036486','2024-05-15 21:44:40.036501',_binary '',NULL,'STUDENT_USER','jeddiahawuku12@gmail.com',26,'GOOGLE'),(28,'2024-05-15 21:44:48.870620','2024-05-15 21:44:48.870632',_binary '',NULL,'STUDENT_USER','ngalahd@gmail.com',27,'GOOGLE');
/*!40000 ALTER TABLE `users` ENABLE KEYS */;
UNLOCK TABLES;
SET @@SESSION.SQL_LOG_BIN = @MYSQLDUMP_TEMP_LOG_BIN;
/*!40103 SET TIME_ZONE=@OLD_TIME_ZONE */;

/*!40101 SET SQL_MODE=@OLD_SQL_MODE */;
/*!40014 SET FOREIGN_KEY_CHECKS=@OLD_FOREIGN_KEY_CHECKS */;
/*!40014 SET UNIQUE_CHECKS=@OLD_UNIQUE_CHECKS */;
/*!40101 SET CHARACTER_SET_CLIENT=@OLD_CHARACTER_SET_CLIENT */;
/*!40101 SET CHARACTER_SET_RESULTS=@OLD_CHARACTER_SET_RESULTS */;
/*!40101 SET COLLATION_CONNECTION=@OLD_COLLATION_CONNECTION */;
/*!40111 SET SQL_NOTES=@OLD_SQL_NOTES */;

-- Dump completed on 2024-05-17  1:44:47
